▲ Next.js 16.1.6 (Turbopack)
- Local:         http://localhost:3000
- Network:       http://192.168.86.37:3000
- Environments: .env.local
- Experiments (use with caution):
  ⨯ turbopackFileSystemCacheForDev

✓ Starting...
✓ Ready in 973ms
 GET /api/health 200 in 751ms (compile: 436ms, proxy.ts: 117ms, render: 199ms)
 GET /api/health 200 in 752ms (compile: 444ms, proxy.ts: 117ms, render: 191ms)
 GET /api/health 200 in 84ms (compile: 2ms, proxy.ts: 6ms, render: 76ms)
 GET / 200 in 1942ms (compile: 1653ms, proxy.ts: 117ms, render: 171ms)
 GET /api/health 200 in 261ms (compile: 7ms, proxy.ts: 6ms, render: 248ms)
 GET / 200 in 71ms (compile: 4ms, proxy.ts: 9ms, render: 58ms)
 GET /login 200 in 560ms (compile: 486ms, proxy.ts: 6ms, render: 69ms)
 GET /test-portfolio-donut 200 in 348ms (compile: 312ms, proxy.ts: 6ms, render: 31ms)
 GET /login 200 in 43ms (compile: 5ms, proxy.ts: 8ms, render: 31ms)
 GET /api/health 200 in 166ms (compile: 6ms, proxy.ts: 6ms, render: 154ms)
 GET /api/verify-milestone-markers 200 in 484ms (compile: 158ms, proxy.ts: 7ms, render: 319ms)
 GET /api/goals 401 in 206ms (compile: 152ms, proxy.ts: 7ms, render: 47ms)
 GET /test-milestone-markers 200 in 404ms (compile: 363ms, proxy.ts: 4ms, render: 37ms)
 GET /api/verify-goal-progress-bar 200 in 494ms (compile: 124ms, proxy.ts: 4ms, render: 367ms)
 GET /test-goal-progress-bar 200 in 331ms (compile: 290ms, proxy.ts: 5ms, render: 36ms)
 GET /test-goal-progress-bar 200 in 41ms (compile: 4ms, proxy.ts: 6ms, render: 30ms)
 GET /api/goals 401 in 25ms (compile: 3ms, proxy.ts: 4ms, render: 18ms)
 GET /api/verify-goal-progress-bar 200 in 264ms (compile: 4ms, proxy.ts: 4ms, render: 256ms)
⨯ Error: ENOENT: no such file or directory, open 'C:\Users\janpa\cd\development\fin\.next\dev\server\app\api\health\[__metadata_id__]\route\app-paths-manifest.json'
    at ignore-listed frames {
  errno: -4058,
  code: 'ENOENT',
  syscall: 'open',
  path: 'C:\\Users\\janpa\\cd\\development\\fin\\.next\\dev\\server\\app\\api\\health\\[__metadata_id__]\\route\\app-paths-manifest.json'
}
⨯ Error: ENOENT: no such file or directory, open 'C:\Users\janpa\cd\development\fin\.next\dev\static\development\_buildManifest.js.tmp.pfton921ap'
    at ignore-listed frames {
  errno: -4058,
  code: 'ENOENT',
  syscall: 'open',
  path: 'C:\\Users\\janpa\\cd\\development\\fin\\.next\\dev\\static\\development\\_buildManifest.js.tmp.pfton921ap'
}
Error: ENOENT: no such file or directory, open 'C:\Users\janpa\cd\development\fin\.next\dev\server\app\api\health\[__metadata_id__]\route\app-paths-manifest.json'
    at ignore-listed frames {
  errno: -4058,
  code: 'ENOENT',
  syscall: 'open',
  path: 'C:\\Users\\janpa\\cd\\development\\fin\\.next\\dev\\server\\app\\api\\health\\[__metadata_id__]\\route\\app-paths-manifest.json'
}
⨯ Error: Cannot find module '../chunks/ssr/[turbopack]_runtime.js'
Require stack:
- C:\Users\janpa\cd\development\fin\.next\dev\server\pages\_document.js
- C:\Users\janpa\cd\development\fin\node_modules\next\dist\server\require.js
- C:\Users\janpa\cd\development\fin\node_modules\next\dist\server\load-components.js
- C:\Users\janpa\cd\development\fin\node_modules\next\dist\build\utils.js
- C:\Users\janpa\cd\development\fin\node_modules\next\dist\build\swc\options.js
- C:\Users\janpa\cd\development\fin\node_modules\next\dist\build\swc\index.js
- C:\Users\janpa\cd\development\fin\node_modules\next\dist\build\next-config-ts\transpile-config.js
- C:\Users\janpa\cd\development\fin\node_modules\next\dist\server\config.js
- C:\Users\janpa\cd\development\fin\node_modules\next\dist\server\next.js
- C:\Users\janpa\cd\development\fin\node_modules\next\dist\server\lib\start-server.js
    at Object.<anonymous> (C:\Users\janpa\cd\development\fin\.next\dev\server\pages\_document.js:1:7) {
  code: 'MODULE_NOT_FOUND',
  requireStack: [Array]
}
Error: ENOENT: no such file or directory, open 'C:\Users\janpa\cd\development\fin\.next\dev\routes-manifest.json'
    at ignore-listed frames {
  errno: -4058,
  code: 'ENOENT',
  syscall: 'open',
  path: 'C:\\Users\\janpa\\cd\\development\\fin\\.next\\dev\\routes-manifest.json'
}
 GET /api/health 500 in 938ms (compile: 911ms, proxy.ts: 8ms, render: 19ms)
 GET /api/health 500 in 938ms (compile: 911ms, proxy.ts: 8ms, render: 19ms)
⨯ Error: ENOENT: no such file or directory, open 'C:\Users\janpa\cd\development\fin\.next\dev\server\app\api\health\[__metadata_id__]\route\app-paths-manifest.json'
    at ignore-listed frames {
  errno: -4058,
  code: 'ENOENT',
  syscall: 'open',
  path: 'C:\\Users\\janpa\\cd\\development\\fin\\.next\\dev\\server\\app\\api\\health\\[__metadata_id__]\\route\\app-paths-manifest.json'
}
⨯ Error: Cannot find module '../chunks/ssr/[turbopack]_runtime.js'
Require stack:
- C:\Users\janpa\cd\development\fin\.next\dev\server\pages\_document.js
- C:\Users\janpa\cd\development\fin\node_modules\next\dist\server\require.js
- C:\Users\janpa\cd\development\fin\node_modules\next\dist\server\load-components.js
- C:\Users\janpa\cd\development\fin\node_modules\next\dist\build\utils.js
- C:\Users\janpa\cd\development\fin\node_modules\next\dist\build\swc\options.js
- C:\Users\janpa\cd\development\fin\node_modules\next\dist\build\swc\index.js
- C:\Users\janpa\cd\development\fin\node_modules\next\dist\build\next-config-ts\transpile-config.js
- C:\Users\janpa\cd\development\fin\node_modules\next\dist\server\config.js
- C:\Users\janpa\cd\development\fin\node_modules\next\dist\server\next.js
- C:\Users\janpa\cd\development\fin\node_modules\next\dist\server\lib\start-server.js
    at Object.<anonymous> (C:\Users\janpa\cd\development\fin\.next\dev\server\pages\_document.js:1:7) {
  code: 'MODULE_NOT_FOUND',
  requireStack: [Array]
}
Error: ENOENT: no such file or directory, open 'C:\Users\janpa\cd\development\fin\.next\dev\server\app\api\health\[__metadata_id__]\route\app-paths-manifest.json'
    at ignore-listed frames {
  errno: -4058,
  code: 'ENOENT',
  syscall: 'open',
  path: 'C:\\Users\\janpa\\cd\\development\\fin\\.next\\dev\\server\\app\\api\\health\\[__metadata_id__]\\route\\app-paths-manifest.json'
}
⨯ Error: Cannot find module '../chunks/ssr/[turbopack]_runtime.js'
Require stack:
- C:\Users\janpa\cd\development\fin\.next\dev\server\pages\_document.js
- C:\Users\janpa\cd\development\fin\node_modules\next\dist\server\require.js
- C:\Users\janpa\cd\development\fin\node_modules\next\dist\server\load-components.js
- C:\Users\janpa\cd\development\fin\node_modules\next\dist\build\utils.js
- C:\Users\janpa\cd\development\fin\node_modules\next\dist\build\swc\options.js
- C:\Users\janpa\cd\development\fin\node_modules\next\dist\build\swc\index.js
- C:\Users\janpa\cd\development\fin\node_modules\next\dist\build\next-config-ts\transpile-config.js
- C:\Users\janpa\cd\development\fin\node_modules\next\dist\server\config.js
- C:\Users\janpa\cd\development\fin\node_modules\next\dist\server\next.js
- C:\Users\janpa\cd\development\fin\node_modules\next\dist\server\lib\start-server.js
    at Object.<anonymous> (C:\Users\janpa\cd\development\fin\.next\dev\server\pages\_document.js:1:7) {
  code: 'MODULE_NOT_FOUND',
  requireStack: [Array]
}
Error: ENOENT: no such file or directory, open 'C:\Users\janpa\cd\development\fin\.next\dev\routes-manifest.json'
    at ignore-listed frames {
  errno: -4058,
  code: 'ENOENT',
  syscall: 'open',
  path: 'C:\\Users\\janpa\\cd\\development\\fin\\.next\\dev\\routes-manifest.json'
}
 GET /api/health 500 in 162ms (compile: 141ms, proxy.ts: 5ms, render: 17ms)
 GET /api/health 500 in 162ms (compile: 141ms, proxy.ts: 5ms, render: 17ms)
⨯ Error: Cannot find module '../chunks/ssr/[turbopack]_runtime.js'
Require stack:
- C:\Users\janpa\cd\development\fin\.next\dev\server\pages\_document.js
- C:\Users\janpa\cd\development\fin\node_modules\next\dist\server\require.js
- C:\Users\janpa\cd\development\fin\node_modules\next\dist\server\load-components.js
- C:\Users\janpa\cd\development\fin\node_modules\next\dist\build\utils.js
- C:\Users\janpa\cd\development\fin\node_modules\next\dist\build\swc\options.js
- C:\Users\janpa\cd\development\fin\node_modules\next\dist\build\swc\index.js
- C:\Users\janpa\cd\development\fin\node_modules\next\dist\build\next-config-ts\transpile-config.js
- C:\Users\janpa\cd\development\fin\node_modules\next\dist\server\config.js
- C:\Users\janpa\cd\development\fin\node_modules\next\dist\server\next.js
- C:\Users\janpa\cd\development\fin\node_modules\next\dist\server\lib\start-server.js
    at Object.<anonymous> (C:\Users\janpa\cd\development\fin\.next\dev\server\pages\_document.js:1:7) {
  code: 'MODULE_NOT_FOUND',
  requireStack: [Array]
}
⨯ Error: Cannot find module '../chunks/ssr/[turbopack]_runtime.js'
Require stack:
- C:\Users\janpa\cd\development\fin\.next\dev\server\pages\_document.js
- C:\Users\janpa\cd\development\fin\node_modules\next\dist\server\require.js
- C:\Users\janpa\cd\development\fin\node_modules\next\dist\server\load-components.js
- C:\Users\janpa\cd\development\fin\node_modules\next\dist\build\utils.js
- C:\Users\janpa\cd\development\fin\node_modules\next\dist\build\swc\options.js
- C:\Users\janpa\cd\development\fin\node_modules\next\dist\build\swc\index.js
- C:\Users\janpa\cd\development\fin\node_modules\next\dist\build\next-config-ts\transpile-config.js
- C:\Users\janpa\cd\development\fin\node_modules\next\dist\server\config.js
- C:\Users\janpa\cd\development\fin\node_modules\next\dist\server\next.js
- C:\Users\janpa\cd\development\fin\node_modules\next\dist\server\lib\start-server.js
    at Object.<anonymous> (C:\Users\janpa\cd\development\fin\.next\dev\server\pages\_document.js:1:7) {
  code: 'MODULE_NOT_FOUND',
  requireStack: [Array]
}
⨯ Error: Cannot find module '../chunks/ssr/[turbopack]_runtime.js'
Require stack:
- C:\Users\janpa\cd\development\fin\.next\dev\server\pages\_document.js
- C:\Users\janpa\cd\development\fin\node_modules\next\dist\server\require.js
- C:\Users\janpa\cd\development\fin\node_modules\next\dist\server\load-components.js
- C:\Users\janpa\cd\development\fin\node_modules\next\dist\build\utils.js
- C:\Users\janpa\cd\development\fin\node_modules\next\dist\build\swc\options.js
- C:\Users\janpa\cd\development\fin\node_modules\next\dist\build\swc\index.js
- C:\Users\janpa\cd\development\fin\node_modules\next\dist\build\next-config-ts\transpile-config.js
- C:\Users\janpa\cd\development\fin\node_modules\next\dist\server\config.js
- C:\Users\janpa\cd\development\fin\node_modules\next\dist\server\next.js
- C:\Users\janpa\cd\development\fin\node_modules\next\dist\server\lib\start-server.js
    at Object.<anonymous> (C:\Users\janpa\cd\development\fin\.next\dev\server\pages\_document.js:1:7) {
  code: 'MODULE_NOT_FOUND',
  requireStack: [Array]
}
⨯ Error: Cannot find module '../chunks/ssr/[turbopack]_runtime.js'
Require stack:
- C:\Users\janpa\cd\development\fin\.next\dev\server\pages\_document.js
- C:\Users\janpa\cd\development\fin\node_modules\next\dist\server\require.js
- C:\Users\janpa\cd\development\fin\node_modules\next\dist\server\load-components.js
- C:\Users\janpa\cd\development\fin\node_modules\next\dist\build\utils.js
- C:\Users\janpa\cd\development\fin\node_modules\next\dist\build\swc\options.js
- C:\Users\janpa\cd\development\fin\node_modules\next\dist\build\swc\index.js
- C:\Users\janpa\cd\development\fin\node_modules\next\dist\build\next-config-ts\transpile-config.js
- C:\Users\janpa\cd\development\fin\node_modules\next\dist\server\config.js
- C:\Users\janpa\cd\development\fin\node_modules\next\dist\server\next.js
- C:\Users\janpa\cd\development\fin\node_modules\next\dist\server\lib\start-server.js
    at Object.<anonymous> (C:\Users\janpa\cd\development\fin\.next\dev\server\pages\_document.js:1:7) {
  code: 'MODULE_NOT_FOUND',
  requireStack: [Array]
}
⨯ Error: Cannot find module '../chunks/ssr/[turbopack]_runtime.js'
Require stack:
- C:\Users\janpa\cd\development\fin\.next\dev\server\pages\_document.js
- C:\Users\janpa\cd\development\fin\node_modules\next\dist\server\require.js
- C:\Users\janpa\cd\development\fin\node_modules\next\dist\server\load-components.js
- C:\Users\janpa\cd\development\fin\node_modules\next\dist\build\utils.js
- C:\Users\janpa\cd\development\fin\node_modules\next\dist\build\swc\options.js
- C:\Users\janpa\cd\development\fin\node_modules\next\dist\build\swc\index.js
- C:\Users\janpa\cd\development\fin\node_modules\next\dist\build\next-config-ts\transpile-config.js
- C:\Users\janpa\cd\development\fin\node_modules\next\dist\server\config.js
- C:\Users\janpa\cd\development\fin\node_modules\next\dist\server\next.js
- C:\Users\janpa\cd\development\fin\node_modules\next\dist\server\lib\start-server.js
    at Object.<anonymous> (C:\Users\janpa\cd\development\fin\.next\dev\server\pages\_document.js:1:7) {
  code: 'MODULE_NOT_FOUND',
  requireStack: [Array]
}
⨯ Error: Cannot find module '../../chunks/ssr/[turbopack]_runtime.js'
Require stack:
- C:\Users\janpa\cd\development\fin\.next\dev\server\app\_not-found\page.js
- C:\Users\janpa\cd\development\fin\node_modules\next\dist\server\require.js
- C:\Users\janpa\cd\development\fin\node_modules\next\dist\server\load-components.js
- C:\Users\janpa\cd\development\fin\node_modules\next\dist\build\utils.js
- C:\Users\janpa\cd\development\fin\node_modules\next\dist\build\swc\options.js
- C:\Users\janpa\cd\development\fin\node_modules\next\dist\build\swc\index.js
- C:\Users\janpa\cd\development\fin\node_modules\next\dist\build\next-config-ts\transpile-config.js
- C:\Users\janpa\cd\development\fin\node_modules\next\dist\server\config.js
- C:\Users\janpa\cd\development\fin\node_modules\next\dist\server\next.js
- C:\Users\janpa\cd\development\fin\node_modules\next\dist\server\lib\start-server.js
    at Object.<anonymous> (C:\Users\janpa\cd\development\fin\.next\dev\server\app\_not-found\page.js:1:7) {
  code: 'MODULE_NOT_FOUND',
  requireStack: [Array]
}
⨯ Error: Cannot find module '../../chunks/ssr/[turbopack]_runtime.js'
Require stack:
- C:\Users\janpa\cd\development\fin\.next\dev\server\app\_not-found\page.js
- C:\Users\janpa\cd\development\fin\node_modules\next\dist\server\require.js
- C:\Users\janpa\cd\development\fin\node_modules\next\dist\server\load-components.js
- C:\Users\janpa\cd\development\fin\node_modules\next\dist\build\utils.js
- C:\Users\janpa\cd\development\fin\node_modules\next\dist\build\swc\options.js
- C:\Users\janpa\cd\development\fin\node_modules\next\dist\build\swc\index.js
- C:\Users\janpa\cd\development\fin\node_modules\next\dist\build\next-config-ts\transpile-config.js
- C:\Users\janpa\cd\development\fin\node_modules\next\dist\server\config.js
- C:\Users\janpa\cd\development\fin\node_modules\next\dist\server\next.js
- C:\Users\janpa\cd\development\fin\node_modules\next\dist\server\lib\start-server.js
    at Object.<anonymous> (C:\Users\janpa\cd\development\fin\.next\dev\server\app\_not-found\page.js:1:7) {
  code: 'MODULE_NOT_FOUND',
  requireStack: [Array]
}
⨯ Error: Cannot find module '../../chunks/ssr/[turbopack]_runtime.js'
Require stack:
- C:\Users\janpa\cd\development\fin\.next\dev\server\app\_not-found\page.js
- C:\Users\janpa\cd\development\fin\node_modules\next\dist\server\require.js
- C:\Users\janpa\cd\development\fin\node_modules\next\dist\server\load-components.js
- C:\Users\janpa\cd\development\fin\node_modules\next\dist\build\utils.js
- C:\Users\janpa\cd\development\fin\node_modules\next\dist\build\swc\options.js
- C:\Users\janpa\cd\development\fin\node_modules\next\dist\build\swc\index.js
- C:\Users\janpa\cd\development\fin\node_modules\next\dist\build\next-config-ts\transpile-config.js
- C:\Users\janpa\cd\development\fin\node_modules\next\dist\server\config.js
- C:\Users\janpa\cd\development\fin\node_modules\next\dist\server\next.js
- C:\Users\janpa\cd\development\fin\node_modules\next\dist\server\lib\start-server.js
    at Object.<anonymous> (C:\Users\janpa\cd\development\fin\.next\dev\server\app\_not-found\page.js:1:7) {
  code: 'MODULE_NOT_FOUND',
  requireStack: [Array]
}
⨯ Error: Cannot find module '../../chunks/ssr/[turbopack]_runtime.js'
Require stack:
- C:\Users\janpa\cd\development\fin\.next\dev\server\app\_not-found\page.js
- C:\Users\janpa\cd\development\fin\node_modules\next\dist\server\require.js
- C:\Users\janpa\cd\development\fin\node_modules\next\dist\server\load-components.js
- C:\Users\janpa\cd\development\fin\node_modules\next\dist\build\utils.js
- C:\Users\janpa\cd\development\fin\node_modules\next\dist\build\swc\options.js
- C:\Users\janpa\cd\development\fin\node_modules\next\dist\build\swc\index.js
- C:\Users\janpa\cd\development\fin\node_modules\next\dist\build\next-config-ts\transpile-config.js
- C:\Users\janpa\cd\development\fin\node_modules\next\dist\server\config.js
- C:\Users\janpa\cd\development\fin\node_modules\next\dist\server\next.js
- C:\Users\janpa\cd\development\fin\node_modules\next\dist\server\lib\start-server.js
    at Object.<anonymous> (C:\Users\janpa\cd\development\fin\.next\dev\server\app\_not-found\page.js:1:7) {
  code: 'MODULE_NOT_FOUND',
  requireStack: [Array]
}
⨯ Error: Cannot find module '../../chunks/ssr/[turbopack]_runtime.js'
Require stack:
- C:\Users\janpa\cd\development\fin\.next\dev\server\app\_not-found\page.js
- C:\Users\janpa\cd\development\fin\node_modules\next\dist\server\require.js
- C:\Users\janpa\cd\development\fin\node_modules\next\dist\server\load-components.js
- C:\Users\janpa\cd\development\fin\node_modules\next\dist\build\utils.js
- C:\Users\janpa\cd\development\fin\node_modules\next\dist\build\swc\options.js
- C:\Users\janpa\cd\development\fin\node_modules\next\dist\build\swc\index.js
- C:\Users\janpa\cd\development\fin\node_modules\next\dist\build\next-config-ts\transpile-config.js
- C:\Users\janpa\cd\development\fin\node_modules\next\dist\server\config.js
- C:\Users\janpa\cd\development\fin\node_modules\next\dist\server\next.js
- C:\Users\janpa\cd\development\fin\node_modules\next\dist\server\lib\start-server.js
    at Object.<anonymous> (C:\Users\janpa\cd\development\fin\.next\dev\server\app\_not-found\page.js:1:7) {
  code: 'MODULE_NOT_FOUND',
  requireStack: [Array]
}
Error: ENOENT: no such file or directory, open 'C:\Users\janpa\cd\development\fin\.next\dev\routes-manifest.json'
    at ignore-listed frames {
  errno: -4058,
  code: 'ENOENT',
  syscall: 'open',
  path: 'C:\\Users\\janpa\\cd\\development\\fin\\.next\\dev\\routes-manifest.json'
}
Error: ENOENT: no such file or directory, open 'C:\Users\janpa\cd\development\fin\.next\dev\routes-manifest.json'
    at ignore-listed frames {
  errno: -4058,
  code: 'ENOENT',
  syscall: 'open',
  path: 'C:\\Users\\janpa\\cd\\development\\fin\\.next\\dev\\routes-manifest.json'
}
Error: ENOENT: no such file or directory, open 'C:\Users\janpa\cd\development\fin\.next\dev\routes-manifest.json'
    at ignore-listed frames {
  errno: -4058,
  code: 'ENOENT',
  syscall: 'open',
  path: 'C:\\Users\\janpa\\cd\\development\\fin\\.next\\dev\\routes-manifest.json'
}
Error: ENOENT: no such file or directory, open 'C:\Users\janpa\cd\development\fin\.next\dev\routes-manifest.json'
    at ignore-listed frames {
  errno: -4058,
  code: 'ENOENT',
  syscall: 'open',
  path: 'C:\\Users\\janpa\\cd\\development\\fin\\.next\\dev\\routes-manifest.json'
}
Error: ENOENT: no such file or directory, open 'C:\Users\janpa\cd\development\fin\.next\dev\routes-manifest.json'
    at ignore-listed frames {
  errno: -4058,
  code: 'ENOENT',
  syscall: 'open',
  path: 'C:\\Users\\janpa\\cd\\development\\fin\\.next\\dev\\routes-manifest.json'
}
⨯ Error: Cannot find module '../chunks/ssr/[turbopack]_runtime.js'
Require stack:
- C:\Users\janpa\cd\development\fin\.next\dev\server\pages\_document.js
- C:\Users\janpa\cd\development\fin\node_modules\next\dist\server\require.js
- C:\Users\janpa\cd\development\fin\node_modules\next\dist\server\load-components.js
- C:\Users\janpa\cd\development\fin\node_modules\next\dist\build\utils.js
- C:\Users\janpa\cd\development\fin\node_modules\next\dist\build\swc\options.js
- C:\Users\janpa\cd\development\fin\node_modules\next\dist\build\swc\index.js
- C:\Users\janpa\cd\development\fin\node_modules\next\dist\build\next-config-ts\transpile-config.js
- C:\Users\janpa\cd\development\fin\node_modules\next\dist\server\config.js
- C:\Users\janpa\cd\development\fin\node_modules\next\dist\server\next.js
- C:\Users\janpa\cd\development\fin\node_modules\next\dist\server\lib\start-server.js
    at Object.<anonymous> (C:\Users\janpa\cd\development\fin\.next\dev\server\pages\_document.js:1:7) {
  code: 'MODULE_NOT_FOUND',
  requireStack: [Array]
}
⨯ Error: Cannot find module '../chunks/ssr/[turbopack]_runtime.js'
Require stack:
- C:\Users\janpa\cd\development\fin\.next\dev\server\pages\_document.js
- C:\Users\janpa\cd\development\fin\node_modules\next\dist\server\require.js
- C:\Users\janpa\cd\development\fin\node_modules\next\dist\server\load-components.js
- C:\Users\janpa\cd\development\fin\node_modules\next\dist\build\utils.js
- C:\Users\janpa\cd\development\fin\node_modules\next\dist\build\swc\options.js
- C:\Users\janpa\cd\development\fin\node_modules\next\dist\build\swc\index.js
- C:\Users\janpa\cd\development\fin\node_modules\next\dist\build\next-config-ts\transpile-config.js
- C:\Users\janpa\cd\development\fin\node_modules\next\dist\server\config.js
- C:\Users\janpa\cd\development\fin\node_modules\next\dist\server\next.js
- C:\Users\janpa\cd\development\fin\node_modules\next\dist\server\lib\start-server.js
    at Object.<anonymous> (C:\Users\janpa\cd\development\fin\.next\dev\server\pages\_document.js:1:7) {
  code: 'MODULE_NOT_FOUND',
  requireStack: [Array]
}
⨯ Error: Cannot find module '../chunks/ssr/[turbopack]_runtime.js'
Require stack:
- C:\Users\janpa\cd\development\fin\.next\dev\server\pages\_document.js
- C:\Users\janpa\cd\development\fin\node_modules\next\dist\server\require.js
- C:\Users\janpa\cd\development\fin\node_modules\next\dist\server\load-components.js
- C:\Users\janpa\cd\development\fin\node_modules\next\dist\build\utils.js
- C:\Users\janpa\cd\development\fin\node_modules\next\dist\build\swc\options.js
- C:\Users\janpa\cd\development\fin\node_modules\next\dist\build\swc\index.js
- C:\Users\janpa\cd\development\fin\node_modules\next\dist\build\next-config-ts\transpile-config.js
- C:\Users\janpa\cd\development\fin\node_modules\next\dist\server\config.js
- C:\Users\janpa\cd\development\fin\node_modules\next\dist\server\next.js
- C:\Users\janpa\cd\development\fin\node_modules\next\dist\server\lib\start-server.js
    at Object.<anonymous> (C:\Users\janpa\cd\development\fin\.next\dev\server\pages\_document.js:1:7) {
  code: 'MODULE_NOT_FOUND',
  requireStack: [Array]
}
⨯ Error: Cannot find module '../chunks/ssr/[turbopack]_runtime.js'
Require stack:
- C:\Users\janpa\cd\development\fin\.next\dev\server\pages\_document.js
- C:\Users\janpa\cd\development\fin\node_modules\next\dist\server\require.js
- C:\Users\janpa\cd\development\fin\node_modules\next\dist\server\load-components.js
- C:\Users\janpa\cd\development\fin\node_modules\next\dist\build\utils.js
- C:\Users\janpa\cd\development\fin\node_modules\next\dist\build\swc\options.js
- C:\Users\janpa\cd\development\fin\node_modules\next\dist\build\swc\index.js
- C:\Users\janpa\cd\development\fin\node_modules\next\dist\build\next-config-ts\transpile-config.js
- C:\Users\janpa\cd\development\fin\node_modules\next\dist\server\config.js
- C:\Users\janpa\cd\development\fin\node_modules\next\dist\server\next.js
- C:\Users\janpa\cd\development\fin\node_modules\next\dist\server\lib\start-server.js
    at Object.<anonymous> (C:\Users\janpa\cd\development\fin\.next\dev\server\pages\_document.js:1:7) {
  code: 'MODULE_NOT_FOUND',
  requireStack: [Array]
}
⨯ Error: Cannot find module '../chunks/ssr/[turbopack]_runtime.js'
Require stack:
- C:\Users\janpa\cd\development\fin\.next\dev\server\pages\_document.js
- C:\Users\janpa\cd\development\fin\node_modules\next\dist\server\require.js
- C:\Users\janpa\cd\development\fin\node_modules\next\dist\server\load-components.js
- C:\Users\janpa\cd\development\fin\node_modules\next\dist\build\utils.js
- C:\Users\janpa\cd\development\fin\node_modules\next\dist\build\swc\options.js
- C:\Users\janpa\cd\development\fin\node_modules\next\dist\build\swc\index.js
- C:\Users\janpa\cd\development\fin\node_modules\next\dist\build\next-config-ts\transpile-config.js
- C:\Users\janpa\cd\development\fin\node_modules\next\dist\server\config.js
- C:\Users\janpa\cd\development\fin\node_modules\next\dist\server\next.js
- C:\Users\janpa\cd\development\fin\node_modules\next\dist\server\lib\start-server.js
    at Object.<anonymous> (C:\Users\janpa\cd\development\fin\.next\dev\server\pages\_document.js:1:7) {
  code: 'MODULE_NOT_FOUND',
  requireStack: [Array]
}
Error: ENOENT: no such file or directory, open 'C:\Users\janpa\cd\development\fin\.next\dev\routes-manifest.json'
    at ignore-listed frames {
  errno: -4058,
  code: 'ENOENT',
  syscall: 'open',
  path: 'C:\\Users\\janpa\\cd\\development\\fin\\.next\\dev\\routes-manifest.json'
}
 GET /api/health 500 in 860ms (compile: 228ms, proxy.ts: 620ms, render: 12ms)
Error: ENOENT: no such file or directory, open 'C:\Users\janpa\cd\development\fin\.next\dev\routes-manifest.json'
    at ignore-listed frames {
  errno: -4058,
  code: 'ENOENT',
  syscall: 'open',
  path: 'C:\\Users\\janpa\\cd\\development\\fin\\.next\\dev\\routes-manifest.json'
}
 GET /test-goal-progress-bar 500 in 910ms (compile: 217ms, proxy.ts: 682ms, render: 11ms)
Error: ENOENT: no such file or directory, open 'C:\Users\janpa\cd\development\fin\.next\dev\routes-manifest.json'
    at ignore-listed frames {
  errno: -4058,
  code: 'ENOENT',
  syscall: 'open',
  path: 'C:\\Users\\janpa\\cd\\development\\fin\\.next\\dev\\routes-manifest.json'
}
 GET / 500 in 916ms (compile: 207ms, proxy.ts: 690ms, render: 19ms)
Error: ENOENT: no such file or directory, open 'C:\Users\janpa\cd\development\fin\.next\dev\routes-manifest.json'
    at ignore-listed frames {
  errno: -4058,
  code: 'ENOENT',
  syscall: 'open',
  path: 'C:\\Users\\janpa\\cd\\development\\fin\\.next\\dev\\routes-manifest.json'
}
 GET /login 500 in 930ms (compile: 201ms, proxy.ts: 711ms, render: 18ms)
Error: ENOENT: no such file or directory, open 'C:\Users\janpa\cd\development\fin\.next\dev\routes-manifest.json'
    at ignore-listed frames {
  errno: -4058,
  code: 'ENOENT',
  syscall: 'open',
  path: 'C:\\Users\\janpa\\cd\\development\\fin\\.next\\dev\\routes-manifest.json'
}
 GET / 500 in 941ms (compile: 200ms, proxy.ts: 725ms, render: 16ms)
⨯ Error: Cannot find module '../chunks/ssr/[turbopack]_runtime.js'
Require stack:
- C:\Users\janpa\cd\development\fin\.next\dev\server\pages\_document.js
- C:\Users\janpa\cd\development\fin\node_modules\next\dist\server\require.js
- C:\Users\janpa\cd\development\fin\node_modules\next\dist\server\load-components.js
- C:\Users\janpa\cd\development\fin\node_modules\next\dist\build\utils.js
- C:\Users\janpa\cd\development\fin\node_modules\next\dist\build\swc\options.js
- C:\Users\janpa\cd\development\fin\node_modules\next\dist\build\swc\index.js
- C:\Users\janpa\cd\development\fin\node_modules\next\dist\build\next-config-ts\transpile-config.js
- C:\Users\janpa\cd\development\fin\node_modules\next\dist\server\config.js
- C:\Users\janpa\cd\development\fin\node_modules\next\dist\server\next.js
- C:\Users\janpa\cd\development\fin\node_modules\next\dist\server\lib\start-server.js
    at Object.<anonymous> (C:\Users\janpa\cd\development\fin\.next\dev\server\pages\_document.js:1:7) {
  code: 'MODULE_NOT_FOUND',
  requireStack: [Array]
}
⨯ Error: Cannot find module '../chunks/ssr/[turbopack]_runtime.js'
Require stack:
- C:\Users\janpa\cd\development\fin\.next\dev\server\pages\_document.js
- C:\Users\janpa\cd\development\fin\node_modules\next\dist\server\require.js
- C:\Users\janpa\cd\development\fin\node_modules\next\dist\server\load-components.js
- C:\Users\janpa\cd\development\fin\node_modules\next\dist\build\utils.js
- C:\Users\janpa\cd\development\fin\node_modules\next\dist\build\swc\options.js
- C:\Users\janpa\cd\development\fin\node_modules\next\dist\build\swc\index.js
- C:\Users\janpa\cd\development\fin\node_modules\next\dist\build\next-config-ts\transpile-config.js
- C:\Users\janpa\cd\development\fin\node_modules\next\dist\server\config.js
- C:\Users\janpa\cd\development\fin\node_modules\next\dist\server\next.js
- C:\Users\janpa\cd\development\fin\node_modules\next\dist\server\lib\start-server.js
    at Object.<anonymous> (C:\Users\janpa\cd\development\fin\.next\dev\server\pages\_document.js:1:7) {
  code: 'MODULE_NOT_FOUND',
  requireStack: [Array]
}
⨯ Error: Cannot find module '../chunks/ssr/[turbopack]_runtime.js'
Require stack:
- C:\Users\janpa\cd\development\fin\.next\dev\server\pages\_document.js
- C:\Users\janpa\cd\development\fin\node_modules\next\dist\server\require.js
- C:\Users\janpa\cd\development\fin\node_modules\next\dist\server\load-components.js
- C:\Users\janpa\cd\development\fin\node_modules\next\dist\build\utils.js
- C:\Users\janpa\cd\development\fin\node_modules\next\dist\build\swc\options.js
- C:\Users\janpa\cd\development\fin\node_modules\next\dist\build\swc\index.js
- C:\Users\janpa\cd\development\fin\node_modules\next\dist\build\next-config-ts\transpile-config.js
- C:\Users\janpa\cd\development\fin\node_modules\next\dist\server\config.js
- C:\Users\janpa\cd\development\fin\node_modules\next\dist\server\next.js
- C:\Users\janpa\cd\development\fin\node_modules\next\dist\server\lib\start-server.js
    at Object.<anonymous> (C:\Users\janpa\cd\development\fin\.next\dev\server\pages\_document.js:1:7) {
  code: 'MODULE_NOT_FOUND',
  requireStack: [Array]
}
⨯ Error: Cannot find module '../chunks/ssr/[turbopack]_runtime.js'
Require stack:
- C:\Users\janpa\cd\development\fin\.next\dev\server\pages\_document.js
- C:\Users\janpa\cd\development\fin\node_modules\next\dist\server\require.js
- C:\Users\janpa\cd\development\fin\node_modules\next\dist\server\load-components.js
- C:\Users\janpa\cd\development\fin\node_modules\next\dist\build\utils.js
- C:\Users\janpa\cd\development\fin\node_modules\next\dist\build\swc\options.js
- C:\Users\janpa\cd\development\fin\node_modules\next\dist\build\swc\index.js
- C:\Users\janpa\cd\development\fin\node_modules\next\dist\build\next-config-ts\transpile-config.js
- C:\Users\janpa\cd\development\fin\node_modules\next\dist\server\config.js
- C:\Users\janpa\cd\development\fin\node_modules\next\dist\server\next.js
- C:\Users\janpa\cd\development\fin\node_modules\next\dist\server\lib\start-server.js
    at Object.<anonymous> (C:\Users\janpa\cd\development\fin\.next\dev\server\pages\_document.js:1:7) {
  code: 'MODULE_NOT_FOUND',
  requireStack: [Array]
}
⨯ Error: Cannot find module '../chunks/ssr/[turbopack]_runtime.js'
Require stack:
- C:\Users\janpa\cd\development\fin\.next\dev\server\pages\_document.js
- C:\Users\janpa\cd\development\fin\node_modules\next\dist\server\require.js
- C:\Users\janpa\cd\development\fin\node_modules\next\dist\server\load-components.js
- C:\Users\janpa\cd\development\fin\node_modules\next\dist\build\utils.js
- C:\Users\janpa\cd\development\fin\node_modules\next\dist\build\swc\options.js
- C:\Users\janpa\cd\development\fin\node_modules\next\dist\build\swc\index.js
- C:\Users\janpa\cd\development\fin\node_modules\next\dist\build\next-config-ts\transpile-config.js
- C:\Users\janpa\cd\development\fin\node_modules\next\dist\server\config.js
- C:\Users\janpa\cd\development\fin\node_modules\next\dist\server\next.js
- C:\Users\janpa\cd\development\fin\node_modules\next\dist\server\lib\start-server.js
    at Object.<anonymous> (C:\Users\janpa\cd\development\fin\.next\dev\server\pages\_document.js:1:7) {
  code: 'MODULE_NOT_FOUND',
  requireStack: [Array]
}
⨯ Error: Cannot find module '../chunks/ssr/[turbopack]_runtime.js'
Require stack:
- C:\Users\janpa\cd\development\fin\.next\dev\server\pages\_document.js
- C:\Users\janpa\cd\development\fin\node_modules\next\dist\server\require.js
- C:\Users\janpa\cd\development\fin\node_modules\next\dist\server\load-components.js
- C:\Users\janpa\cd\development\fin\node_modules\next\dist\build\utils.js
- C:\Users\janpa\cd\development\fin\node_modules\next\dist\build\swc\options.js
- C:\Users\janpa\cd\development\fin\node_modules\next\dist\build\swc\index.js
- C:\Users\janpa\cd\development\fin\node_modules\next\dist\build\next-config-ts\transpile-config.js
- C:\Users\janpa\cd\development\fin\node_modules\next\dist\server\config.js
- C:\Users\janpa\cd\development\fin\node_modules\next\dist\server\next.js
- C:\Users\janpa\cd\development\fin\node_modules\next\dist\server\lib\start-server.js
    at Object.<anonymous> (C:\Users\janpa\cd\development\fin\.next\dev\server\pages\_document.js:1:7) {
  code: 'MODULE_NOT_FOUND',
  requireStack: [Array]
}
⨯ Error: Cannot find module '../chunks/ssr/[turbopack]_runtime.js'
Require stack:
- C:\Users\janpa\cd\development\fin\.next\dev\server\pages\_document.js
- C:\Users\janpa\cd\development\fin\node_modules\next\dist\server\require.js
- C:\Users\janpa\cd\development\fin\node_modules\next\dist\server\load-components.js
- C:\Users\janpa\cd\development\fin\node_modules\next\dist\build\utils.js
- C:\Users\janpa\cd\development\fin\node_modules\next\dist\build\swc\options.js
- C:\Users\janpa\cd\development\fin\node_modules\next\dist\build\swc\index.js
- C:\Users\janpa\cd\development\fin\node_modules\next\dist\build\next-config-ts\transpile-config.js
- C:\Users\janpa\cd\development\fin\node_modules\next\dist\server\config.js
- C:\Users\janpa\cd\development\fin\node_modules\next\dist\server\next.js
- C:\Users\janpa\cd\development\fin\node_modules\next\dist\server\lib\start-server.js
    at Object.<anonymous> (C:\Users\janpa\cd\development\fin\.next\dev\server\pages\_document.js:1:7) {
  code: 'MODULE_NOT_FOUND',
  requireStack: [Array]
}
⨯ Error: Cannot find module '../chunks/ssr/[turbopack]_runtime.js'
Require stack:
- C:\Users\janpa\cd\development\fin\.next\dev\server\pages\_document.js
- C:\Users\janpa\cd\development\fin\node_modules\next\dist\server\require.js
- C:\Users\janpa\cd\development\fin\node_modules\next\dist\server\load-components.js
- C:\Users\janpa\cd\development\fin\node_modules\next\dist\build\utils.js
- C:\Users\janpa\cd\development\fin\node_modules\next\dist\build\swc\options.js
- C:\Users\janpa\cd\development\fin\node_modules\next\dist\build\swc\index.js
- C:\Users\janpa\cd\development\fin\node_modules\next\dist\build\next-config-ts\transpile-config.js
- C:\Users\janpa\cd\development\fin\node_modules\next\dist\server\config.js
- C:\Users\janpa\cd\development\fin\node_modules\next\dist\server\next.js
- C:\Users\janpa\cd\development\fin\node_modules\next\dist\server\lib\start-server.js
    at Object.<anonymous> (C:\Users\janpa\cd\development\fin\.next\dev\server\pages\_document.js:1:7) {
  code: 'MODULE_NOT_FOUND',
  requireStack: [Array]
}
⨯ Error: Cannot find module '../../chunks/ssr/[turbopack]_runtime.js'
Require stack:
- C:\Users\janpa\cd\development\fin\.next\dev\server\app\_not-found\page.js
- C:\Users\janpa\cd\development\fin\node_modules\next\dist\server\require.js
- C:\Users\janpa\cd\development\fin\node_modules\next\dist\server\load-components.js
- C:\Users\janpa\cd\development\fin\node_modules\next\dist\build\utils.js
- C:\Users\janpa\cd\development\fin\node_modules\next\dist\build\swc\options.js
- C:\Users\janpa\cd\development\fin\node_modules\next\dist\build\swc\index.js
- C:\Users\janpa\cd\development\fin\node_modules\next\dist\build\next-config-ts\transpile-config.js
- C:\Users\janpa\cd\development\fin\node_modules\next\dist\server\config.js
- C:\Users\janpa\cd\development\fin\node_modules\next\dist\server\next.js
- C:\Users\janpa\cd\development\fin\node_modules\next\dist\server\lib\start-server.js
    at Object.<anonymous> (C:\Users\janpa\cd\development\fin\.next\dev\server\app\_not-found\page.js:1:7) {
  code: 'MODULE_NOT_FOUND',
  requireStack: [Array]
}
⨯ Error: Cannot find module '../../chunks/ssr/[turbopack]_runtime.js'
Require stack:
- C:\Users\janpa\cd\development\fin\.next\dev\server\app\_not-found\page.js
- C:\Users\janpa\cd\development\fin\node_modules\next\dist\server\require.js
- C:\Users\janpa\cd\development\fin\node_modules\next\dist\server\load-components.js
- C:\Users\janpa\cd\development\fin\node_modules\next\dist\build\utils.js
- C:\Users\janpa\cd\development\fin\node_modules\next\dist\build\swc\options.js
- C:\Users\janpa\cd\development\fin\node_modules\next\dist\build\swc\index.js
- C:\Users\janpa\cd\development\fin\node_modules\next\dist\build\next-config-ts\transpile-config.js
- C:\Users\janpa\cd\development\fin\node_modules\next\dist\server\config.js
- C:\Users\janpa\cd\development\fin\node_modules\next\dist\server\next.js
- C:\Users\janpa\cd\development\fin\node_modules\next\dist\server\lib\start-server.js
    at Object.<anonymous> (C:\Users\janpa\cd\development\fin\.next\dev\server\app\_not-found\page.js:1:7) {
  code: 'MODULE_NOT_FOUND',
  requireStack: [Array]
}
⨯ Error: Cannot find module '../../chunks/ssr/[turbopack]_runtime.js'
Require stack:
- C:\Users\janpa\cd\development\fin\.next\dev\server\app\_not-found\page.js
- C:\Users\janpa\cd\development\fin\node_modules\next\dist\server\require.js
- C:\Users\janpa\cd\development\fin\node_modules\next\dist\server\load-components.js
- C:\Users\janpa\cd\development\fin\node_modules\next\dist\build\utils.js
- C:\Users\janpa\cd\development\fin\node_modules\next\dist\build\swc\options.js
- C:\Users\janpa\cd\development\fin\node_modules\next\dist\build\swc\index.js
- C:\Users\janpa\cd\development\fin\node_modules\next\dist\build\next-config-ts\transpile-config.js
- C:\Users\janpa\cd\development\fin\node_modules\next\dist\server\config.js
- C:\Users\janpa\cd\development\fin\node_modules\next\dist\server\next.js
- C:\Users\janpa\cd\development\fin\node_modules\next\dist\server\lib\start-server.js
    at Object.<anonymous> (C:\Users\janpa\cd\development\fin\.next\dev\server\app\_not-found\page.js:1:7) {
  code: 'MODULE_NOT_FOUND',
  requireStack: [Array]
}
⨯ Error: Cannot find module '../../chunks/ssr/[turbopack]_runtime.js'
Require stack:
- C:\Users\janpa\cd\development\fin\.next\dev\server\app\_not-found\page.js
- C:\Users\janpa\cd\development\fin\node_modules\next\dist\server\require.js
- C:\Users\janpa\cd\development\fin\node_modules\next\dist\server\load-components.js
- C:\Users\janpa\cd\development\fin\node_modules\next\dist\build\utils.js
- C:\Users\janpa\cd\development\fin\node_modules\next\dist\build\swc\options.js
- C:\Users\janpa\cd\development\fin\node_modules\next\dist\build\swc\index.js
- C:\Users\janpa\cd\development\fin\node_modules\next\dist\build\next-config-ts\transpile-config.js
- C:\Users\janpa\cd\development\fin\node_modules\next\dist\server\config.js
- C:\Users\janpa\cd\development\fin\node_modules\next\dist\server\next.js
- C:\Users\janpa\cd\development\fin\node_modules\next\dist\server\lib\start-server.js
    at Object.<anonymous> (C:\Users\janpa\cd\development\fin\.next\dev\server\app\_not-found\page.js:1:7) {
  code: 'MODULE_NOT_FOUND',
  requireStack: [Array]
}
⨯ Error: Cannot find module '../../chunks/ssr/[turbopack]_runtime.js'
Require stack:
- C:\Users\janpa\cd\development\fin\.next\dev\server\app\_not-found\page.js
- C:\Users\janpa\cd\development\fin\node_modules\next\dist\server\require.js
- C:\Users\janpa\cd\development\fin\node_modules\next\dist\server\load-components.js
- C:\Users\janpa\cd\development\fin\node_modules\next\dist\build\utils.js
- C:\Users\janpa\cd\development\fin\node_modules\next\dist\build\swc\options.js
- C:\Users\janpa\cd\development\fin\node_modules\next\dist\build\swc\index.js
- C:\Users\janpa\cd\development\fin\node_modules\next\dist\build\next-config-ts\transpile-config.js
- C:\Users\janpa\cd\development\fin\node_modules\next\dist\server\config.js
- C:\Users\janpa\cd\development\fin\node_modules\next\dist\server\next.js
- C:\Users\janpa\cd\development\fin\node_modules\next\dist\server\lib\start-server.js
    at Object.<anonymous> (C:\Users\janpa\cd\development\fin\.next\dev\server\app\_not-found\page.js:1:7) {
  code: 'MODULE_NOT_FOUND',
  requireStack: [Array]
}
⨯ Error: Cannot find module '../../chunks/ssr/[turbopack]_runtime.js'
Require stack:
- C:\Users\janpa\cd\development\fin\.next\dev\server\app\_not-found\page.js
- C:\Users\janpa\cd\development\fin\node_modules\next\dist\server\require.js
- C:\Users\janpa\cd\development\fin\node_modules\next\dist\server\load-components.js
- C:\Users\janpa\cd\development\fin\node_modules\next\dist\build\utils.js
- C:\Users\janpa\cd\development\fin\node_modules\next\dist\build\swc\options.js
- C:\Users\janpa\cd\development\fin\node_modules\next\dist\build\swc\index.js
- C:\Users\janpa\cd\development\fin\node_modules\next\dist\build\next-config-ts\transpile-config.js
- C:\Users\janpa\cd\development\fin\node_modules\next\dist\server\config.js
- C:\Users\janpa\cd\development\fin\node_modules\next\dist\server\next.js
- C:\Users\janpa\cd\development\fin\node_modules\next\dist\server\lib\start-server.js
    at Object.<anonymous> (C:\Users\janpa\cd\development\fin\.next\dev\server\app\_not-found\page.js:1:7) {
  code: 'MODULE_NOT_FOUND',
  requireStack: [Array]
}
⨯ Error: Cannot find module '../../chunks/ssr/[turbopack]_runtime.js'
Require stack:
- C:\Users\janpa\cd\development\fin\.next\dev\server\app\_not-found\page.js
- C:\Users\janpa\cd\development\fin\node_modules\next\dist\server\require.js
- C:\Users\janpa\cd\development\fin\node_modules\next\dist\server\load-components.js
- C:\Users\janpa\cd\development\fin\node_modules\next\dist\build\utils.js
- C:\Users\janpa\cd\development\fin\node_modules\next\dist\build\swc\options.js
- C:\Users\janpa\cd\development\fin\node_modules\next\dist\build\swc\index.js
- C:\Users\janpa\cd\development\fin\node_modules\next\dist\build\next-config-ts\transpile-config.js
- C:\Users\janpa\cd\development\fin\node_modules\next\dist\server\config.js
- C:\Users\janpa\cd\development\fin\node_modules\next\dist\server\next.js
- C:\Users\janpa\cd\development\fin\node_modules\next\dist\server\lib\start-server.js
    at Object.<anonymous> (C:\Users\janpa\cd\development\fin\.next\dev\server\app\_not-found\page.js:1:7) {
  code: 'MODULE_NOT_FOUND',
  requireStack: [Array]
}
⨯ Error: Cannot find module '../../chunks/ssr/[turbopack]_runtime.js'
Require stack:
- C:\Users\janpa\cd\development\fin\.next\dev\server\app\_not-found\page.js
- C:\Users\janpa\cd\development\fin\node_modules\next\dist\server\require.js
- C:\Users\janpa\cd\development\fin\node_modules\next\dist\server\load-components.js
- C:\Users\janpa\cd\development\fin\node_modules\next\dist\build\utils.js
- C:\Users\janpa\cd\development\fin\node_modules\next\dist\build\swc\options.js
- C:\Users\janpa\cd\development\fin\node_modules\next\dist\build\swc\index.js
- C:\Users\janpa\cd\development\fin\node_modules\next\dist\build\next-config-ts\transpile-config.js
- C:\Users\janpa\cd\development\fin\node_modules\next\dist\server\config.js
- C:\Users\janpa\cd\development\fin\node_modules\next\dist\server\next.js
- C:\Users\janpa\cd\development\fin\node_modules\next\dist\server\lib\start-server.js
    at Object.<anonymous> (C:\Users\janpa\cd\development\fin\.next\dev\server\app\_not-found\page.js:1:7) {
  code: 'MODULE_NOT_FOUND',
  requireStack: [Array]
}
Error: ENOENT: no such file or directory, open 'C:\Users\janpa\cd\development\fin\.next\dev\routes-manifest.json'
    at ignore-listed frames {
  errno: -4058,
  code: 'ENOENT',
  syscall: 'open',
  path: 'C:\\Users\\janpa\\cd\\development\\fin\\.next\\dev\\routes-manifest.json'
}
Error: ENOENT: no such file or directory, open 'C:\Users\janpa\cd\development\fin\.next\dev\routes-manifest.json'
    at ignore-listed frames {
  errno: -4058,
  code: 'ENOENT',
  syscall: 'open',
  path: 'C:\\Users\\janpa\\cd\\development\\fin\\.next\\dev\\routes-manifest.json'
}
Error: ENOENT: no such file or directory, open 'C:\Users\janpa\cd\development\fin\.next\dev\routes-manifest.json'
    at ignore-listed frames {
  errno: -4058,
  code: 'ENOENT',
  syscall: 'open',
  path: 'C:\\Users\\janpa\\cd\\development\\fin\\.next\\dev\\routes-manifest.json'
}
Error: ENOENT: no such file or directory, open 'C:\Users\janpa\cd\development\fin\.next\dev\routes-manifest.json'
    at ignore-listed frames {
  errno: -4058,
  code: 'ENOENT',
  syscall: 'open',
  path: 'C:\\Users\\janpa\\cd\\development\\fin\\.next\\dev\\routes-manifest.json'
}
Error: ENOENT: no such file or directory, open 'C:\Users\janpa\cd\development\fin\.next\dev\routes-manifest.json'
    at ignore-listed frames {
  errno: -4058,
  code: 'ENOENT',
  syscall: 'open',
  path: 'C:\\Users\\janpa\\cd\\development\\fin\\.next\\dev\\routes-manifest.json'
}
Error: ENOENT: no such file or directory, open 'C:\Users\janpa\cd\development\fin\.next\dev\routes-manifest.json'
    at ignore-listed frames {
  errno: -4058,
  code: 'ENOENT',
  syscall: 'open',
  path: 'C:\\Users\\janpa\\cd\\development\\fin\\.next\\dev\\routes-manifest.json'
}
Error: ENOENT: no such file or directory, open 'C:\Users\janpa\cd\development\fin\.next\dev\routes-manifest.json'
    at ignore-listed frames {
  errno: -4058,
  code: 'ENOENT',
  syscall: 'open',
  path: 'C:\\Users\\janpa\\cd\\development\\fin\\.next\\dev\\routes-manifest.json'
}
Error: ENOENT: no such file or directory, open 'C:\Users\janpa\cd\development\fin\.next\dev\routes-manifest.json'
    at ignore-listed frames {
  errno: -4058,
  code: 'ENOENT',
  syscall: 'open',
  path: 'C:\\Users\\janpa\\cd\\development\\fin\\.next\\dev\\routes-manifest.json'
}
⨯ Error: Cannot find module '../chunks/ssr/[turbopack]_runtime.js'
Require stack:
- C:\Users\janpa\cd\development\fin\.next\dev\server\pages\_document.js
- C:\Users\janpa\cd\development\fin\node_modules\next\dist\server\require.js
- C:\Users\janpa\cd\development\fin\node_modules\next\dist\server\load-components.js
- C:\Users\janpa\cd\development\fin\node_modules\next\dist\build\utils.js
- C:\Users\janpa\cd\development\fin\node_modules\next\dist\build\swc\options.js
- C:\Users\janpa\cd\development\fin\node_modules\next\dist\build\swc\index.js
- C:\Users\janpa\cd\development\fin\node_modules\next\dist\build\next-config-ts\transpile-config.js
- C:\Users\janpa\cd\development\fin\node_modules\next\dist\server\config.js
- C:\Users\janpa\cd\development\fin\node_modules\next\dist\server\next.js
- C:\Users\janpa\cd\development\fin\node_modules\next\dist\server\lib\start-server.js
    at Object.<anonymous> (C:\Users\janpa\cd\development\fin\.next\dev\server\pages\_document.js:1:7) {
  code: 'MODULE_NOT_FOUND',
  requireStack: [Array]
}
⨯ Error: Cannot find module '../chunks/ssr/[turbopack]_runtime.js'
Require stack:
- C:\Users\janpa\cd\development\fin\.next\dev\server\pages\_document.js
- C:\Users\janpa\cd\development\fin\node_modules\next\dist\server\require.js
- C:\Users\janpa\cd\development\fin\node_modules\next\dist\server\load-components.js
- C:\Users\janpa\cd\development\fin\node_modules\next\dist\build\utils.js
- C:\Users\janpa\cd\development\fin\node_modules\next\dist\build\swc\options.js
- C:\Users\janpa\cd\development\fin\node_modules\next\dist\build\swc\index.js
- C:\Users\janpa\cd\development\fin\node_modules\next\dist\build\next-config-ts\transpile-config.js
- C:\Users\janpa\cd\development\fin\node_modules\next\dist\server\config.js
- C:\Users\janpa\cd\development\fin\node_modules\next\dist\server\next.js
- C:\Users\janpa\cd\development\fin\node_modules\next\dist\server\lib\start-server.js
    at Object.<anonymous> (C:\Users\janpa\cd\development\fin\.next\dev\server\pages\_document.js:1:7) {
  code: 'MODULE_NOT_FOUND',
  requireStack: [Array]
}
⨯ Error: Cannot find module '../chunks/ssr/[turbopack]_runtime.js'
Require stack:
- C:\Users\janpa\cd\development\fin\.next\dev\server\pages\_document.js
- C:\Users\janpa\cd\development\fin\node_modules\next\dist\server\require.js
- C:\Users\janpa\cd\development\fin\node_modules\next\dist\server\load-components.js
- C:\Users\janpa\cd\development\fin\node_modules\next\dist\build\utils.js
- C:\Users\janpa\cd\development\fin\node_modules\next\dist\build\swc\options.js
- C:\Users\janpa\cd\development\fin\node_modules\next\dist\build\swc\index.js
- C:\Users\janpa\cd\development\fin\node_modules\next\dist\build\next-config-ts\transpile-config.js
- C:\Users\janpa\cd\development\fin\node_modules\next\dist\server\config.js
- C:\Users\janpa\cd\development\fin\node_modules\next\dist\server\next.js
- C:\Users\janpa\cd\development\fin\node_modules\next\dist\server\lib\start-server.js
    at Object.<anonymous> (C:\Users\janpa\cd\development\fin\.next\dev\server\pages\_document.js:1:7) {
  code: 'MODULE_NOT_FOUND',
  requireStack: [Array]
}
⨯ Error: Cannot find module '../chunks/ssr/[turbopack]_runtime.js'
Require stack:
- C:\Users\janpa\cd\development\fin\.next\dev\server\pages\_document.js
- C:\Users\janpa\cd\development\fin\node_modules\next\dist\server\require.js
- C:\Users\janpa\cd\development\fin\node_modules\next\dist\server\load-components.js
- C:\Users\janpa\cd\development\fin\node_modules\next\dist\build\utils.js
- C:\Users\janpa\cd\development\fin\node_modules\next\dist\build\swc\options.js
- C:\Users\janpa\cd\development\fin\node_modules\next\dist\build\swc\index.js
- C:\Users\janpa\cd\development\fin\node_modules\next\dist\build\next-config-ts\transpile-config.js
- C:\Users\janpa\cd\development\fin\node_modules\next\dist\server\config.js
- C:\Users\janpa\cd\development\fin\node_modules\next\dist\server\next.js
- C:\Users\janpa\cd\development\fin\node_modules\next\dist\server\lib\start-server.js
    at Object.<anonymous> (C:\Users\janpa\cd\development\fin\.next\dev\server\pages\_document.js:1:7) {
  code: 'MODULE_NOT_FOUND',
  requireStack: [Array]
}
⨯ Error: Cannot find module '../chunks/ssr/[turbopack]_runtime.js'
Require stack:
- C:\Users\janpa\cd\development\fin\.next\dev\server\pages\_document.js
- C:\Users\janpa\cd\development\fin\node_modules\next\dist\server\require.js
- C:\Users\janpa\cd\development\fin\node_modules\next\dist\server\load-components.js
- C:\Users\janpa\cd\development\fin\node_modules\next\dist\build\utils.js
- C:\Users\janpa\cd\development\fin\node_modules\next\dist\build\swc\options.js
- C:\Users\janpa\cd\development\fin\node_modules\next\dist\build\swc\index.js
- C:\Users\janpa\cd\development\fin\node_modules\next\dist\build\next-config-ts\transpile-config.js
- C:\Users\janpa\cd\development\fin\node_modules\next\dist\server\config.js
- C:\Users\janpa\cd\development\fin\node_modules\next\dist\server\next.js
- C:\Users\janpa\cd\development\fin\node_modules\next\dist\server\lib\start-server.js
    at Object.<anonymous> (C:\Users\janpa\cd\development\fin\.next\dev\server\pages\_document.js:1:7) {
  code: 'MODULE_NOT_FOUND',
  requireStack: [Array]
}
⨯ Error: Cannot find module '../chunks/ssr/[turbopack]_runtime.js'
Require stack:
- C:\Users\janpa\cd\development\fin\.next\dev\server\pages\_document.js
- C:\Users\janpa\cd\development\fin\node_modules\next\dist\server\require.js
- C:\Users\janpa\cd\development\fin\node_modules\next\dist\server\load-components.js
- C:\Users\janpa\cd\development\fin\node_modules\next\dist\build\utils.js
- C:\Users\janpa\cd\development\fin\node_modules\next\dist\build\swc\options.js
- C:\Users\janpa\cd\development\fin\node_modules\next\dist\build\swc\index.js
- C:\Users\janpa\cd\development\fin\node_modules\next\dist\build\next-config-ts\transpile-config.js
- C:\Users\janpa\cd\development\fin\node_modules\next\dist\server\config.js
- C:\Users\janpa\cd\development\fin\node_modules\next\dist\server\next.js
- C:\Users\janpa\cd\development\fin\node_modules\next\dist\server\lib\start-server.js
    at Object.<anonymous> (C:\Users\janpa\cd\development\fin\.next\dev\server\pages\_document.js:1:7) {
  code: 'MODULE_NOT_FOUND',
  requireStack: [Array]
}
⨯ Error: Cannot find module '../chunks/ssr/[turbopack]_runtime.js'
Require stack:
- C:\Users\janpa\cd\development\fin\.next\dev\server\pages\_document.js
- C:\Users\janpa\cd\development\fin\node_modules\next\dist\server\require.js
- C:\Users\janpa\cd\development\fin\node_modules\next\dist\server\load-components.js
- C:\Users\janpa\cd\development\fin\node_modules\next\dist\build\utils.js
- C:\Users\janpa\cd\development\fin\node_modules\next\dist\build\swc\options.js
- C:\Users\janpa\cd\development\fin\node_modules\next\dist\build\swc\index.js
- C:\Users\janpa\cd\development\fin\node_modules\next\dist\build\next-config-ts\transpile-config.js
- C:\Users\janpa\cd\development\fin\node_modules\next\dist\server\config.js
- C:\Users\janpa\cd\development\fin\node_modules\next\dist\server\next.js
- C:\Users\janpa\cd\development\fin\node_modules\next\dist\server\lib\start-server.js
    at Object.<anonymous> (C:\Users\janpa\cd\development\fin\.next\dev\server\pages\_document.js:1:7) {
  code: 'MODULE_NOT_FOUND',
  requireStack: [Array]
}
⨯ Error: Cannot find module '../chunks/ssr/[turbopack]_runtime.js'
Require stack:
- C:\Users\janpa\cd\development\fin\.next\dev\server\pages\_document.js
- C:\Users\janpa\cd\development\fin\node_modules\next\dist\server\require.js
- C:\Users\janpa\cd\development\fin\node_modules\next\dist\server\load-components.js
- C:\Users\janpa\cd\development\fin\node_modules\next\dist\build\utils.js
- C:\Users\janpa\cd\development\fin\node_modules\next\dist\build\swc\options.js
- C:\Users\janpa\cd\development\fin\node_modules\next\dist\build\swc\index.js
- C:\Users\janpa\cd\development\fin\node_modules\next\dist\build\next-config-ts\transpile-config.js
- C:\Users\janpa\cd\development\fin\node_modules\next\dist\server\config.js
- C:\Users\janpa\cd\development\fin\node_modules\next\dist\server\next.js
- C:\Users\janpa\cd\development\fin\node_modules\next\dist\server\lib\start-server.js
    at Object.<anonymous> (C:\Users\janpa\cd\development\fin\.next\dev\server\pages\_document.js:1:7) {
  code: 'MODULE_NOT_FOUND',
  requireStack: [Array]
}
⨯ Error: Cannot find module '../chunks/ssr/[turbopack]_runtime.js'
Require stack:
- C:\Users\janpa\cd\development\fin\.next\dev\server\pages\_document.js
- C:\Users\janpa\cd\development\fin\node_modules\next\dist\server\require.js
- C:\Users\janpa\cd\development\fin\node_modules\next\dist\server\load-components.js
- C:\Users\janpa\cd\development\fin\node_modules\next\dist\build\utils.js
- C:\Users\janpa\cd\development\fin\node_modules\next\dist\build\swc\options.js
- C:\Users\janpa\cd\development\fin\node_modules\next\dist\build\swc\index.js
- C:\Users\janpa\cd\development\fin\node_modules\next\dist\build\next-config-ts\transpile-config.js
- C:\Users\janpa\cd\development\fin\node_modules\next\dist\server\config.js
- C:\Users\janpa\cd\development\fin\node_modules\next\dist\server\next.js
- C:\Users\janpa\cd\development\fin\node_modules\next\dist\server\lib\start-server.js
    at Object.<anonymous> (C:\Users\janpa\cd\development\fin\.next\dev\server\pages\_document.js:1:7) {
  code: 'MODULE_NOT_FOUND',
  requireStack: [Array]
}
Error: ENOENT: no such file or directory, open 'C:\Users\janpa\cd\development\fin\.next\dev\routes-manifest.json'
    at ignore-listed frames {
  errno: -4058,
  code: 'ENOENT',
  syscall: 'open',
  path: 'C:\\Users\\janpa\\cd\\development\\fin\\.next\\dev\\routes-manifest.json'
}
 GET /test-goal-progress-bar 500 in 836ms (compile: 372ms, proxy.ts: 444ms, render: 19ms)
Error: ENOENT: no such file or directory, open 'C:\Users\janpa\cd\development\fin\.next\dev\routes-manifest.json'
    at ignore-listed frames {
  errno: -4058,
  code: 'ENOENT',
  syscall: 'open',
  path: 'C:\\Users\\janpa\\cd\\development\\fin\\.next\\dev\\routes-manifest.json'
}
 GET / 500 in 848ms (compile: 373ms, proxy.ts: 461ms, render: 15ms)
Error: ENOENT: no such file or directory, open 'C:\Users\janpa\cd\development\fin\.next\dev\routes-manifest.json'
    at ignore-listed frames {
  errno: -4058,
  code: 'ENOENT',
  syscall: 'open',
  path: 'C:\\Users\\janpa\\cd\\development\\fin\\.next\\dev\\routes-manifest.json'
}
Error: ENOENT: no such file or directory, open 'C:\Users\janpa\cd\development\fin\.next\dev\routes-manifest.json'
    at ignore-listed frames {
  errno: -4058,
  code: 'ENOENT',
  syscall: 'open',
  path: 'C:\\Users\\janpa\\cd\\development\\fin\\.next\\dev\\routes-manifest.json'
}
 GET / 500 in 898ms (compile: 395ms, proxy.ts: 487ms, render: 16ms)
Error: ENOENT: no such file or directory, open 'C:\Users\janpa\cd\development\fin\.next\dev\routes-manifest.json'
    at ignore-listed frames {
  errno: -4058,
  code: 'ENOENT',
  syscall: 'open',
  path: 'C:\\Users\\janpa\\cd\\development\\fin\\.next\\dev\\routes-manifest.json'
}
 GET /test-goal-progress-bar 500 in 915ms (compile: 374ms, proxy.ts: 527ms, render: 15ms)
Error: ENOENT: no such file or directory, open 'C:\Users\janpa\cd\development\fin\.next\dev\routes-manifest.json'
    at ignore-listed frames {
  errno: -4058,
  code: 'ENOENT',
  syscall: 'open',
  path: 'C:\\Users\\janpa\\cd\\development\\fin\\.next\\dev\\routes-manifest.json'
}
 GET / 500 in 940ms (compile: 372ms, proxy.ts: 555ms, render: 14ms)
Error: ENOENT: no such file or directory, open 'C:\Users\janpa\cd\development\fin\.next\dev\routes-manifest.json'
    at ignore-listed frames {
  errno: -4058,
  code: 'ENOENT',
  syscall: 'open',
  path: 'C:\\Users\\janpa\\cd\\development\\fin\\.next\\dev\\routes-manifest.json'
}
 GET / 500 in 957ms (compile: 365ms, proxy.ts: 577ms, render: 15ms)
Error: ENOENT: no such file or directory, open 'C:\Users\janpa\cd\development\fin\.next\dev\routes-manifest.json'
    at ignore-listed frames {
  errno: -4058,
  code: 'ENOENT',
  syscall: 'open',
  path: 'C:\\Users\\janpa\\cd\\development\\fin\\.next\\dev\\routes-manifest.json'
}
 GET /login 500 in 975ms (compile: 364ms, proxy.ts: 596ms, render: 16ms)
⨯ Error: Cannot find module '../../chunks/ssr/[turbopack]_runtime.js'
Require stack:
- C:\Users\janpa\cd\development\fin\.next\dev\server\app\_not-found\page.js
- C:\Users\janpa\cd\development\fin\node_modules\next\dist\server\require.js
- C:\Users\janpa\cd\development\fin\node_modules\next\dist\server\load-components.js
- C:\Users\janpa\cd\development\fin\node_modules\next\dist\build\utils.js
- C:\Users\janpa\cd\development\fin\node_modules\next\dist\build\swc\options.js
- C:\Users\janpa\cd\development\fin\node_modules\next\dist\build\swc\index.js
- C:\Users\janpa\cd\development\fin\node_modules\next\dist\build\next-config-ts\transpile-config.js
- C:\Users\janpa\cd\development\fin\node_modules\next\dist\server\config.js
- C:\Users\janpa\cd\development\fin\node_modules\next\dist\server\next.js
- C:\Users\janpa\cd\development\fin\node_modules\next\dist\server\lib\start-server.js
    at Object.<anonymous> (C:\Users\janpa\cd\development\fin\.next\dev\server\app\_not-found\page.js:1:7) {
  code: 'MODULE_NOT_FOUND',
  requireStack: [Array]
}
⨯ Error: Cannot find module '../chunks/ssr/[turbopack]_runtime.js'
Require stack:
- C:\Users\janpa\cd\development\fin\.next\dev\server\pages\_document.js
- C:\Users\janpa\cd\development\fin\node_modules\next\dist\server\require.js
- C:\Users\janpa\cd\development\fin\node_modules\next\dist\server\load-components.js
- C:\Users\janpa\cd\development\fin\node_modules\next\dist\build\utils.js
- C:\Users\janpa\cd\development\fin\node_modules\next\dist\build\swc\options.js
- C:\Users\janpa\cd\development\fin\node_modules\next\dist\build\swc\index.js
- C:\Users\janpa\cd\development\fin\node_modules\next\dist\build\next-config-ts\transpile-config.js
- C:\Users\janpa\cd\development\fin\node_modules\next\dist\server\config.js
- C:\Users\janpa\cd\development\fin\node_modules\next\dist\server\next.js
- C:\Users\janpa\cd\development\fin\node_modules\next\dist\server\lib\start-server.js
    at Object.<anonymous> (C:\Users\janpa\cd\development\fin\.next\dev\server\pages\_document.js:1:7) {
  code: 'MODULE_NOT_FOUND',
  requireStack: [Array]
}
⨯ Error: Cannot find module '../chunks/ssr/[turbopack]_runtime.js'
Require stack:
- C:\Users\janpa\cd\development\fin\.next\dev\server\pages\_document.js
- C:\Users\janpa\cd\development\fin\node_modules\next\dist\server\require.js
- C:\Users\janpa\cd\development\fin\node_modules\next\dist\server\load-components.js
- C:\Users\janpa\cd\development\fin\node_modules\next\dist\build\utils.js
- C:\Users\janpa\cd\development\fin\node_modules\next\dist\build\swc\options.js
- C:\Users\janpa\cd\development\fin\node_modules\next\dist\build\swc\index.js
- C:\Users\janpa\cd\development\fin\node_modules\next\dist\build\next-config-ts\transpile-config.js
- C:\Users\janpa\cd\development\fin\node_modules\next\dist\server\config.js
- C:\Users\janpa\cd\development\fin\node_modules\next\dist\server\next.js
- C:\Users\janpa\cd\development\fin\node_modules\next\dist\server\lib\start-server.js
    at Object.<anonymous> (C:\Users\janpa\cd\development\fin\.next\dev\server\pages\_document.js:1:7) {
  code: 'MODULE_NOT_FOUND',
  requireStack: [Array]
}
⨯ Error: Cannot find module '../chunks/ssr/[turbopack]_runtime.js'
Require stack:
- C:\Users\janpa\cd\development\fin\.next\dev\server\pages\_document.js
- C:\Users\janpa\cd\development\fin\node_modules\next\dist\server\require.js
- C:\Users\janpa\cd\development\fin\node_modules\next\dist\server\load-components.js
- C:\Users\janpa\cd\development\fin\node_modules\next\dist\build\utils.js
- C:\Users\janpa\cd\development\fin\node_modules\next\dist\build\swc\options.js
- C:\Users\janpa\cd\development\fin\node_modules\next\dist\build\swc\index.js
- C:\Users\janpa\cd\development\fin\node_modules\next\dist\build\next-config-ts\transpile-config.js
- C:\Users\janpa\cd\development\fin\node_modules\next\dist\server\config.js
- C:\Users\janpa\cd\development\fin\node_modules\next\dist\server\next.js
- C:\Users\janpa\cd\development\fin\node_modules\next\dist\server\lib\start-server.js
    at Object.<anonymous> (C:\Users\janpa\cd\development\fin\.next\dev\server\pages\_document.js:1:7) {
  code: 'MODULE_NOT_FOUND',
  requireStack: [Array]
}
⨯ Error: Cannot find module '../chunks/ssr/[turbopack]_runtime.js'
Require stack:
- C:\Users\janpa\cd\development\fin\.next\dev\server\pages\_document.js
- C:\Users\janpa\cd\development\fin\node_modules\next\dist\server\require.js
- C:\Users\janpa\cd\development\fin\node_modules\next\dist\server\load-components.js
- C:\Users\janpa\cd\development\fin\node_modules\next\dist\build\utils.js
- C:\Users\janpa\cd\development\fin\node_modules\next\dist\build\swc\options.js
- C:\Users\janpa\cd\development\fin\node_modules\next\dist\build\swc\index.js
- C:\Users\janpa\cd\development\fin\node_modules\next\dist\build\next-config-ts\transpile-config.js
- C:\Users\janpa\cd\development\fin\node_modules\next\dist\server\config.js
- C:\Users\janpa\cd\development\fin\node_modules\next\dist\server\next.js
- C:\Users\janpa\cd\development\fin\node_modules\next\dist\server\lib\start-server.js
    at Object.<anonymous> (C:\Users\janpa\cd\development\fin\.next\dev\server\pages\_document.js:1:7) {
  code: 'MODULE_NOT_FOUND',
  requireStack: [Array]
}
⨯ Error: Cannot find module '../chunks/ssr/[turbopack]_runtime.js'
Require stack:
- C:\Users\janpa\cd\development\fin\.next\dev\server\pages\_document.js
- C:\Users\janpa\cd\development\fin\node_modules\next\dist\server\require.js
- C:\Users\janpa\cd\development\fin\node_modules\next\dist\server\load-components.js
- C:\Users\janpa\cd\development\fin\node_modules\next\dist\build\utils.js
- C:\Users\janpa\cd\development\fin\node_modules\next\dist\build\swc\options.js
- C:\Users\janpa\cd\development\fin\node_modules\next\dist\build\swc\index.js
- C:\Users\janpa\cd\development\fin\node_modules\next\dist\build\next-config-ts\transpile-config.js
- C:\Users\janpa\cd\development\fin\node_modules\next\dist\server\config.js
- C:\Users\janpa\cd\development\fin\node_modules\next\dist\server\next.js
- C:\Users\janpa\cd\development\fin\node_modules\next\dist\server\lib\start-server.js
    at Object.<anonymous> (C:\Users\janpa\cd\development\fin\.next\dev\server\pages\_document.js:1:7) {
  code: 'MODULE_NOT_FOUND',
  requireStack: [Array]
}
⨯ Error: Cannot find module '../chunks/ssr/[turbopack]_runtime.js'
Require stack:
- C:\Users\janpa\cd\development\fin\.next\dev\server\pages\_document.js
- C:\Users\janpa\cd\development\fin\node_modules\next\dist\server\require.js
- C:\Users\janpa\cd\development\fin\node_modules\next\dist\server\load-components.js
- C:\Users\janpa\cd\development\fin\node_modules\next\dist\build\utils.js
- C:\Users\janpa\cd\development\fin\node_modules\next\dist\build\swc\options.js
- C:\Users\janpa\cd\development\fin\node_modules\next\dist\build\swc\index.js
- C:\Users\janpa\cd\development\fin\node_modules\next\dist\build\next-config-ts\transpile-config.js
- C:\Users\janpa\cd\development\fin\node_modules\next\dist\server\config.js
- C:\Users\janpa\cd\development\fin\node_modules\next\dist\server\next.js
- C:\Users\janpa\cd\development\fin\node_modules\next\dist\server\lib\start-server.js
    at Object.<anonymous> (C:\Users\janpa\cd\development\fin\.next\dev\server\pages\_document.js:1:7) {
  code: 'MODULE_NOT_FOUND',
  requireStack: [Array]
}
⨯ Error: Cannot find module '../chunks/ssr/[turbopack]_runtime.js'
Require stack:
- C:\Users\janpa\cd\development\fin\.next\dev\server\pages\_document.js
- C:\Users\janpa\cd\development\fin\node_modules\next\dist\server\require.js
- C:\Users\janpa\cd\development\fin\node_modules\next\dist\server\load-components.js
- C:\Users\janpa\cd\development\fin\node_modules\next\dist\build\utils.js
- C:\Users\janpa\cd\development\fin\node_modules\next\dist\build\swc\options.js
- C:\Users\janpa\cd\development\fin\node_modules\next\dist\build\swc\index.js
- C:\Users\janpa\cd\development\fin\node_modules\next\dist\build\next-config-ts\transpile-config.js
- C:\Users\janpa\cd\development\fin\node_modules\next\dist\server\config.js
- C:\Users\janpa\cd\development\fin\node_modules\next\dist\server\next.js
- C:\Users\janpa\cd\development\fin\node_modules\next\dist\server\lib\start-server.js
    at Object.<anonymous> (C:\Users\janpa\cd\development\fin\.next\dev\server\pages\_document.js:1:7) {
  code: 'MODULE_NOT_FOUND',
  requireStack: [Array]
}
⨯ Error: Cannot find module '../chunks/ssr/[turbopack]_runtime.js'
Require stack:
- C:\Users\janpa\cd\development\fin\.next\dev\server\pages\_document.js
- C:\Users\janpa\cd\development\fin\node_modules\next\dist\server\require.js
- C:\Users\janpa\cd\development\fin\node_modules\next\dist\server\load-components.js
- C:\Users\janpa\cd\development\fin\node_modules\next\dist\build\utils.js
- C:\Users\janpa\cd\development\fin\node_modules\next\dist\build\swc\options.js
- C:\Users\janpa\cd\development\fin\node_modules\next\dist\build\swc\index.js
- C:\Users\janpa\cd\development\fin\node_modules\next\dist\build\next-config-ts\transpile-config.js
- C:\Users\janpa\cd\development\fin\node_modules\next\dist\server\config.js
- C:\Users\janpa\cd\development\fin\node_modules\next\dist\server\next.js
- C:\Users\janpa\cd\development\fin\node_modules\next\dist\server\lib\start-server.js
    at Object.<anonymous> (C:\Users\janpa\cd\development\fin\.next\dev\server\pages\_document.js:1:7) {
  code: 'MODULE_NOT_FOUND',
  requireStack: [Array]
}
⨯ Error: Cannot find module '../chunks/ssr/[turbopack]_runtime.js'
Require stack:
- C:\Users\janpa\cd\development\fin\.next\dev\server\pages\_document.js
- C:\Users\janpa\cd\development\fin\node_modules\next\dist\server\require.js
- C:\Users\janpa\cd\development\fin\node_modules\next\dist\server\load-components.js
- C:\Users\janpa\cd\development\fin\node_modules\next\dist\build\utils.js
- C:\Users\janpa\cd\development\fin\node_modules\next\dist\build\swc\options.js
- C:\Users\janpa\cd\development\fin\node_modules\next\dist\build\swc\index.js
- C:\Users\janpa\cd\development\fin\node_modules\next\dist\build\next-config-ts\transpile-config.js
- C:\Users\janpa\cd\development\fin\node_modules\next\dist\server\config.js
- C:\Users\janpa\cd\development\fin\node_modules\next\dist\server\next.js
- C:\Users\janpa\cd\development\fin\node_modules\next\dist\server\lib\start-server.js
    at Object.<anonymous> (C:\Users\janpa\cd\development\fin\.next\dev\server\pages\_document.js:1:7) {
  code: 'MODULE_NOT_FOUND',
  requireStack: [Array]
}
⨯ Error: Cannot find module '../chunks/ssr/[turbopack]_runtime.js'
Require stack:
- C:\Users\janpa\cd\development\fin\.next\dev\server\pages\_document.js
- C:\Users\janpa\cd\development\fin\node_modules\next\dist\server\require.js
- C:\Users\janpa\cd\development\fin\node_modules\next\dist\server\load-components.js
- C:\Users\janpa\cd\development\fin\node_modules\next\dist\build\utils.js
- C:\Users\janpa\cd\development\fin\node_modules\next\dist\build\swc\options.js
- C:\Users\janpa\cd\development\fin\node_modules\next\dist\build\swc\index.js
- C:\Users\janpa\cd\development\fin\node_modules\next\dist\build\next-config-ts\transpile-config.js
- C:\Users\janpa\cd\development\fin\node_modules\next\dist\server\config.js
- C:\Users\janpa\cd\development\fin\node_modules\next\dist\server\next.js
- C:\Users\janpa\cd\development\fin\node_modules\next\dist\server\lib\start-server.js
    at Object.<anonymous> (C:\Users\janpa\cd\development\fin\.next\dev\server\pages\_document.js:1:7) {
  code: 'MODULE_NOT_FOUND',
  requireStack: [Array]
}
⨯ Error: Cannot find module '../chunks/ssr/[turbopack]_runtime.js'
Require stack:
- C:\Users\janpa\cd\development\fin\.next\dev\server\pages\_document.js
- C:\Users\janpa\cd\development\fin\node_modules\next\dist\server\require.js
- C:\Users\janpa\cd\development\fin\node_modules\next\dist\server\load-components.js
- C:\Users\janpa\cd\development\fin\node_modules\next\dist\build\utils.js
- C:\Users\janpa\cd\development\fin\node_modules\next\dist\build\swc\options.js
- C:\Users\janpa\cd\development\fin\node_modules\next\dist\build\swc\index.js
- C:\Users\janpa\cd\development\fin\node_modules\next\dist\build\next-config-ts\transpile-config.js
- C:\Users\janpa\cd\development\fin\node_modules\next\dist\server\config.js
- C:\Users\janpa\cd\development\fin\node_modules\next\dist\server\next.js
- C:\Users\janpa\cd\development\fin\node_modules\next\dist\server\lib\start-server.js
    at Object.<anonymous> (C:\Users\janpa\cd\development\fin\.next\dev\server\pages\_document.js:1:7) {
  code: 'MODULE_NOT_FOUND',
  requireStack: [Array]
}
⨯ Error: Cannot find module '../chunks/ssr/[turbopack]_runtime.js'
Require stack:
- C:\Users\janpa\cd\development\fin\.next\dev\server\pages\_document.js
- C:\Users\janpa\cd\development\fin\node_modules\next\dist\server\require.js
- C:\Users\janpa\cd\development\fin\node_modules\next\dist\server\load-components.js
- C:\Users\janpa\cd\development\fin\node_modules\next\dist\build\utils.js
- C:\Users\janpa\cd\development\fin\node_modules\next\dist\build\swc\options.js
- C:\Users\janpa\cd\development\fin\node_modules\next\dist\build\swc\index.js
- C:\Users\janpa\cd\development\fin\node_modules\next\dist\build\next-config-ts\transpile-config.js
- C:\Users\janpa\cd\development\fin\node_modules\next\dist\server\config.js
- C:\Users\janpa\cd\development\fin\node_modules\next\dist\server\next.js
- C:\Users\janpa\cd\development\fin\node_modules\next\dist\server\lib\start-server.js
    at Object.<anonymous> (C:\Users\janpa\cd\development\fin\.next\dev\server\pages\_document.js:1:7) {
  code: 'MODULE_NOT_FOUND',
  requireStack: [Array]
}
⨯ Error: Cannot find module '../chunks/ssr/[turbopack]_runtime.js'
Require stack:
- C:\Users\janpa\cd\development\fin\.next\dev\server\pages\_document.js
- C:\Users\janpa\cd\development\fin\node_modules\next\dist\server\require.js
- C:\Users\janpa\cd\development\fin\node_modules\next\dist\server\load-components.js
- C:\Users\janpa\cd\development\fin\node_modules\next\dist\build\utils.js
- C:\Users\janpa\cd\development\fin\node_modules\next\dist\build\swc\options.js
- C:\Users\janpa\cd\development\fin\node_modules\next\dist\build\swc\index.js
- C:\Users\janpa\cd\development\fin\node_modules\next\dist\build\next-config-ts\transpile-config.js
- C:\Users\janpa\cd\development\fin\node_modules\next\dist\server\config.js
- C:\Users\janpa\cd\development\fin\node_modules\next\dist\server\next.js
- C:\Users\janpa\cd\development\fin\node_modules\next\dist\server\lib\start-server.js
    at Object.<anonymous> (C:\Users\janpa\cd\development\fin\.next\dev\server\pages\_document.js:1:7) {
  code: 'MODULE_NOT_FOUND',
  requireStack: [Array]
}
⨯ Error: Cannot find module '../chunks/ssr/[turbopack]_runtime.js'
Require stack:
- C:\Users\janpa\cd\development\fin\.next\dev\server\pages\_document.js
- C:\Users\janpa\cd\development\fin\node_modules\next\dist\server\require.js
- C:\Users\janpa\cd\development\fin\node_modules\next\dist\server\load-components.js
- C:\Users\janpa\cd\development\fin\node_modules\next\dist\build\utils.js
- C:\Users\janpa\cd\development\fin\node_modules\next\dist\build\swc\options.js
- C:\Users\janpa\cd\development\fin\node_modules\next\dist\build\swc\index.js
- C:\Users\janpa\cd\development\fin\node_modules\next\dist\build\next-config-ts\transpile-config.js
- C:\Users\janpa\cd\development\fin\node_modules\next\dist\server\config.js
- C:\Users\janpa\cd\development\fin\node_modules\next\dist\server\next.js
- C:\Users\janpa\cd\development\fin\node_modules\next\dist\server\lib\start-server.js
    at Object.<anonymous> (C:\Users\janpa\cd\development\fin\.next\dev\server\pages\_document.js:1:7) {
  code: 'MODULE_NOT_FOUND',
  requireStack: [Array]
}
⨯ Error: Cannot find module '../chunks/ssr/[turbopack]_runtime.js'
Require stack:
- C:\Users\janpa\cd\development\fin\.next\dev\server\pages\_document.js
- C:\Users\janpa\cd\development\fin\node_modules\next\dist\server\require.js
- C:\Users\janpa\cd\development\fin\node_modules\next\dist\server\load-components.js
- C:\Users\janpa\cd\development\fin\node_modules\next\dist\build\utils.js
- C:\Users\janpa\cd\development\fin\node_modules\next\dist\build\swc\options.js
- C:\Users\janpa\cd\development\fin\node_modules\next\dist\build\swc\index.js
- C:\Users\janpa\cd\development\fin\node_modules\next\dist\build\next-config-ts\transpile-config.js
- C:\Users\janpa\cd\development\fin\node_modules\next\dist\server\config.js
- C:\Users\janpa\cd\development\fin\node_modules\next\dist\server\next.js
- C:\Users\janpa\cd\development\fin\node_modules\next\dist\server\lib\start-server.js
    at Object.<anonymous> (C:\Users\janpa\cd\development\fin\.next\dev\server\pages\_document.js:1:7) {
  code: 'MODULE_NOT_FOUND',
  requireStack: [Array]
}
⨯ Error: Cannot find module '../chunks/ssr/[turbopack]_runtime.js'
Require stack:
- C:\Users\janpa\cd\development\fin\.next\dev\server\pages\_document.js
- C:\Users\janpa\cd\development\fin\node_modules\next\dist\server\require.js
- C:\Users\janpa\cd\development\fin\node_modules\next\dist\server\load-components.js
- C:\Users\janpa\cd\development\fin\node_modules\next\dist\build\utils.js
- C:\Users\janpa\cd\development\fin\node_modules\next\dist\build\swc\options.js
- C:\Users\janpa\cd\development\fin\node_modules\next\dist\build\swc\index.js
- C:\Users\janpa\cd\development\fin\node_modules\next\dist\build\next-config-ts\transpile-config.js
- C:\Users\janpa\cd\development\fin\node_modules\next\dist\server\config.js
- C:\Users\janpa\cd\development\fin\node_modules\next\dist\server\next.js
- C:\Users\janpa\cd\development\fin\node_modules\next\dist\server\lib\start-server.js
    at Object.<anonymous> (C:\Users\janpa\cd\development\fin\.next\dev\server\pages\_document.js:1:7) {
  code: 'MODULE_NOT_FOUND',
  requireStack: [Array]
}
⨯ Error: Cannot find module '../chunks/ssr/[turbopack]_runtime.js'
Require stack:
- C:\Users\janpa\cd\development\fin\.next\dev\server\pages\_document.js
- C:\Users\janpa\cd\development\fin\node_modules\next\dist\server\require.js
- C:\Users\janpa\cd\development\fin\node_modules\next\dist\server\load-components.js
- C:\Users\janpa\cd\development\fin\node_modules\next\dist\build\utils.js
- C:\Users\janpa\cd\development\fin\node_modules\next\dist\build\swc\options.js
- C:\Users\janpa\cd\development\fin\node_modules\next\dist\build\swc\index.js
- C:\Users\janpa\cd\development\fin\node_modules\next\dist\build\next-config-ts\transpile-config.js
- C:\Users\janpa\cd\development\fin\node_modules\next\dist\server\config.js
- C:\Users\janpa\cd\development\fin\node_modules\next\dist\server\next.js
- C:\Users\janpa\cd\development\fin\node_modules\next\dist\server\lib\start-server.js
    at Object.<anonymous> (C:\Users\janpa\cd\development\fin\.next\dev\server\pages\_document.js:1:7) {
  code: 'MODULE_NOT_FOUND',
  requireStack: [Array]
}
Error: ENOENT: no such file or directory, open 'C:\Users\janpa\cd\development\fin\.next\dev\routes-manifest.json'
    at ignore-listed frames {
  errno: -4058,
  code: 'ENOENT',
  syscall: 'open',
  path: 'C:\\Users\\janpa\\cd\\development\\fin\\.next\\dev\\routes-manifest.json'
}
⨯ Error: Cannot find module '../chunks/ssr/[turbopack]_runtime.js'
Require stack:
- C:\Users\janpa\cd\development\fin\.next\dev\server\pages\_document.js
- C:\Users\janpa\cd\development\fin\node_modules\next\dist\server\require.js
- C:\Users\janpa\cd\development\fin\node_modules\next\dist\server\load-components.js
- C:\Users\janpa\cd\development\fin\node_modules\next\dist\build\utils.js
- C:\Users\janpa\cd\development\fin\node_modules\next\dist\build\swc\options.js
- C:\Users\janpa\cd\development\fin\node_modules\next\dist\build\swc\index.js
- C:\Users\janpa\cd\development\fin\node_modules\next\dist\build\next-config-ts\transpile-config.js
- C:\Users\janpa\cd\development\fin\node_modules\next\dist\server\config.js
- C:\Users\janpa\cd\development\fin\node_modules\next\dist\server\next.js
- C:\Users\janpa\cd\development\fin\node_modules\next\dist\server\lib\start-server.js
    at Object.<anonymous> (C:\Users\janpa\cd\development\fin\.next\dev\server\pages\_document.js:1:7) {
  code: 'MODULE_NOT_FOUND',
  requireStack: [Array]
}
⨯ Error: Cannot find module '../chunks/ssr/[turbopack]_runtime.js'
Require stack:
- C:\Users\janpa\cd\development\fin\.next\dev\server\pages\_document.js
- C:\Users\janpa\cd\development\fin\node_modules\next\dist\server\require.js
- C:\Users\janpa\cd\development\fin\node_modules\next\dist\server\load-components.js
- C:\Users\janpa\cd\development\fin\node_modules\next\dist\build\utils.js
- C:\Users\janpa\cd\development\fin\node_modules\next\dist\build\swc\options.js
- C:\Users\janpa\cd\development\fin\node_modules\next\dist\build\swc\index.js
- C:\Users\janpa\cd\development\fin\node_modules\next\dist\build\next-config-ts\transpile-config.js
- C:\Users\janpa\cd\development\fin\node_modules\next\dist\server\config.js
- C:\Users\janpa\cd\development\fin\node_modules\next\dist\server\next.js
- C:\Users\janpa\cd\development\fin\node_modules\next\dist\server\lib\start-server.js
    at Object.<anonymous> (C:\Users\janpa\cd\development\fin\.next\dev\server\pages\_document.js:1:7) {
  code: 'MODULE_NOT_FOUND',
  requireStack: [Array]
}
⨯ Error: Cannot find module '../chunks/ssr/[turbopack]_runtime.js'
Require stack:
- C:\Users\janpa\cd\development\fin\.next\dev\server\pages\_document.js
- C:\Users\janpa\cd\development\fin\node_modules\next\dist\server\require.js
- C:\Users\janpa\cd\development\fin\node_modules\next\dist\server\load-components.js
- C:\Users\janpa\cd\development\fin\node_modules\next\dist\build\utils.js
- C:\Users\janpa\cd\development\fin\node_modules\next\dist\build\swc\options.js
- C:\Users\janpa\cd\development\fin\node_modules\next\dist\build\swc\index.js
- C:\Users\janpa\cd\development\fin\node_modules\next\dist\build\next-config-ts\transpile-config.js
- C:\Users\janpa\cd\development\fin\node_modules\next\dist\server\config.js
- C:\Users\janpa\cd\development\fin\node_modules\next\dist\server\next.js
- C:\Users\janpa\cd\development\fin\node_modules\next\dist\server\lib\start-server.js
    at Object.<anonymous> (C:\Users\janpa\cd\development\fin\.next\dev\server\pages\_document.js:1:7) {
  code: 'MODULE_NOT_FOUND',
  requireStack: [Array]
}
⨯ Error: Cannot find module '../chunks/ssr/[turbopack]_runtime.js'
Require stack:
- C:\Users\janpa\cd\development\fin\.next\dev\server\pages\_document.js
- C:\Users\janpa\cd\development\fin\node_modules\next\dist\server\require.js
- C:\Users\janpa\cd\development\fin\node_modules\next\dist\server\load-components.js
- C:\Users\janpa\cd\development\fin\node_modules\next\dist\build\utils.js
- C:\Users\janpa\cd\development\fin\node_modules\next\dist\build\swc\options.js
- C:\Users\janpa\cd\development\fin\node_modules\next\dist\build\swc\index.js
- C:\Users\janpa\cd\development\fin\node_modules\next\dist\build\next-config-ts\transpile-config.js
- C:\Users\janpa\cd\development\fin\node_modules\next\dist\server\config.js
- C:\Users\janpa\cd\development\fin\node_modules\next\dist\server\next.js
- C:\Users\janpa\cd\development\fin\node_modules\next\dist\server\lib\start-server.js
    at Object.<anonymous> (C:\Users\janpa\cd\development\fin\.next\dev\server\pages\_document.js:1:7) {
  code: 'MODULE_NOT_FOUND',
  requireStack: [Array]
}
⨯ Error: Cannot find module '../chunks/ssr/[turbopack]_runtime.js'
Require stack:
- C:\Users\janpa\cd\development\fin\.next\dev\server\pages\_document.js
- C:\Users\janpa\cd\development\fin\node_modules\next\dist\server\require.js
- C:\Users\janpa\cd\development\fin\node_modules\next\dist\server\load-components.js
- C:\Users\janpa\cd\development\fin\node_modules\next\dist\build\utils.js
- C:\Users\janpa\cd\development\fin\node_modules\next\dist\build\swc\options.js
- C:\Users\janpa\cd\development\fin\node_modules\next\dist\build\swc\index.js
- C:\Users\janpa\cd\development\fin\node_modules\next\dist\build\next-config-ts\transpile-config.js
- C:\Users\janpa\cd\development\fin\node_modules\next\dist\server\config.js
- C:\Users\janpa\cd\development\fin\node_modules\next\dist\server\next.js
- C:\Users\janpa\cd\development\fin\node_modules\next\dist\server\lib\start-server.js
    at Object.<anonymous> (C:\Users\janpa\cd\development\fin\.next\dev\server\pages\_document.js:1:7) {
  code: 'MODULE_NOT_FOUND',
  requireStack: [Array]
}
⨯ Error: Cannot find module '../chunks/ssr/[turbopack]_runtime.js'
Require stack:
- C:\Users\janpa\cd\development\fin\.next\dev\server\pages\_document.js
- C:\Users\janpa\cd\development\fin\node_modules\next\dist\server\require.js
- C:\Users\janpa\cd\development\fin\node_modules\next\dist\server\load-components.js
- C:\Users\janpa\cd\development\fin\node_modules\next\dist\build\utils.js
- C:\Users\janpa\cd\development\fin\node_modules\next\dist\build\swc\options.js
- C:\Users\janpa\cd\development\fin\node_modules\next\dist\build\swc\index.js
- C:\Users\janpa\cd\development\fin\node_modules\next\dist\build\next-config-ts\transpile-config.js
- C:\Users\janpa\cd\development\fin\node_modules\next\dist\server\config.js
- C:\Users\janpa\cd\development\fin\node_modules\next\dist\server\next.js
- C:\Users\janpa\cd\development\fin\node_modules\next\dist\server\lib\start-server.js
    at Object.<anonymous> (C:\Users\janpa\cd\development\fin\.next\dev\server\pages\_document.js:1:7) {
  code: 'MODULE_NOT_FOUND',
  requireStack: [Array]
}
⨯ Error: Cannot find module '../chunks/ssr/[turbopack]_runtime.js'
Require stack:
- C:\Users\janpa\cd\development\fin\.next\dev\server\pages\_document.js
- C:\Users\janpa\cd\development\fin\node_modules\next\dist\server\require.js
- C:\Users\janpa\cd\development\fin\node_modules\next\dist\server\load-components.js
- C:\Users\janpa\cd\development\fin\node_modules\next\dist\build\utils.js
- C:\Users\janpa\cd\development\fin\node_modules\next\dist\build\swc\options.js
- C:\Users\janpa\cd\development\fin\node_modules\next\dist\build\swc\index.js
- C:\Users\janpa\cd\development\fin\node_modules\next\dist\build\next-config-ts\transpile-config.js
- C:\Users\janpa\cd\development\fin\node_modules\next\dist\server\config.js
- C:\Users\janpa\cd\development\fin\node_modules\next\dist\server\next.js
- C:\Users\janpa\cd\development\fin\node_modules\next\dist\server\lib\start-server.js
    at Object.<anonymous> (C:\Users\janpa\cd\development\fin\.next\dev\server\pages\_document.js:1:7) {
  code: 'MODULE_NOT_FOUND',
  requireStack: [Array]
}
⨯ Error: Cannot find module '../chunks/ssr/[turbopack]_runtime.js'
Require stack:
- C:\Users\janpa\cd\development\fin\.next\dev\server\pages\_document.js
- C:\Users\janpa\cd\development\fin\node_modules\next\dist\server\require.js
- C:\Users\janpa\cd\development\fin\node_modules\next\dist\server\load-components.js
- C:\Users\janpa\cd\development\fin\node_modules\next\dist\build\utils.js
- C:\Users\janpa\cd\development\fin\node_modules\next\dist\build\swc\options.js
- C:\Users\janpa\cd\development\fin\node_modules\next\dist\build\swc\index.js
- C:\Users\janpa\cd\development\fin\node_modules\next\dist\build\next-config-ts\transpile-config.js
- C:\Users\janpa\cd\development\fin\node_modules\next\dist\server\config.js
- C:\Users\janpa\cd\development\fin\node_modules\next\dist\server\next.js
- C:\Users\janpa\cd\development\fin\node_modules\next\dist\server\lib\start-server.js
    at Object.<anonymous> (C:\Users\janpa\cd\development\fin\.next\dev\server\pages\_document.js:1:7) {
  code: 'MODULE_NOT_FOUND',
  requireStack: [Array]
}
⨯ Error: Cannot find module '../chunks/ssr/[turbopack]_runtime.js'
Require stack:
- C:\Users\janpa\cd\development\fin\.next\dev\server\pages\_document.js
- C:\Users\janpa\cd\development\fin\node_modules\next\dist\server\require.js
- C:\Users\janpa\cd\development\fin\node_modules\next\dist\server\load-components.js
- C:\Users\janpa\cd\development\fin\node_modules\next\dist\build\utils.js
- C:\Users\janpa\cd\development\fin\node_modules\next\dist\build\swc\options.js
- C:\Users\janpa\cd\development\fin\node_modules\next\dist\build\swc\index.js
- C:\Users\janpa\cd\development\fin\node_modules\next\dist\build\next-config-ts\transpile-config.js
- C:\Users\janpa\cd\development\fin\node_modules\next\dist\server\config.js
- C:\Users\janpa\cd\development\fin\node_modules\next\dist\server\next.js
- C:\Users\janpa\cd\development\fin\node_modules\next\dist\server\lib\start-server.js
    at Object.<anonymous> (C:\Users\janpa\cd\development\fin\.next\dev\server\pages\_document.js:1:7) {
  code: 'MODULE_NOT_FOUND',
  requireStack: [Array]
}
⨯ Error: Cannot find module '../../chunks/ssr/[turbopack]_runtime.js'
Require stack:
- C:\Users\janpa\cd\development\fin\.next\dev\server\app\_not-found\page.js
- C:\Users\janpa\cd\development\fin\node_modules\next\dist\server\require.js
- C:\Users\janpa\cd\development\fin\node_modules\next\dist\server\load-components.js
- C:\Users\janpa\cd\development\fin\node_modules\next\dist\build\utils.js
- C:\Users\janpa\cd\development\fin\node_modules\next\dist\build\swc\options.js
- C:\Users\janpa\cd\development\fin\node_modules\next\dist\build\swc\index.js
- C:\Users\janpa\cd\development\fin\node_modules\next\dist\build\next-config-ts\transpile-config.js
- C:\Users\janpa\cd\development\fin\node_modules\next\dist\server\config.js
- C:\Users\janpa\cd\development\fin\node_modules\next\dist\server\next.js
- C:\Users\janpa\cd\development\fin\node_modules\next\dist\server\lib\start-server.js
    at Object.<anonymous> (C:\Users\janpa\cd\development\fin\.next\dev\server\app\_not-found\page.js:1:7) {
  code: 'MODULE_NOT_FOUND',
  requireStack: [Array]
}
⨯ Error: Cannot find module '../../chunks/ssr/[turbopack]_runtime.js'
Require stack:
- C:\Users\janpa\cd\development\fin\.next\dev\server\app\_not-found\page.js
- C:\Users\janpa\cd\development\fin\node_modules\next\dist\server\require.js
- C:\Users\janpa\cd\development\fin\node_modules\next\dist\server\load-components.js
- C:\Users\janpa\cd\development\fin\node_modules\next\dist\build\utils.js
- C:\Users\janpa\cd\development\fin\node_modules\next\dist\build\swc\options.js
- C:\Users\janpa\cd\development\fin\node_modules\next\dist\build\swc\index.js
- C:\Users\janpa\cd\development\fin\node_modules\next\dist\build\next-config-ts\transpile-config.js
- C:\Users\janpa\cd\development\fin\node_modules\next\dist\server\config.js
- C:\Users\janpa\cd\development\fin\node_modules\next\dist\server\next.js
- C:\Users\janpa\cd\development\fin\node_modules\next\dist\server\lib\start-server.js
    at Object.<anonymous> (C:\Users\janpa\cd\development\fin\.next\dev\server\app\_not-found\page.js:1:7) {
  code: 'MODULE_NOT_FOUND',
  requireStack: [Array]
}
⨯ Error: Cannot find module '../../chunks/ssr/[turbopack]_runtime.js'
Require stack:
- C:\Users\janpa\cd\development\fin\.next\dev\server\app\_not-found\page.js
- C:\Users\janpa\cd\development\fin\node_modules\next\dist\server\require.js
- C:\Users\janpa\cd\development\fin\node_modules\next\dist\server\load-components.js
- C:\Users\janpa\cd\development\fin\node_modules\next\dist\build\utils.js
- C:\Users\janpa\cd\development\fin\node_modules\next\dist\build\swc\options.js
- C:\Users\janpa\cd\development\fin\node_modules\next\dist\build\swc\index.js
- C:\Users\janpa\cd\development\fin\node_modules\next\dist\build\next-config-ts\transpile-config.js
- C:\Users\janpa\cd\development\fin\node_modules\next\dist\server\config.js
- C:\Users\janpa\cd\development\fin\node_modules\next\dist\server\next.js
- C:\Users\janpa\cd\development\fin\node_modules\next\dist\server\lib\start-server.js
    at Object.<anonymous> (C:\Users\janpa\cd\development\fin\.next\dev\server\app\_not-found\page.js:1:7) {
  code: 'MODULE_NOT_FOUND',
  requireStack: [Array]
}
⨯ Error: Cannot find module '../../chunks/ssr/[turbopack]_runtime.js'
Require stack:
- C:\Users\janpa\cd\development\fin\.next\dev\server\app\_not-found\page.js
- C:\Users\janpa\cd\development\fin\node_modules\next\dist\server\require.js
- C:\Users\janpa\cd\development\fin\node_modules\next\dist\server\load-components.js
- C:\Users\janpa\cd\development\fin\node_modules\next\dist\build\utils.js
- C:\Users\janpa\cd\development\fin\node_modules\next\dist\build\swc\options.js
- C:\Users\janpa\cd\development\fin\node_modules\next\dist\build\swc\index.js
- C:\Users\janpa\cd\development\fin\node_modules\next\dist\build\next-config-ts\transpile-config.js
- C:\Users\janpa\cd\development\fin\node_modules\next\dist\server\config.js
- C:\Users\janpa\cd\development\fin\node_modules\next\dist\server\next.js
- C:\Users\janpa\cd\development\fin\node_modules\next\dist\server\lib\start-server.js
    at Object.<anonymous> (C:\Users\janpa\cd\development\fin\.next\dev\server\app\_not-found\page.js:1:7) {
  code: 'MODULE_NOT_FOUND',
  requireStack: [Array]
}
⨯ Error: Cannot find module '../../chunks/ssr/[turbopack]_runtime.js'
Require stack:
- C:\Users\janpa\cd\development\fin\.next\dev\server\app\_not-found\page.js
- C:\Users\janpa\cd\development\fin\node_modules\next\dist\server\require.js
- C:\Users\janpa\cd\development\fin\node_modules\next\dist\server\load-components.js
- C:\Users\janpa\cd\development\fin\node_modules\next\dist\build\utils.js
- C:\Users\janpa\cd\development\fin\node_modules\next\dist\build\swc\options.js
- C:\Users\janpa\cd\development\fin\node_modules\next\dist\build\swc\index.js
- C:\Users\janpa\cd\development\fin\node_modules\next\dist\build\next-config-ts\transpile-config.js
- C:\Users\janpa\cd\development\fin\node_modules\next\dist\server\config.js
- C:\Users\janpa\cd\development\fin\node_modules\next\dist\server\next.js
- C:\Users\janpa\cd\development\fin\node_modules\next\dist\server\lib\start-server.js
    at Object.<anonymous> (C:\Users\janpa\cd\development\fin\.next\dev\server\app\_not-found\page.js:1:7) {
  code: 'MODULE_NOT_FOUND',
  requireStack: [Array]
}
⨯ Error: Cannot find module '../../chunks/ssr/[turbopack]_runtime.js'
Require stack:
- C:\Users\janpa\cd\development\fin\.next\dev\server\app\_not-found\page.js
- C:\Users\janpa\cd\development\fin\node_modules\next\dist\server\require.js
- C:\Users\janpa\cd\development\fin\node_modules\next\dist\server\load-components.js
- C:\Users\janpa\cd\development\fin\node_modules\next\dist\build\utils.js
- C:\Users\janpa\cd\development\fin\node_modules\next\dist\build\swc\options.js
- C:\Users\janpa\cd\development\fin\node_modules\next\dist\build\swc\index.js
- C:\Users\janpa\cd\development\fin\node_modules\next\dist\build\next-config-ts\transpile-config.js
- C:\Users\janpa\cd\development\fin\node_modules\next\dist\server\config.js
- C:\Users\janpa\cd\development\fin\node_modules\next\dist\server\next.js
- C:\Users\janpa\cd\development\fin\node_modules\next\dist\server\lib\start-server.js
    at Object.<anonymous> (C:\Users\janpa\cd\development\fin\.next\dev\server\app\_not-found\page.js:1:7) {
  code: 'MODULE_NOT_FOUND',
  requireStack: [Array]
}
⨯ Error: Cannot find module '../../chunks/ssr/[turbopack]_runtime.js'
Require stack:
- C:\Users\janpa\cd\development\fin\.next\dev\server\app\_not-found\page.js
- C:\Users\janpa\cd\development\fin\node_modules\next\dist\server\require.js
- C:\Users\janpa\cd\development\fin\node_modules\next\dist\server\load-components.js
- C:\Users\janpa\cd\development\fin\node_modules\next\dist\build\utils.js
- C:\Users\janpa\cd\development\fin\node_modules\next\dist\build\swc\options.js
- C:\Users\janpa\cd\development\fin\node_modules\next\dist\build\swc\index.js
- C:\Users\janpa\cd\development\fin\node_modules\next\dist\build\next-config-ts\transpile-config.js
- C:\Users\janpa\cd\development\fin\node_modules\next\dist\server\config.js
- C:\Users\janpa\cd\development\fin\node_modules\next\dist\server\next.js
- C:\Users\janpa\cd\development\fin\node_modules\next\dist\server\lib\start-server.js
    at Object.<anonymous> (C:\Users\janpa\cd\development\fin\.next\dev\server\app\_not-found\page.js:1:7) {
  code: 'MODULE_NOT_FOUND',
  requireStack: [Array]
}
⨯ Error: Cannot find module '../../chunks/ssr/[turbopack]_runtime.js'
Require stack:
- C:\Users\janpa\cd\development\fin\.next\dev\server\app\_not-found\page.js
- C:\Users\janpa\cd\development\fin\node_modules\next\dist\server\require.js
- C:\Users\janpa\cd\development\fin\node_modules\next\dist\server\load-components.js
- C:\Users\janpa\cd\development\fin\node_modules\next\dist\build\utils.js
- C:\Users\janpa\cd\development\fin\node_modules\next\dist\build\swc\options.js
- C:\Users\janpa\cd\development\fin\node_modules\next\dist\build\swc\index.js
- C:\Users\janpa\cd\development\fin\node_modules\next\dist\build\next-config-ts\transpile-config.js
- C:\Users\janpa\cd\development\fin\node_modules\next\dist\server\config.js
- C:\Users\janpa\cd\development\fin\node_modules\next\dist\server\next.js
- C:\Users\janpa\cd\development\fin\node_modules\next\dist\server\lib\start-server.js
    at Object.<anonymous> (C:\Users\janpa\cd\development\fin\.next\dev\server\app\_not-found\page.js:1:7) {
  code: 'MODULE_NOT_FOUND',
  requireStack: [Array]
}
⨯ Error: Cannot find module '../../chunks/ssr/[turbopack]_runtime.js'
Require stack:
- C:\Users\janpa\cd\development\fin\.next\dev\server\app\_not-found\page.js
- C:\Users\janpa\cd\development\fin\node_modules\next\dist\server\require.js
- C:\Users\janpa\cd\development\fin\node_modules\next\dist\server\load-components.js
- C:\Users\janpa\cd\development\fin\node_modules\next\dist\build\utils.js
- C:\Users\janpa\cd\development\fin\node_modules\next\dist\build\swc\options.js
- C:\Users\janpa\cd\development\fin\node_modules\next\dist\build\swc\index.js
- C:\Users\janpa\cd\development\fin\node_modules\next\dist\build\next-config-ts\transpile-config.js
- C:\Users\janpa\cd\development\fin\node_modules\next\dist\server\config.js
- C:\Users\janpa\cd\development\fin\node_modules\next\dist\server\next.js
- C:\Users\janpa\cd\development\fin\node_modules\next\dist\server\lib\start-server.js
    at Object.<anonymous> (C:\Users\janpa\cd\development\fin\.next\dev\server\app\_not-found\page.js:1:7) {
  code: 'MODULE_NOT_FOUND',
  requireStack: [Array]
}
⨯ Error: Cannot find module '../../chunks/ssr/[turbopack]_runtime.js'
Require stack:
- C:\Users\janpa\cd\development\fin\.next\dev\server\app\_not-found\page.js
- C:\Users\janpa\cd\development\fin\node_modules\next\dist\server\require.js
- C:\Users\janpa\cd\development\fin\node_modules\next\dist\server\load-components.js
- C:\Users\janpa\cd\development\fin\node_modules\next\dist\build\utils.js
- C:\Users\janpa\cd\development\fin\node_modules\next\dist\build\swc\options.js
- C:\Users\janpa\cd\development\fin\node_modules\next\dist\build\swc\index.js
- C:\Users\janpa\cd\development\fin\node_modules\next\dist\build\next-config-ts\transpile-config.js
- C:\Users\janpa\cd\development\fin\node_modules\next\dist\server\config.js
- C:\Users\janpa\cd\development\fin\node_modules\next\dist\server\next.js
- C:\Users\janpa\cd\development\fin\node_modules\next\dist\server\lib\start-server.js
    at Object.<anonymous> (C:\Users\janpa\cd\development\fin\.next\dev\server\app\_not-found\page.js:1:7) {
  code: 'MODULE_NOT_FOUND',
  requireStack: [Array]
}
⨯ Error: Cannot find module '../../chunks/ssr/[turbopack]_runtime.js'
Require stack:
- C:\Users\janpa\cd\development\fin\.next\dev\server\app\_not-found\page.js
- C:\Users\janpa\cd\development\fin\node_modules\next\dist\server\require.js
- C:\Users\janpa\cd\development\fin\node_modules\next\dist\server\load-components.js
- C:\Users\janpa\cd\development\fin\node_modules\next\dist\build\utils.js
- C:\Users\janpa\cd\development\fin\node_modules\next\dist\build\swc\options.js
- C:\Users\janpa\cd\development\fin\node_modules\next\dist\build\swc\index.js
- C:\Users\janpa\cd\development\fin\node_modules\next\dist\build\next-config-ts\transpile-config.js
- C:\Users\janpa\cd\development\fin\node_modules\next\dist\server\config.js
- C:\Users\janpa\cd\development\fin\node_modules\next\dist\server\next.js
- C:\Users\janpa\cd\development\fin\node_modules\next\dist\server\lib\start-server.js
    at Object.<anonymous> (C:\Users\janpa\cd\development\fin\.next\dev\server\app\_not-found\page.js:1:7) {
  code: 'MODULE_NOT_FOUND',
  requireStack: [Array]
}
⨯ Error: Cannot find module '../../chunks/ssr/[turbopack]_runtime.js'
Require stack:
- C:\Users\janpa\cd\development\fin\.next\dev\server\app\_not-found\page.js
- C:\Users\janpa\cd\development\fin\node_modules\next\dist\server\require.js
- C:\Users\janpa\cd\development\fin\node_modules\next\dist\server\load-components.js
- C:\Users\janpa\cd\development\fin\node_modules\next\dist\build\utils.js
- C:\Users\janpa\cd\development\fin\node_modules\next\dist\build\swc\options.js
- C:\Users\janpa\cd\development\fin\node_modules\next\dist\build\swc\index.js
- C:\Users\janpa\cd\development\fin\node_modules\next\dist\build\next-config-ts\transpile-config.js
- C:\Users\janpa\cd\development\fin\node_modules\next\dist\server\config.js
- C:\Users\janpa\cd\development\fin\node_modules\next\dist\server\next.js
- C:\Users\janpa\cd\development\fin\node_modules\next\dist\server\lib\start-server.js
    at Object.<anonymous> (C:\Users\janpa\cd\development\fin\.next\dev\server\app\_not-found\page.js:1:7) {
  code: 'MODULE_NOT_FOUND',
  requireStack: [Array]
}
⨯ Error: Cannot find module '../../chunks/ssr/[turbopack]_runtime.js'
Require stack:
- C:\Users\janpa\cd\development\fin\.next\dev\server\app\_not-found\page.js
- C:\Users\janpa\cd\development\fin\node_modules\next\dist\server\require.js
- C:\Users\janpa\cd\development\fin\node_modules\next\dist\server\load-components.js
- C:\Users\janpa\cd\development\fin\node_modules\next\dist\build\utils.js
- C:\Users\janpa\cd\development\fin\node_modules\next\dist\build\swc\options.js
- C:\Users\janpa\cd\development\fin\node_modules\next\dist\build\swc\index.js
- C:\Users\janpa\cd\development\fin\node_modules\next\dist\build\next-config-ts\transpile-config.js
- C:\Users\janpa\cd\development\fin\node_modules\next\dist\server\config.js
- C:\Users\janpa\cd\development\fin\node_modules\next\dist\server\next.js
- C:\Users\janpa\cd\development\fin\node_modules\next\dist\server\lib\start-server.js
    at Object.<anonymous> (C:\Users\janpa\cd\development\fin\.next\dev\server\app\_not-found\page.js:1:7) {
  code: 'MODULE_NOT_FOUND',
  requireStack: [Array]
}
⨯ Error: Cannot find module '../../chunks/ssr/[turbopack]_runtime.js'
Require stack:
- C:\Users\janpa\cd\development\fin\.next\dev\server\app\_not-found\page.js
- C:\Users\janpa\cd\development\fin\node_modules\next\dist\server\require.js
- C:\Users\janpa\cd\development\fin\node_modules\next\dist\server\load-components.js
- C:\Users\janpa\cd\development\fin\node_modules\next\dist\build\utils.js
- C:\Users\janpa\cd\development\fin\node_modules\next\dist\build\swc\options.js
- C:\Users\janpa\cd\development\fin\node_modules\next\dist\build\swc\index.js
- C:\Users\janpa\cd\development\fin\node_modules\next\dist\build\next-config-ts\transpile-config.js
- C:\Users\janpa\cd\development\fin\node_modules\next\dist\server\config.js
- C:\Users\janpa\cd\development\fin\node_modules\next\dist\server\next.js
- C:\Users\janpa\cd\development\fin\node_modules\next\dist\server\lib\start-server.js
    at Object.<anonymous> (C:\Users\janpa\cd\development\fin\.next\dev\server\app\_not-found\page.js:1:7) {
  code: 'MODULE_NOT_FOUND',
  requireStack: [Array]
}
⨯ Error: Cannot find module '../../chunks/ssr/[turbopack]_runtime.js'
Require stack:
- C:\Users\janpa\cd\development\fin\.next\dev\server\app\_not-found\page.js
- C:\Users\janpa\cd\development\fin\node_modules\next\dist\server\require.js
- C:\Users\janpa\cd\development\fin\node_modules\next\dist\server\load-components.js
- C:\Users\janpa\cd\development\fin\node_modules\next\dist\build\utils.js
- C:\Users\janpa\cd\development\fin\node_modules\next\dist\build\swc\options.js
- C:\Users\janpa\cd\development\fin\node_modules\next\dist\build\swc\index.js
- C:\Users\janpa\cd\development\fin\node_modules\next\dist\build\next-config-ts\transpile-config.js
- C:\Users\janpa\cd\development\fin\node_modules\next\dist\server\config.js
- C:\Users\janpa\cd\development\fin\node_modules\next\dist\server\next.js
- C:\Users\janpa\cd\development\fin\node_modules\next\dist\server\lib\start-server.js
    at Object.<anonymous> (C:\Users\janpa\cd\development\fin\.next\dev\server\app\_not-found\page.js:1:7) {
  code: 'MODULE_NOT_FOUND',
  requireStack: [Array]
}
⨯ Error: Cannot find module '../../chunks/ssr/[turbopack]_runtime.js'
Require stack:
- C:\Users\janpa\cd\development\fin\.next\dev\server\app\_not-found\page.js
- C:\Users\janpa\cd\development\fin\node_modules\next\dist\server\require.js
- C:\Users\janpa\cd\development\fin\node_modules\next\dist\server\load-components.js
- C:\Users\janpa\cd\development\fin\node_modules\next\dist\build\utils.js
- C:\Users\janpa\cd\development\fin\node_modules\next\dist\build\swc\options.js
- C:\Users\janpa\cd\development\fin\node_modules\next\dist\build\swc\index.js
- C:\Users\janpa\cd\development\fin\node_modules\next\dist\build\next-config-ts\transpile-config.js
- C:\Users\janpa\cd\development\fin\node_modules\next\dist\server\config.js
- C:\Users\janpa\cd\development\fin\node_modules\next\dist\server\next.js
- C:\Users\janpa\cd\development\fin\node_modules\next\dist\server\lib\start-server.js
    at Object.<anonymous> (C:\Users\janpa\cd\development\fin\.next\dev\server\app\_not-found\page.js:1:7) {
  code: 'MODULE_NOT_FOUND',
  requireStack: [Array]
}
⨯ Error: Cannot find module '../../chunks/ssr/[turbopack]_runtime.js'
Require stack:
- C:\Users\janpa\cd\development\fin\.next\dev\server\app\_not-found\page.js
- C:\Users\janpa\cd\development\fin\node_modules\next\dist\server\require.js
- C:\Users\janpa\cd\development\fin\node_modules\next\dist\server\load-components.js
- C:\Users\janpa\cd\development\fin\node_modules\next\dist\build\utils.js
- C:\Users\janpa\cd\development\fin\node_modules\next\dist\build\swc\options.js
- C:\Users\janpa\cd\development\fin\node_modules\next\dist\build\swc\index.js
- C:\Users\janpa\cd\development\fin\node_modules\next\dist\build\next-config-ts\transpile-config.js
- C:\Users\janpa\cd\development\fin\node_modules\next\dist\server\config.js
- C:\Users\janpa\cd\development\fin\node_modules\next\dist\server\next.js
- C:\Users\janpa\cd\development\fin\node_modules\next\dist\server\lib\start-server.js
    at Object.<anonymous> (C:\Users\janpa\cd\development\fin\.next\dev\server\app\_not-found\page.js:1:7) {
  code: 'MODULE_NOT_FOUND',
  requireStack: [Array]
}
Error: ENOENT: no such file or directory, open 'C:\Users\janpa\cd\development\fin\.next\dev\routes-manifest.json'
    at ignore-listed frames {
  errno: -4058,
  code: 'ENOENT',
  syscall: 'open',
  path: 'C:\\Users\\janpa\\cd\\development\\fin\\.next\\dev\\routes-manifest.json'
}
 GET /signup 500 in 1707ms (compile: 642ms, proxy.ts: 1050ms, render: 15ms)
⨯ Error: Cannot find module '../../chunks/ssr/[turbopack]_runtime.js'
Require stack:
- C:\Users\janpa\cd\development\fin\.next\dev\server\app\_not-found\page.js
- C:\Users\janpa\cd\development\fin\node_modules\next\dist\server\require.js
- C:\Users\janpa\cd\development\fin\node_modules\next\dist\server\load-components.js
- C:\Users\janpa\cd\development\fin\node_modules\next\dist\build\utils.js
- C:\Users\janpa\cd\development\fin\node_modules\next\dist\build\swc\options.js
- C:\Users\janpa\cd\development\fin\node_modules\next\dist\build\swc\index.js
- C:\Users\janpa\cd\development\fin\node_modules\next\dist\build\next-config-ts\transpile-config.js
- C:\Users\janpa\cd\development\fin\node_modules\next\dist\server\config.js
- C:\Users\janpa\cd\development\fin\node_modules\next\dist\server\next.js
- C:\Users\janpa\cd\development\fin\node_modules\next\dist\server\lib\start-server.js
    at Object.<anonymous> (C:\Users\janpa\cd\development\fin\.next\dev\server\app\_not-found\page.js:1:7) {
  code: 'MODULE_NOT_FOUND',
  requireStack: [Array]
}
⨯ Error: Cannot find module '../../chunks/ssr/[turbopack]_runtime.js'
Require stack:
- C:\Users\janpa\cd\development\fin\.next\dev\server\app\_not-found\page.js
- C:\Users\janpa\cd\development\fin\node_modules\next\dist\server\require.js
- C:\Users\janpa\cd\development\fin\node_modules\next\dist\server\load-components.js
- C:\Users\janpa\cd\development\fin\node_modules\next\dist\build\utils.js
- C:\Users\janpa\cd\development\fin\node_modules\next\dist\build\swc\options.js
- C:\Users\janpa\cd\development\fin\node_modules\next\dist\build\swc\index.js
- C:\Users\janpa\cd\development\fin\node_modules\next\dist\build\next-config-ts\transpile-config.js
- C:\Users\janpa\cd\development\fin\node_modules\next\dist\server\config.js
- C:\Users\janpa\cd\development\fin\node_modules\next\dist\server\next.js
- C:\Users\janpa\cd\development\fin\node_modules\next\dist\server\lib\start-server.js
    at Object.<anonymous> (C:\Users\janpa\cd\development\fin\.next\dev\server\app\_not-found\page.js:1:7) {
  code: 'MODULE_NOT_FOUND',
  requireStack: [Array]
}
⨯ Error: Cannot find module '../../chunks/ssr/[turbopack]_runtime.js'
Require stack:
- C:\Users\janpa\cd\development\fin\.next\dev\server\app\_not-found\page.js
- C:\Users\janpa\cd\development\fin\node_modules\next\dist\server\require.js
- C:\Users\janpa\cd\development\fin\node_modules\next\dist\server\load-components.js
- C:\Users\janpa\cd\development\fin\node_modules\next\dist\build\utils.js
- C:\Users\janpa\cd\development\fin\node_modules\next\dist\build\swc\options.js
- C:\Users\janpa\cd\development\fin\node_modules\next\dist\build\swc\index.js
- C:\Users\janpa\cd\development\fin\node_modules\next\dist\build\next-config-ts\transpile-config.js
- C:\Users\janpa\cd\development\fin\node_modules\next\dist\server\config.js
- C:\Users\janpa\cd\development\fin\node_modules\next\dist\server\next.js
- C:\Users\janpa\cd\development\fin\node_modules\next\dist\server\lib\start-server.js
    at Object.<anonymous> (C:\Users\janpa\cd\development\fin\.next\dev\server\app\_not-found\page.js:1:7) {
  code: 'MODULE_NOT_FOUND',
  requireStack: [Array]
}
⨯ Error: Cannot find module '../../chunks/ssr/[turbopack]_runtime.js'
Require stack:
- C:\Users\janpa\cd\development\fin\.next\dev\server\app\_not-found\page.js
- C:\Users\janpa\cd\development\fin\node_modules\next\dist\server\require.js
- C:\Users\janpa\cd\development\fin\node_modules\next\dist\server\load-components.js
- C:\Users\janpa\cd\development\fin\node_modules\next\dist\build\utils.js
- C:\Users\janpa\cd\development\fin\node_modules\next\dist\build\swc\options.js
- C:\Users\janpa\cd\development\fin\node_modules\next\dist\build\swc\index.js
- C:\Users\janpa\cd\development\fin\node_modules\next\dist\build\next-config-ts\transpile-config.js
- C:\Users\janpa\cd\development\fin\node_modules\next\dist\server\config.js
- C:\Users\janpa\cd\development\fin\node_modules\next\dist\server\next.js
- C:\Users\janpa\cd\development\fin\node_modules\next\dist\server\lib\start-server.js
    at Object.<anonymous> (C:\Users\janpa\cd\development\fin\.next\dev\server\app\_not-found\page.js:1:7) {
  code: 'MODULE_NOT_FOUND',
  requireStack: [Array]
}
⨯ Error: Cannot find module '../../chunks/ssr/[turbopack]_runtime.js'
Require stack:
- C:\Users\janpa\cd\development\fin\.next\dev\server\app\_not-found\page.js
- C:\Users\janpa\cd\development\fin\node_modules\next\dist\server\require.js
- C:\Users\janpa\cd\development\fin\node_modules\next\dist\server\load-components.js
- C:\Users\janpa\cd\development\fin\node_modules\next\dist\build\utils.js
- C:\Users\janpa\cd\development\fin\node_modules\next\dist\build\swc\options.js
- C:\Users\janpa\cd\development\fin\node_modules\next\dist\build\swc\index.js
- C:\Users\janpa\cd\development\fin\node_modules\next\dist\build\next-config-ts\transpile-config.js
- C:\Users\janpa\cd\development\fin\node_modules\next\dist\server\config.js
- C:\Users\janpa\cd\development\fin\node_modules\next\dist\server\next.js
- C:\Users\janpa\cd\development\fin\node_modules\next\dist\server\lib\start-server.js
    at Object.<anonymous> (C:\Users\janpa\cd\development\fin\.next\dev\server\app\_not-found\page.js:1:7) {
  code: 'MODULE_NOT_FOUND',
  requireStack: [Array]
}
⨯ Error: Cannot find module '../../chunks/ssr/[turbopack]_runtime.js'
Require stack:
- C:\Users\janpa\cd\development\fin\.next\dev\server\app\_not-found\page.js
- C:\Users\janpa\cd\development\fin\node_modules\next\dist\server\require.js
- C:\Users\janpa\cd\development\fin\node_modules\next\dist\server\load-components.js
- C:\Users\janpa\cd\development\fin\node_modules\next\dist\build\utils.js
- C:\Users\janpa\cd\development\fin\node_modules\next\dist\build\swc\options.js
- C:\Users\janpa\cd\development\fin\node_modules\next\dist\build\swc\index.js
- C:\Users\janpa\cd\development\fin\node_modules\next\dist\build\next-config-ts\transpile-config.js
- C:\Users\janpa\cd\development\fin\node_modules\next\dist\server\config.js
- C:\Users\janpa\cd\development\fin\node_modules\next\dist\server\next.js
- C:\Users\janpa\cd\development\fin\node_modules\next\dist\server\lib\start-server.js
    at Object.<anonymous> (C:\Users\janpa\cd\development\fin\.next\dev\server\app\_not-found\page.js:1:7) {
  code: 'MODULE_NOT_FOUND',
  requireStack: [Array]
}
⨯ Error: Cannot find module '../../chunks/ssr/[turbopack]_runtime.js'
Require stack:
- C:\Users\janpa\cd\development\fin\.next\dev\server\app\_not-found\page.js
- C:\Users\janpa\cd\development\fin\node_modules\next\dist\server\require.js
- C:\Users\janpa\cd\development\fin\node_modules\next\dist\server\load-components.js
- C:\Users\janpa\cd\development\fin\node_modules\next\dist\build\utils.js
- C:\Users\janpa\cd\development\fin\node_modules\next\dist\build\swc\options.js
- C:\Users\janpa\cd\development\fin\node_modules\next\dist\build\swc\index.js
- C:\Users\janpa\cd\development\fin\node_modules\next\dist\build\next-config-ts\transpile-config.js
- C:\Users\janpa\cd\development\fin\node_modules\next\dist\server\config.js
- C:\Users\janpa\cd\development\fin\node_modules\next\dist\server\next.js
- C:\Users\janpa\cd\development\fin\node_modules\next\dist\server\lib\start-server.js
    at Object.<anonymous> (C:\Users\janpa\cd\development\fin\.next\dev\server\app\_not-found\page.js:1:7) {
  code: 'MODULE_NOT_FOUND',
  requireStack: [Array]
}
⨯ Error: Cannot find module '../../chunks/ssr/[turbopack]_runtime.js'
Require stack:
- C:\Users\janpa\cd\development\fin\.next\dev\server\app\_not-found\page.js
- C:\Users\janpa\cd\development\fin\node_modules\next\dist\server\require.js
- C:\Users\janpa\cd\development\fin\node_modules\next\dist\server\load-components.js
- C:\Users\janpa\cd\development\fin\node_modules\next\dist\build\utils.js
- C:\Users\janpa\cd\development\fin\node_modules\next\dist\build\swc\options.js
- C:\Users\janpa\cd\development\fin\node_modules\next\dist\build\swc\index.js
- C:\Users\janpa\cd\development\fin\node_modules\next\dist\build\next-config-ts\transpile-config.js
- C:\Users\janpa\cd\development\fin\node_modules\next\dist\server\config.js
- C:\Users\janpa\cd\development\fin\node_modules\next\dist\server\next.js
- C:\Users\janpa\cd\development\fin\node_modules\next\dist\server\lib\start-server.js
    at Object.<anonymous> (C:\Users\janpa\cd\development\fin\.next\dev\server\app\_not-found\page.js:1:7) {
  code: 'MODULE_NOT_FOUND',
  requireStack: [Array]
}
Error: ENOENT: no such file or directory, open 'C:\Users\janpa\cd\development\fin\.next\dev\routes-manifest.json'
    at ignore-listed frames {
  errno: -4058,
  code: 'ENOENT',
  syscall: 'open',
  path: 'C:\\Users\\janpa\\cd\\development\\fin\\.next\\dev\\routes-manifest.json'
}
Error: ENOENT: no such file or directory, open 'C:\Users\janpa\cd\development\fin\.next\dev\routes-manifest.json'
    at ignore-listed frames {
  errno: -4058,
  code: 'ENOENT',
  syscall: 'open',
  path: 'C:\\Users\\janpa\\cd\\development\\fin\\.next\\dev\\routes-manifest.json'
}
Error: ENOENT: no such file or directory, open 'C:\Users\janpa\cd\development\fin\.next\dev\routes-manifest.json'
    at ignore-listed frames {
  errno: -4058,
  code: 'ENOENT',
  syscall: 'open',
  path: 'C:\\Users\\janpa\\cd\\development\\fin\\.next\\dev\\routes-manifest.json'
}
Error: ENOENT: no such file or directory, open 'C:\Users\janpa\cd\development\fin\.next\dev\routes-manifest.json'
    at ignore-listed frames {
  errno: -4058,
  code: 'ENOENT',
  syscall: 'open',
  path: 'C:\\Users\\janpa\\cd\\development\\fin\\.next\\dev\\routes-manifest.json'
}
Error: ENOENT: no such file or directory, open 'C:\Users\janpa\cd\development\fin\.next\dev\routes-manifest.json'
    at ignore-listed frames {
  errno: -4058,
  code: 'ENOENT',
  syscall: 'open',
  path: 'C:\\Users\\janpa\\cd\\development\\fin\\.next\\dev\\routes-manifest.json'
}
Error: ENOENT: no such file or directory, open 'C:\Users\janpa\cd\development\fin\.next\dev\routes-manifest.json'
    at ignore-listed frames {
  errno: -4058,
  code: 'ENOENT',
  syscall: 'open',
  path: 'C:\\Users\\janpa\\cd\\development\\fin\\.next\\dev\\routes-manifest.json'
}
Error: ENOENT: no such file or directory, open 'C:\Users\janpa\cd\development\fin\.next\dev\routes-manifest.json'
    at ignore-listed frames {
  errno: -4058,
  code: 'ENOENT',
  syscall: 'open',
  path: 'C:\\Users\\janpa\\cd\\development\\fin\\.next\\dev\\routes-manifest.json'
}
Error: ENOENT: no such file or directory, open 'C:\Users\janpa\cd\development\fin\.next\dev\routes-manifest.json'
    at ignore-listed frames {
  errno: -4058,
  code: 'ENOENT',
  syscall: 'open',
  path: 'C:\\Users\\janpa\\cd\\development\\fin\\.next\\dev\\routes-manifest.json'
}
Error: ENOENT: no such file or directory, open 'C:\Users\janpa\cd\development\fin\.next\dev\routes-manifest.json'
    at ignore-listed frames {
  errno: -4058,
  code: 'ENOENT',
  syscall: 'open',
  path: 'C:\\Users\\janpa\\cd\\development\\fin\\.next\\dev\\routes-manifest.json'
}
Error: ENOENT: no such file or directory, open 'C:\Users\janpa\cd\development\fin\.next\dev\routes-manifest.json'
    at ignore-listed frames {
  errno: -4058,
  code: 'ENOENT',
  syscall: 'open',
  path: 'C:\\Users\\janpa\\cd\\development\\fin\\.next\\dev\\routes-manifest.json'
}
Error: ENOENT: no such file or directory, open 'C:\Users\janpa\cd\development\fin\.next\dev\routes-manifest.json'
    at ignore-listed frames {
  errno: -4058,
  code: 'ENOENT',
  syscall: 'open',
  path: 'C:\\Users\\janpa\\cd\\development\\fin\\.next\\dev\\routes-manifest.json'
}
Error: ENOENT: no such file or directory, open 'C:\Users\janpa\cd\development\fin\.next\dev\routes-manifest.json'
    at ignore-listed frames {
  errno: -4058,
  code: 'ENOENT',
  syscall: 'open',
  path: 'C:\\Users\\janpa\\cd\\development\\fin\\.next\\dev\\routes-manifest.json'
}
Error: ENOENT: no such file or directory, open 'C:\Users\janpa\cd\development\fin\.next\dev\routes-manifest.json'
    at ignore-listed frames {
  errno: -4058,
  code: 'ENOENT',
  syscall: 'open',
  path: 'C:\\Users\\janpa\\cd\\development\\fin\\.next\\dev\\routes-manifest.json'
}
Error: ENOENT: no such file or directory, open 'C:\Users\janpa\cd\development\fin\.next\dev\routes-manifest.json'
    at ignore-listed frames {
  errno: -4058,
  code: 'ENOENT',
  syscall: 'open',
  path: 'C:\\Users\\janpa\\cd\\development\\fin\\.next\\dev\\routes-manifest.json'
}
Error: ENOENT: no such file or directory, open 'C:\Users\janpa\cd\development\fin\.next\dev\routes-manifest.json'
    at ignore-listed frames {
  errno: -4058,
  code: 'ENOENT',
  syscall: 'open',
  path: 'C:\\Users\\janpa\\cd\\development\\fin\\.next\\dev\\routes-manifest.json'
}
Error: ENOENT: no such file or directory, open 'C:\Users\janpa\cd\development\fin\.next\dev\routes-manifest.json'
    at ignore-listed frames {
  errno: -4058,
  code: 'ENOENT',
  syscall: 'open',
  path: 'C:\\Users\\janpa\\cd\\development\\fin\\.next\\dev\\routes-manifest.json'
}
Error: ENOENT: no such file or directory, open 'C:\Users\janpa\cd\development\fin\.next\dev\routes-manifest.json'
    at ignore-listed frames {
  errno: -4058,
  code: 'ENOENT',
  syscall: 'open',
  path: 'C:\\Users\\janpa\\cd\\development\\fin\\.next\\dev\\routes-manifest.json'
}
Error: ENOENT: no such file or directory, open 'C:\Users\janpa\cd\development\fin\.next\dev\routes-manifest.json'
    at ignore-listed frames {
  errno: -4058,
  code: 'ENOENT',
  syscall: 'open',
  path: 'C:\\Users\\janpa\\cd\\development\\fin\\.next\\dev\\routes-manifest.json'
}
Error: ENOENT: no such file or directory, open 'C:\Users\janpa\cd\development\fin\.next\dev\routes-manifest.json'
    at ignore-listed frames {
  errno: -4058,
  code: 'ENOENT',
  syscall: 'open',
  path: 'C:\\Users\\janpa\\cd\\development\\fin\\.next\\dev\\routes-manifest.json'
}
Error: ENOENT: no such file or directory, open 'C:\Users\janpa\cd\development\fin\.next\dev\routes-manifest.json'
    at ignore-listed frames {
  errno: -4058,
  code: 'ENOENT',
  syscall: 'open',
  path: 'C:\\Users\\janpa\\cd\\development\\fin\\.next\\dev\\routes-manifest.json'
}
Error: ENOENT: no such file or directory, open 'C:\Users\janpa\cd\development\fin\.next\dev\routes-manifest.json'
    at ignore-listed frames {
  errno: -4058,
  code: 'ENOENT',
  syscall: 'open',
  path: 'C:\\Users\\janpa\\cd\\development\\fin\\.next\\dev\\routes-manifest.json'
}
Error: ENOENT: no such file or directory, open 'C:\Users\janpa\cd\development\fin\.next\dev\routes-manifest.json'
    at ignore-listed frames {
  errno: -4058,
  code: 'ENOENT',
  syscall: 'open',
  path: 'C:\\Users\\janpa\\cd\\development\\fin\\.next\\dev\\routes-manifest.json'
}
Error: ENOENT: no such file or directory, open 'C:\Users\janpa\cd\development\fin\.next\dev\routes-manifest.json'
    at ignore-listed frames {
  errno: -4058,
  code: 'ENOENT',
  syscall: 'open',
  path: 'C:\\Users\\janpa\\cd\\development\\fin\\.next\\dev\\routes-manifest.json'
}
Error: ENOENT: no such file or directory, open 'C:\Users\janpa\cd\development\fin\.next\dev\routes-manifest.json'
    at ignore-listed frames {
  errno: -4058,
  code: 'ENOENT',
  syscall: 'open',
  path: 'C:\\Users\\janpa\\cd\\development\\fin\\.next\\dev\\routes-manifest.json'
}
Error: ENOENT: no such file or directory, open 'C:\Users\janpa\cd\development\fin\.next\dev\routes-manifest.json'
    at ignore-listed frames {
  errno: -4058,
  code: 'ENOENT',
  syscall: 'open',
  path: 'C:\\Users\\janpa\\cd\\development\\fin\\.next\\dev\\routes-manifest.json'
}
⨯ Error: Cannot find module '../chunks/ssr/[turbopack]_runtime.js'
Require stack:
- C:\Users\janpa\cd\development\fin\.next\dev\server\pages\_document.js
- C:\Users\janpa\cd\development\fin\node_modules\next\dist\server\require.js
- C:\Users\janpa\cd\development\fin\node_modules\next\dist\server\load-components.js
- C:\Users\janpa\cd\development\fin\node_modules\next\dist\build\utils.js
- C:\Users\janpa\cd\development\fin\node_modules\next\dist\build\swc\options.js
- C:\Users\janpa\cd\development\fin\node_modules\next\dist\build\swc\index.js
- C:\Users\janpa\cd\development\fin\node_modules\next\dist\build\next-config-ts\transpile-config.js
- C:\Users\janpa\cd\development\fin\node_modules\next\dist\server\config.js
- C:\Users\janpa\cd\development\fin\node_modules\next\dist\server\next.js
- C:\Users\janpa\cd\development\fin\node_modules\next\dist\server\lib\start-server.js
    at Object.<anonymous> (C:\Users\janpa\cd\development\fin\.next\dev\server\pages\_document.js:1:7) {
  code: 'MODULE_NOT_FOUND',
  requireStack: [Array]
}
⨯ Error: Cannot find module '../chunks/ssr/[turbopack]_runtime.js'
Require stack:
- C:\Users\janpa\cd\development\fin\.next\dev\server\pages\_document.js
- C:\Users\janpa\cd\development\fin\node_modules\next\dist\server\require.js
- C:\Users\janpa\cd\development\fin\node_modules\next\dist\server\load-components.js
- C:\Users\janpa\cd\development\fin\node_modules\next\dist\build\utils.js
- C:\Users\janpa\cd\development\fin\node_modules\next\dist\build\swc\options.js
- C:\Users\janpa\cd\development\fin\node_modules\next\dist\build\swc\index.js
- C:\Users\janpa\cd\development\fin\node_modules\next\dist\build\next-config-ts\transpile-config.js
- C:\Users\janpa\cd\development\fin\node_modules\next\dist\server\config.js
- C:\Users\janpa\cd\development\fin\node_modules\next\dist\server\next.js
- C:\Users\janpa\cd\development\fin\node_modules\next\dist\server\lib\start-server.js
    at Object.<anonymous> (C:\Users\janpa\cd\development\fin\.next\dev\server\pages\_document.js:1:7) {
  code: 'MODULE_NOT_FOUND',
  requireStack: [Array]
}
⨯ Error: Cannot find module '../chunks/ssr/[turbopack]_runtime.js'
Require stack:
- C:\Users\janpa\cd\development\fin\.next\dev\server\pages\_document.js
- C:\Users\janpa\cd\development\fin\node_modules\next\dist\server\require.js
- C:\Users\janpa\cd\development\fin\node_modules\next\dist\server\load-components.js
- C:\Users\janpa\cd\development\fin\node_modules\next\dist\build\utils.js
- C:\Users\janpa\cd\development\fin\node_modules\next\dist\build\swc\options.js
- C:\Users\janpa\cd\development\fin\node_modules\next\dist\build\swc\index.js
- C:\Users\janpa\cd\development\fin\node_modules\next\dist\build\next-config-ts\transpile-config.js
- C:\Users\janpa\cd\development\fin\node_modules\next\dist\server\config.js
- C:\Users\janpa\cd\development\fin\node_modules\next\dist\server\next.js
- C:\Users\janpa\cd\development\fin\node_modules\next\dist\server\lib\start-server.js
    at Object.<anonymous> (C:\Users\janpa\cd\development\fin\.next\dev\server\pages\_document.js:1:7) {
  code: 'MODULE_NOT_FOUND',
  requireStack: [Array]
}
⨯ Error: Cannot find module '../chunks/ssr/[turbopack]_runtime.js'
Require stack:
- C:\Users\janpa\cd\development\fin\.next\dev\server\pages\_document.js
- C:\Users\janpa\cd\development\fin\node_modules\next\dist\server\require.js
- C:\Users\janpa\cd\development\fin\node_modules\next\dist\server\load-components.js
- C:\Users\janpa\cd\development\fin\node_modules\next\dist\build\utils.js
- C:\Users\janpa\cd\development\fin\node_modules\next\dist\build\swc\options.js
- C:\Users\janpa\cd\development\fin\node_modules\next\dist\build\swc\index.js
- C:\Users\janpa\cd\development\fin\node_modules\next\dist\build\next-config-ts\transpile-config.js
- C:\Users\janpa\cd\development\fin\node_modules\next\dist\server\config.js
- C:\Users\janpa\cd\development\fin\node_modules\next\dist\server\next.js
- C:\Users\janpa\cd\development\fin\node_modules\next\dist\server\lib\start-server.js
    at Object.<anonymous> (C:\Users\janpa\cd\development\fin\.next\dev\server\pages\_document.js:1:7) {
  code: 'MODULE_NOT_FOUND',
  requireStack: [Array]
}
⨯ Error: Cannot find module '../chunks/ssr/[turbopack]_runtime.js'
Require stack:
- C:\Users\janpa\cd\development\fin\.next\dev\server\pages\_document.js
- C:\Users\janpa\cd\development\fin\node_modules\next\dist\server\require.js
- C:\Users\janpa\cd\development\fin\node_modules\next\dist\server\load-components.js
- C:\Users\janpa\cd\development\fin\node_modules\next\dist\build\utils.js
- C:\Users\janpa\cd\development\fin\node_modules\next\dist\build\swc\options.js
- C:\Users\janpa\cd\development\fin\node_modules\next\dist\build\swc\index.js
- C:\Users\janpa\cd\development\fin\node_modules\next\dist\build\next-config-ts\transpile-config.js
- C:\Users\janpa\cd\development\fin\node_modules\next\dist\server\config.js
- C:\Users\janpa\cd\development\fin\node_modules\next\dist\server\next.js
- C:\Users\janpa\cd\development\fin\node_modules\next\dist\server\lib\start-server.js
    at Object.<anonymous> (C:\Users\janpa\cd\development\fin\.next\dev\server\pages\_document.js:1:7) {
  code: 'MODULE_NOT_FOUND',
  requireStack: [Array]
}
⨯ Error: Cannot find module '../chunks/ssr/[turbopack]_runtime.js'
Require stack:
- C:\Users\janpa\cd\development\fin\.next\dev\server\pages\_document.js
- C:\Users\janpa\cd\development\fin\node_modules\next\dist\server\require.js
- C:\Users\janpa\cd\development\fin\node_modules\next\dist\server\load-components.js
- C:\Users\janpa\cd\development\fin\node_modules\next\dist\build\utils.js
- C:\Users\janpa\cd\development\fin\node_modules\next\dist\build\swc\options.js
- C:\Users\janpa\cd\development\fin\node_modules\next\dist\build\swc\index.js
- C:\Users\janpa\cd\development\fin\node_modules\next\dist\build\next-config-ts\transpile-config.js
- C:\Users\janpa\cd\development\fin\node_modules\next\dist\server\config.js
- C:\Users\janpa\cd\development\fin\node_modules\next\dist\server\next.js
- C:\Users\janpa\cd\development\fin\node_modules\next\dist\server\lib\start-server.js
    at Object.<anonymous> (C:\Users\janpa\cd\development\fin\.next\dev\server\pages\_document.js:1:7) {
  code: 'MODULE_NOT_FOUND',
  requireStack: [Array]
}
⨯ Error: Cannot find module '../chunks/ssr/[turbopack]_runtime.js'
Require stack:
- C:\Users\janpa\cd\development\fin\.next\dev\server\pages\_document.js
- C:\Users\janpa\cd\development\fin\node_modules\next\dist\server\require.js
- C:\Users\janpa\cd\development\fin\node_modules\next\dist\server\load-components.js
- C:\Users\janpa\cd\development\fin\node_modules\next\dist\build\utils.js
- C:\Users\janpa\cd\development\fin\node_modules\next\dist\build\swc\options.js
- C:\Users\janpa\cd\development\fin\node_modules\next\dist\build\swc\index.js
- C:\Users\janpa\cd\development\fin\node_modules\next\dist\build\next-config-ts\transpile-config.js
- C:\Users\janpa\cd\development\fin\node_modules\next\dist\server\config.js
- C:\Users\janpa\cd\development\fin\node_modules\next\dist\server\next.js
- C:\Users\janpa\cd\development\fin\node_modules\next\dist\server\lib\start-server.js
    at Object.<anonymous> (C:\Users\janpa\cd\development\fin\.next\dev\server\pages\_document.js:1:7) {
  code: 'MODULE_NOT_FOUND',
  requireStack: [Array]
}
⨯ Error: Cannot find module '../chunks/ssr/[turbopack]_runtime.js'
Require stack:
- C:\Users\janpa\cd\development\fin\.next\dev\server\pages\_document.js
- C:\Users\janpa\cd\development\fin\node_modules\next\dist\server\require.js
- C:\Users\janpa\cd\development\fin\node_modules\next\dist\server\load-components.js
- C:\Users\janpa\cd\development\fin\node_modules\next\dist\build\utils.js
- C:\Users\janpa\cd\development\fin\node_modules\next\dist\build\swc\options.js
- C:\Users\janpa\cd\development\fin\node_modules\next\dist\build\swc\index.js
- C:\Users\janpa\cd\development\fin\node_modules\next\dist\build\next-config-ts\transpile-config.js
- C:\Users\janpa\cd\development\fin\node_modules\next\dist\server\config.js
- C:\Users\janpa\cd\development\fin\node_modules\next\dist\server\next.js
- C:\Users\janpa\cd\development\fin\node_modules\next\dist\server\lib\start-server.js
    at Object.<anonymous> (C:\Users\janpa\cd\development\fin\.next\dev\server\pages\_document.js:1:7) {
  code: 'MODULE_NOT_FOUND',
  requireStack: [Array]
}
⨯ Error: Cannot find module '../chunks/ssr/[turbopack]_runtime.js'
Require stack:
- C:\Users\janpa\cd\development\fin\.next\dev\server\pages\_document.js
- C:\Users\janpa\cd\development\fin\node_modules\next\dist\server\require.js
- C:\Users\janpa\cd\development\fin\node_modules\next\dist\server\load-components.js
- C:\Users\janpa\cd\development\fin\node_modules\next\dist\build\utils.js
- C:\Users\janpa\cd\development\fin\node_modules\next\dist\build\swc\options.js
- C:\Users\janpa\cd\development\fin\node_modules\next\dist\build\swc\index.js
- C:\Users\janpa\cd\development\fin\node_modules\next\dist\build\next-config-ts\transpile-config.js
- C:\Users\janpa\cd\development\fin\node_modules\next\dist\server\config.js
- C:\Users\janpa\cd\development\fin\node_modules\next\dist\server\next.js
- C:\Users\janpa\cd\development\fin\node_modules\next\dist\server\lib\start-server.js
    at Object.<anonymous> (C:\Users\janpa\cd\development\fin\.next\dev\server\pages\_document.js:1:7) {
  code: 'MODULE_NOT_FOUND',
  requireStack: [Array]
}
⨯ Error: Cannot find module '../chunks/ssr/[turbopack]_runtime.js'
Require stack:
- C:\Users\janpa\cd\development\fin\.next\dev\server\pages\_document.js
- C:\Users\janpa\cd\development\fin\node_modules\next\dist\server\require.js
- C:\Users\janpa\cd\development\fin\node_modules\next\dist\server\load-components.js
- C:\Users\janpa\cd\development\fin\node_modules\next\dist\build\utils.js
- C:\Users\janpa\cd\development\fin\node_modules\next\dist\build\swc\options.js
- C:\Users\janpa\cd\development\fin\node_modules\next\dist\build\swc\index.js
- C:\Users\janpa\cd\development\fin\node_modules\next\dist\build\next-config-ts\transpile-config.js
- C:\Users\janpa\cd\development\fin\node_modules\next\dist\server\config.js
- C:\Users\janpa\cd\development\fin\node_modules\next\dist\server\next.js
- C:\Users\janpa\cd\development\fin\node_modules\next\dist\server\lib\start-server.js
    at Object.<anonymous> (C:\Users\janpa\cd\development\fin\.next\dev\server\pages\_document.js:1:7) {
  code: 'MODULE_NOT_FOUND',
  requireStack: [Array]
}
⨯ Error: Cannot find module '../chunks/ssr/[turbopack]_runtime.js'
Require stack:
- C:\Users\janpa\cd\development\fin\.next\dev\server\pages\_document.js
- C:\Users\janpa\cd\development\fin\node_modules\next\dist\server\require.js
- C:\Users\janpa\cd\development\fin\node_modules\next\dist\server\load-components.js
- C:\Users\janpa\cd\development\fin\node_modules\next\dist\build\utils.js
- C:\Users\janpa\cd\development\fin\node_modules\next\dist\build\swc\options.js
- C:\Users\janpa\cd\development\fin\node_modules\next\dist\build\swc\index.js
- C:\Users\janpa\cd\development\fin\node_modules\next\dist\build\next-config-ts\transpile-config.js
- C:\Users\janpa\cd\development\fin\node_modules\next\dist\server\config.js
- C:\Users\janpa\cd\development\fin\node_modules\next\dist\server\next.js
- C:\Users\janpa\cd\development\fin\node_modules\next\dist\server\lib\start-server.js
    at Object.<anonymous> (C:\Users\janpa\cd\development\fin\.next\dev\server\pages\_document.js:1:7) {
  code: 'MODULE_NOT_FOUND',
  requireStack: [Array]
}
⨯ Error: Cannot find module '../chunks/ssr/[turbopack]_runtime.js'
Require stack:
- C:\Users\janpa\cd\development\fin\.next\dev\server\pages\_document.js
- C:\Users\janpa\cd\development\fin\node_modules\next\dist\server\require.js
- C:\Users\janpa\cd\development\fin\node_modules\next\dist\server\load-components.js
- C:\Users\janpa\cd\development\fin\node_modules\next\dist\build\utils.js
- C:\Users\janpa\cd\development\fin\node_modules\next\dist\build\swc\options.js
- C:\Users\janpa\cd\development\fin\node_modules\next\dist\build\swc\index.js
- C:\Users\janpa\cd\development\fin\node_modules\next\dist\build\next-config-ts\transpile-config.js
- C:\Users\janpa\cd\development\fin\node_modules\next\dist\server\config.js
- C:\Users\janpa\cd\development\fin\node_modules\next\dist\server\next.js
- C:\Users\janpa\cd\development\fin\node_modules\next\dist\server\lib\start-server.js
    at Object.<anonymous> (C:\Users\janpa\cd\development\fin\.next\dev\server\pages\_document.js:1:7) {
  code: 'MODULE_NOT_FOUND',
  requireStack: [Array]
}
⨯ Error: Cannot find module '../chunks/ssr/[turbopack]_runtime.js'
Require stack:
- C:\Users\janpa\cd\development\fin\.next\dev\server\pages\_document.js
- C:\Users\janpa\cd\development\fin\node_modules\next\dist\server\require.js
- C:\Users\janpa\cd\development\fin\node_modules\next\dist\server\load-components.js
- C:\Users\janpa\cd\development\fin\node_modules\next\dist\build\utils.js
- C:\Users\janpa\cd\development\fin\node_modules\next\dist\build\swc\options.js
- C:\Users\janpa\cd\development\fin\node_modules\next\dist\build\swc\index.js
- C:\Users\janpa\cd\development\fin\node_modules\next\dist\build\next-config-ts\transpile-config.js
- C:\Users\janpa\cd\development\fin\node_modules\next\dist\server\config.js
- C:\Users\janpa\cd\development\fin\node_modules\next\dist\server\next.js
- C:\Users\janpa\cd\development\fin\node_modules\next\dist\server\lib\start-server.js
    at Object.<anonymous> (C:\Users\janpa\cd\development\fin\.next\dev\server\pages\_document.js:1:7) {
  code: 'MODULE_NOT_FOUND',
  requireStack: [Array]
}
⨯ Error: Cannot find module '../chunks/ssr/[turbopack]_runtime.js'
Require stack:
- C:\Users\janpa\cd\development\fin\.next\dev\server\pages\_document.js
- C:\Users\janpa\cd\development\fin\node_modules\next\dist\server\require.js
- C:\Users\janpa\cd\development\fin\node_modules\next\dist\server\load-components.js
- C:\Users\janpa\cd\development\fin\node_modules\next\dist\build\utils.js
- C:\Users\janpa\cd\development\fin\node_modules\next\dist\build\swc\options.js
- C:\Users\janpa\cd\development\fin\node_modules\next\dist\build\swc\index.js
- C:\Users\janpa\cd\development\fin\node_modules\next\dist\build\next-config-ts\transpile-config.js
- C:\Users\janpa\cd\development\fin\node_modules\next\dist\server\config.js
- C:\Users\janpa\cd\development\fin\node_modules\next\dist\server\next.js
- C:\Users\janpa\cd\development\fin\node_modules\next\dist\server\lib\start-server.js
    at Object.<anonymous> (C:\Users\janpa\cd\development\fin\.next\dev\server\pages\_document.js:1:7) {
  code: 'MODULE_NOT_FOUND',
  requireStack: [Array]
}
⨯ Error: Cannot find module '../chunks/ssr/[turbopack]_runtime.js'
Require stack:
- C:\Users\janpa\cd\development\fin\.next\dev\server\pages\_document.js
- C:\Users\janpa\cd\development\fin\node_modules\next\dist\server\require.js
- C:\Users\janpa\cd\development\fin\node_modules\next\dist\server\load-components.js
- C:\Users\janpa\cd\development\fin\node_modules\next\dist\build\utils.js
- C:\Users\janpa\cd\development\fin\node_modules\next\dist\build\swc\options.js
- C:\Users\janpa\cd\development\fin\node_modules\next\dist\build\swc\index.js
- C:\Users\janpa\cd\development\fin\node_modules\next\dist\build\next-config-ts\transpile-config.js
- C:\Users\janpa\cd\development\fin\node_modules\next\dist\server\config.js
- C:\Users\janpa\cd\development\fin\node_modules\next\dist\server\next.js
- C:\Users\janpa\cd\development\fin\node_modules\next\dist\server\lib\start-server.js
    at Object.<anonymous> (C:\Users\janpa\cd\development\fin\.next\dev\server\pages\_document.js:1:7) {
  code: 'MODULE_NOT_FOUND',
  requireStack: [Array]
}
⨯ Error: Cannot find module '../chunks/ssr/[turbopack]_runtime.js'
Require stack:
- C:\Users\janpa\cd\development\fin\.next\dev\server\pages\_document.js
- C:\Users\janpa\cd\development\fin\node_modules\next\dist\server\require.js
- C:\Users\janpa\cd\development\fin\node_modules\next\dist\server\load-components.js
- C:\Users\janpa\cd\development\fin\node_modules\next\dist\build\utils.js
- C:\Users\janpa\cd\development\fin\node_modules\next\dist\build\swc\options.js
- C:\Users\janpa\cd\development\fin\node_modules\next\dist\build\swc\index.js
- C:\Users\janpa\cd\development\fin\node_modules\next\dist\build\next-config-ts\transpile-config.js
- C:\Users\janpa\cd\development\fin\node_modules\next\dist\server\config.js
- C:\Users\janpa\cd\development\fin\node_modules\next\dist\server\next.js
- C:\Users\janpa\cd\development\fin\node_modules\next\dist\server\lib\start-server.js
    at Object.<anonymous> (C:\Users\janpa\cd\development\fin\.next\dev\server\pages\_document.js:1:7) {
  code: 'MODULE_NOT_FOUND',
  requireStack: [Array]
}
⨯ Error: Cannot find module '../chunks/ssr/[turbopack]_runtime.js'
Require stack:
- C:\Users\janpa\cd\development\fin\.next\dev\server\pages\_document.js
- C:\Users\janpa\cd\development\fin\node_modules\next\dist\server\require.js
- C:\Users\janpa\cd\development\fin\node_modules\next\dist\server\load-components.js
- C:\Users\janpa\cd\development\fin\node_modules\next\dist\build\utils.js
- C:\Users\janpa\cd\development\fin\node_modules\next\dist\build\swc\options.js
- C:\Users\janpa\cd\development\fin\node_modules\next\dist\build\swc\index.js
- C:\Users\janpa\cd\development\fin\node_modules\next\dist\build\next-config-ts\transpile-config.js
- C:\Users\janpa\cd\development\fin\node_modules\next\dist\server\config.js
- C:\Users\janpa\cd\development\fin\node_modules\next\dist\server\next.js
- C:\Users\janpa\cd\development\fin\node_modules\next\dist\server\lib\start-server.js
    at Object.<anonymous> (C:\Users\janpa\cd\development\fin\.next\dev\server\pages\_document.js:1:7) {
  code: 'MODULE_NOT_FOUND',
  requireStack: [Array]
}
⨯ Error: Cannot find module '../chunks/ssr/[turbopack]_runtime.js'
Require stack:
- C:\Users\janpa\cd\development\fin\.next\dev\server\pages\_document.js
- C:\Users\janpa\cd\development\fin\node_modules\next\dist\server\require.js
- C:\Users\janpa\cd\development\fin\node_modules\next\dist\server\load-components.js
- C:\Users\janpa\cd\development\fin\node_modules\next\dist\build\utils.js
- C:\Users\janpa\cd\development\fin\node_modules\next\dist\build\swc\options.js
- C:\Users\janpa\cd\development\fin\node_modules\next\dist\build\swc\index.js
- C:\Users\janpa\cd\development\fin\node_modules\next\dist\build\next-config-ts\transpile-config.js
- C:\Users\janpa\cd\development\fin\node_modules\next\dist\server\config.js
- C:\Users\janpa\cd\development\fin\node_modules\next\dist\server\next.js
- C:\Users\janpa\cd\development\fin\node_modules\next\dist\server\lib\start-server.js
    at Object.<anonymous> (C:\Users\janpa\cd\development\fin\.next\dev\server\pages\_document.js:1:7) {
  code: 'MODULE_NOT_FOUND',
  requireStack: [Array]
}
⨯ Error: Cannot find module '../chunks/ssr/[turbopack]_runtime.js'
Require stack:
- C:\Users\janpa\cd\development\fin\.next\dev\server\pages\_document.js
- C:\Users\janpa\cd\development\fin\node_modules\next\dist\server\require.js
- C:\Users\janpa\cd\development\fin\node_modules\next\dist\server\load-components.js
- C:\Users\janpa\cd\development\fin\node_modules\next\dist\build\utils.js
- C:\Users\janpa\cd\development\fin\node_modules\next\dist\build\swc\options.js
- C:\Users\janpa\cd\development\fin\node_modules\next\dist\build\swc\index.js
- C:\Users\janpa\cd\development\fin\node_modules\next\dist\build\next-config-ts\transpile-config.js
- C:\Users\janpa\cd\development\fin\node_modules\next\dist\server\config.js
- C:\Users\janpa\cd\development\fin\node_modules\next\dist\server\next.js
- C:\Users\janpa\cd\development\fin\node_modules\next\dist\server\lib\start-server.js
    at Object.<anonymous> (C:\Users\janpa\cd\development\fin\.next\dev\server\pages\_document.js:1:7) {
  code: 'MODULE_NOT_FOUND',
  requireStack: [Array]
}
⨯ Error: Cannot find module '../chunks/ssr/[turbopack]_runtime.js'
Require stack:
- C:\Users\janpa\cd\development\fin\.next\dev\server\pages\_document.js
- C:\Users\janpa\cd\development\fin\node_modules\next\dist\server\require.js
- C:\Users\janpa\cd\development\fin\node_modules\next\dist\server\load-components.js
- C:\Users\janpa\cd\development\fin\node_modules\next\dist\build\utils.js
- C:\Users\janpa\cd\development\fin\node_modules\next\dist\build\swc\options.js
- C:\Users\janpa\cd\development\fin\node_modules\next\dist\build\swc\index.js
- C:\Users\janpa\cd\development\fin\node_modules\next\dist\build\next-config-ts\transpile-config.js
- C:\Users\janpa\cd\development\fin\node_modules\next\dist\server\config.js
- C:\Users\janpa\cd\development\fin\node_modules\next\dist\server\next.js
- C:\Users\janpa\cd\development\fin\node_modules\next\dist\server\lib\start-server.js
    at Object.<anonymous> (C:\Users\janpa\cd\development\fin\.next\dev\server\pages\_document.js:1:7) {
  code: 'MODULE_NOT_FOUND',
  requireStack: [Array]
}
⨯ Error: Cannot find module '../chunks/ssr/[turbopack]_runtime.js'
Require stack:
- C:\Users\janpa\cd\development\fin\.next\dev\server\pages\_document.js
- C:\Users\janpa\cd\development\fin\node_modules\next\dist\server\require.js
- C:\Users\janpa\cd\development\fin\node_modules\next\dist\server\load-components.js
- C:\Users\janpa\cd\development\fin\node_modules\next\dist\build\utils.js
- C:\Users\janpa\cd\development\fin\node_modules\next\dist\build\swc\options.js
- C:\Users\janpa\cd\development\fin\node_modules\next\dist\build\swc\index.js
- C:\Users\janpa\cd\development\fin\node_modules\next\dist\build\next-config-ts\transpile-config.js
- C:\Users\janpa\cd\development\fin\node_modules\next\dist\server\config.js
- C:\Users\janpa\cd\development\fin\node_modules\next\dist\server\next.js
- C:\Users\janpa\cd\development\fin\node_modules\next\dist\server\lib\start-server.js
    at Object.<anonymous> (C:\Users\janpa\cd\development\fin\.next\dev\server\pages\_document.js:1:7) {
  code: 'MODULE_NOT_FOUND',
  requireStack: [Array]
}
⨯ Error: Cannot find module '../chunks/ssr/[turbopack]_runtime.js'
Require stack:
- C:\Users\janpa\cd\development\fin\.next\dev\server\pages\_document.js
- C:\Users\janpa\cd\development\fin\node_modules\next\dist\server\require.js
- C:\Users\janpa\cd\development\fin\node_modules\next\dist\server\load-components.js
- C:\Users\janpa\cd\development\fin\node_modules\next\dist\build\utils.js
- C:\Users\janpa\cd\development\fin\node_modules\next\dist\build\swc\options.js
- C:\Users\janpa\cd\development\fin\node_modules\next\dist\build\swc\index.js
- C:\Users\janpa\cd\development\fin\node_modules\next\dist\build\next-config-ts\transpile-config.js
- C:\Users\janpa\cd\development\fin\node_modules\next\dist\server\config.js
- C:\Users\janpa\cd\development\fin\node_modules\next\dist\server\next.js
- C:\Users\janpa\cd\development\fin\node_modules\next\dist\server\lib\start-server.js
    at Object.<anonymous> (C:\Users\janpa\cd\development\fin\.next\dev\server\pages\_document.js:1:7) {
  code: 'MODULE_NOT_FOUND',
  requireStack: [Array]
}
⨯ Error: Cannot find module '../chunks/ssr/[turbopack]_runtime.js'
Require stack:
- C:\Users\janpa\cd\development\fin\.next\dev\server\pages\_document.js
- C:\Users\janpa\cd\development\fin\node_modules\next\dist\server\require.js
- C:\Users\janpa\cd\development\fin\node_modules\next\dist\server\load-components.js
- C:\Users\janpa\cd\development\fin\node_modules\next\dist\build\utils.js
- C:\Users\janpa\cd\development\fin\node_modules\next\dist\build\swc\options.js
- C:\Users\janpa\cd\development\fin\node_modules\next\dist\build\swc\index.js
- C:\Users\janpa\cd\development\fin\node_modules\next\dist\build\next-config-ts\transpile-config.js
- C:\Users\janpa\cd\development\fin\node_modules\next\dist\server\config.js
- C:\Users\janpa\cd\development\fin\node_modules\next\dist\server\next.js
- C:\Users\janpa\cd\development\fin\node_modules\next\dist\server\lib\start-server.js
    at Object.<anonymous> (C:\Users\janpa\cd\development\fin\.next\dev\server\pages\_document.js:1:7) {
  code: 'MODULE_NOT_FOUND',
  requireStack: [Array]
}
⨯ Error: Cannot find module '../chunks/ssr/[turbopack]_runtime.js'
Require stack:
- C:\Users\janpa\cd\development\fin\.next\dev\server\pages\_document.js
- C:\Users\janpa\cd\development\fin\node_modules\next\dist\server\require.js
- C:\Users\janpa\cd\development\fin\node_modules\next\dist\server\load-components.js
- C:\Users\janpa\cd\development\fin\node_modules\next\dist\build\utils.js
- C:\Users\janpa\cd\development\fin\node_modules\next\dist\build\swc\options.js
- C:\Users\janpa\cd\development\fin\node_modules\next\dist\build\swc\index.js
- C:\Users\janpa\cd\development\fin\node_modules\next\dist\build\next-config-ts\transpile-config.js
- C:\Users\janpa\cd\development\fin\node_modules\next\dist\server\config.js
- C:\Users\janpa\cd\development\fin\node_modules\next\dist\server\next.js
- C:\Users\janpa\cd\development\fin\node_modules\next\dist\server\lib\start-server.js
    at Object.<anonymous> (C:\Users\janpa\cd\development\fin\.next\dev\server\pages\_document.js:1:7) {
  code: 'MODULE_NOT_FOUND',
  requireStack: [Array]
}
⨯ Error: Cannot find module '../chunks/ssr/[turbopack]_runtime.js'
Require stack:
- C:\Users\janpa\cd\development\fin\.next\dev\server\pages\_document.js
- C:\Users\janpa\cd\development\fin\node_modules\next\dist\server\require.js
- C:\Users\janpa\cd\development\fin\node_modules\next\dist\server\load-components.js
- C:\Users\janpa\cd\development\fin\node_modules\next\dist\build\utils.js
- C:\Users\janpa\cd\development\fin\node_modules\next\dist\build\swc\options.js
- C:\Users\janpa\cd\development\fin\node_modules\next\dist\build\swc\index.js
- C:\Users\janpa\cd\development\fin\node_modules\next\dist\build\next-config-ts\transpile-config.js
- C:\Users\janpa\cd\development\fin\node_modules\next\dist\server\config.js
- C:\Users\janpa\cd\development\fin\node_modules\next\dist\server\next.js
- C:\Users\janpa\cd\development\fin\node_modules\next\dist\server\lib\start-server.js
    at Object.<anonymous> (C:\Users\janpa\cd\development\fin\.next\dev\server\pages\_document.js:1:7) {
  code: 'MODULE_NOT_FOUND',
  requireStack: [Array]
}
Error: ENOENT: no such file or directory, open 'C:\Users\janpa\cd\development\fin\.next\dev\routes-manifest.json'
    at ignore-listed frames {
  errno: -4058,
  code: 'ENOENT',
  syscall: 'open',
  path: 'C:\\Users\\janpa\\cd\\development\\fin\\.next\\dev\\routes-manifest.json'
}
Error: ENOENT: no such file or directory, open 'C:\Users\janpa\cd\development\fin\.next\dev\routes-manifest.json'
    at ignore-listed frames {
  errno: -4058,
  code: 'ENOENT',
  syscall: 'open',
  path: 'C:\\Users\\janpa\\cd\\development\\fin\\.next\\dev\\routes-manifest.json'
}
Error: ENOENT: no such file or directory, open 'C:\Users\janpa\cd\development\fin\.next\dev\routes-manifest.json'
    at ignore-listed frames {
  errno: -4058,
  code: 'ENOENT',
  syscall: 'open',
  path: 'C:\\Users\\janpa\\cd\\development\\fin\\.next\\dev\\routes-manifest.json'
}
Error: ENOENT: no such file or directory, open 'C:\Users\janpa\cd\development\fin\.next\dev\routes-manifest.json'
    at ignore-listed frames {
  errno: -4058,
  code: 'ENOENT',
  syscall: 'open',
  path: 'C:\\Users\\janpa\\cd\\development\\fin\\.next\\dev\\routes-manifest.json'
}
Error: ENOENT: no such file or directory, open 'C:\Users\janpa\cd\development\fin\.next\dev\routes-manifest.json'
    at ignore-listed frames {
  errno: -4058,
  code: 'ENOENT',
  syscall: 'open',
  path: 'C:\\Users\\janpa\\cd\\development\\fin\\.next\\dev\\routes-manifest.json'
}
Error: ENOENT: no such file or directory, open 'C:\Users\janpa\cd\development\fin\.next\dev\routes-manifest.json'
    at ignore-listed frames {
  errno: -4058,
  code: 'ENOENT',
  syscall: 'open',
  path: 'C:\\Users\\janpa\\cd\\development\\fin\\.next\\dev\\routes-manifest.json'
}
Error: ENOENT: no such file or directory, open 'C:\Users\janpa\cd\development\fin\.next\dev\routes-manifest.json'
    at ignore-listed frames {
  errno: -4058,
  code: 'ENOENT',
  syscall: 'open',
  path: 'C:\\Users\\janpa\\cd\\development\\fin\\.next\\dev\\routes-manifest.json'
}
Error: ENOENT: no such file or directory, open 'C:\Users\janpa\cd\development\fin\.next\dev\routes-manifest.json'
    at ignore-listed frames {
  errno: -4058,
  code: 'ENOENT',
  syscall: 'open',
  path: 'C:\\Users\\janpa\\cd\\development\\fin\\.next\\dev\\routes-manifest.json'
}
⨯ Error: Cannot find module '../chunks/ssr/[turbopack]_runtime.js'
Require stack:
- C:\Users\janpa\cd\development\fin\.next\dev\server\pages\_document.js
- C:\Users\janpa\cd\development\fin\node_modules\next\dist\server\require.js
- C:\Users\janpa\cd\development\fin\node_modules\next\dist\server\load-components.js
- C:\Users\janpa\cd\development\fin\node_modules\next\dist\build\utils.js
- C:\Users\janpa\cd\development\fin\node_modules\next\dist\build\swc\options.js
- C:\Users\janpa\cd\development\fin\node_modules\next\dist\build\swc\index.js
- C:\Users\janpa\cd\development\fin\node_modules\next\dist\build\next-config-ts\transpile-config.js
- C:\Users\janpa\cd\development\fin\node_modules\next\dist\server\config.js
- C:\Users\janpa\cd\development\fin\node_modules\next\dist\server\next.js
- C:\Users\janpa\cd\development\fin\node_modules\next\dist\server\lib\start-server.js
    at Object.<anonymous> (C:\Users\janpa\cd\development\fin\.next\dev\server\pages\_document.js:1:7) {
  code: 'MODULE_NOT_FOUND',
  requireStack: [Array]
}
⨯ Error: Cannot find module '../chunks/ssr/[turbopack]_runtime.js'
Require stack:
- C:\Users\janpa\cd\development\fin\.next\dev\server\pages\_document.js
- C:\Users\janpa\cd\development\fin\node_modules\next\dist\server\require.js
- C:\Users\janpa\cd\development\fin\node_modules\next\dist\server\load-components.js
- C:\Users\janpa\cd\development\fin\node_modules\next\dist\build\utils.js
- C:\Users\janpa\cd\development\fin\node_modules\next\dist\build\swc\options.js
- C:\Users\janpa\cd\development\fin\node_modules\next\dist\build\swc\index.js
- C:\Users\janpa\cd\development\fin\node_modules\next\dist\build\next-config-ts\transpile-config.js
- C:\Users\janpa\cd\development\fin\node_modules\next\dist\server\config.js
- C:\Users\janpa\cd\development\fin\node_modules\next\dist\server\next.js
- C:\Users\janpa\cd\development\fin\node_modules\next\dist\server\lib\start-server.js
    at Object.<anonymous> (C:\Users\janpa\cd\development\fin\.next\dev\server\pages\_document.js:1:7) {
  code: 'MODULE_NOT_FOUND',
  requireStack: [Array]
}
Error: ENOENT: no such file or directory, open 'C:\Users\janpa\cd\development\fin\.next\dev\routes-manifest.json'
    at ignore-listed frames {
  errno: -4058,
  code: 'ENOENT',
  syscall: 'open',
  path: 'C:\\Users\\janpa\\cd\\development\\fin\\.next\\dev\\routes-manifest.json'
}
Error: ENOENT: no such file or directory, open 'C:\Users\janpa\cd\development\fin\.next\dev\routes-manifest.json'
    at ignore-listed frames {
  errno: -4058,
  code: 'ENOENT',
  syscall: 'open',
  path: 'C:\\Users\\janpa\\cd\\development\\fin\\.next\\dev\\routes-manifest.json'
}
Error: ENOENT: no such file or directory, open 'C:\Users\janpa\cd\development\fin\.next\dev\routes-manifest.json'
    at ignore-listed frames {
  errno: -4058,
  code: 'ENOENT',
  syscall: 'open',
  path: 'C:\\Users\\janpa\\cd\\development\\fin\\.next\\dev\\routes-manifest.json'
}
Error: ENOENT: no such file or directory, open 'C:\Users\janpa\cd\development\fin\.next\dev\routes-manifest.json'
    at ignore-listed frames {
  errno: -4058,
  code: 'ENOENT',
  syscall: 'open',
  path: 'C:\\Users\\janpa\\cd\\development\\fin\\.next\\dev\\routes-manifest.json'
}
Error: ENOENT: no such file or directory, open 'C:\Users\janpa\cd\development\fin\.next\dev\routes-manifest.json'
    at ignore-listed frames {
  errno: -4058,
  code: 'ENOENT',
  syscall: 'open',
  path: 'C:\\Users\\janpa\\cd\\development\\fin\\.next\\dev\\routes-manifest.json'
}
Error: ENOENT: no such file or directory, open 'C:\Users\janpa\cd\development\fin\.next\dev\routes-manifest.json'
    at ignore-listed frames {
  errno: -4058,
  code: 'ENOENT',
  syscall: 'open',
  path: 'C:\\Users\\janpa\\cd\\development\\fin\\.next\\dev\\routes-manifest.json'
}
Error: ENOENT: no such file or directory, open 'C:\Users\janpa\cd\development\fin\.next\dev\routes-manifest.json'
    at ignore-listed frames {
  errno: -4058,
  code: 'ENOENT',
  syscall: 'open',
  path: 'C:\\Users\\janpa\\cd\\development\\fin\\.next\\dev\\routes-manifest.json'
}
Error: ENOENT: no such file or directory, open 'C:\Users\janpa\cd\development\fin\.next\dev\routes-manifest.json'
    at ignore-listed frames {
  errno: -4058,
  code: 'ENOENT',
  syscall: 'open',
  path: 'C:\\Users\\janpa\\cd\\development\\fin\\.next\\dev\\routes-manifest.json'
}
Error: ENOENT: no such file or directory, open 'C:\Users\janpa\cd\development\fin\.next\dev\routes-manifest.json'
    at ignore-listed frames {
  errno: -4058,
  code: 'ENOENT',
  syscall: 'open',
  path: 'C:\\Users\\janpa\\cd\\development\\fin\\.next\\dev\\routes-manifest.json'
}
⨯ Error: Cannot find module '../chunks/ssr/[turbopack]_runtime.js'
Require stack:
- C:\Users\janpa\cd\development\fin\.next\dev\server\pages\_document.js
- C:\Users\janpa\cd\development\fin\node_modules\next\dist\server\require.js
- C:\Users\janpa\cd\development\fin\node_modules\next\dist\server\load-components.js
- C:\Users\janpa\cd\development\fin\node_modules\next\dist\build\utils.js
- C:\Users\janpa\cd\development\fin\node_modules\next\dist\build\swc\options.js
- C:\Users\janpa\cd\development\fin\node_modules\next\dist\build\swc\index.js
- C:\Users\janpa\cd\development\fin\node_modules\next\dist\build\next-config-ts\transpile-config.js
- C:\Users\janpa\cd\development\fin\node_modules\next\dist\server\config.js
- C:\Users\janpa\cd\development\fin\node_modules\next\dist\server\next.js
- C:\Users\janpa\cd\development\fin\node_modules\next\dist\server\lib\start-server.js
    at Object.<anonymous> (C:\Users\janpa\cd\development\fin\.next\dev\server\pages\_document.js:1:7) {
  code: 'MODULE_NOT_FOUND',
  requireStack: [Array]
}
⨯ Error: Cannot find module '../chunks/ssr/[turbopack]_runtime.js'
Require stack:
- C:\Users\janpa\cd\development\fin\.next\dev\server\pages\_document.js
- C:\Users\janpa\cd\development\fin\node_modules\next\dist\server\require.js
- C:\Users\janpa\cd\development\fin\node_modules\next\dist\server\load-components.js
- C:\Users\janpa\cd\development\fin\node_modules\next\dist\build\utils.js
- C:\Users\janpa\cd\development\fin\node_modules\next\dist\build\swc\options.js
- C:\Users\janpa\cd\development\fin\node_modules\next\dist\build\swc\index.js
- C:\Users\janpa\cd\development\fin\node_modules\next\dist\build\next-config-ts\transpile-config.js
- C:\Users\janpa\cd\development\fin\node_modules\next\dist\server\config.js
- C:\Users\janpa\cd\development\fin\node_modules\next\dist\server\next.js
- C:\Users\janpa\cd\development\fin\node_modules\next\dist\server\lib\start-server.js
    at Object.<anonymous> (C:\Users\janpa\cd\development\fin\.next\dev\server\pages\_document.js:1:7) {
  code: 'MODULE_NOT_FOUND',
  requireStack: [Array]
}
⨯ Error: Cannot find module '../chunks/ssr/[turbopack]_runtime.js'
Require stack:
- C:\Users\janpa\cd\development\fin\.next\dev\server\pages\_document.js
- C:\Users\janpa\cd\development\fin\node_modules\next\dist\server\require.js
- C:\Users\janpa\cd\development\fin\node_modules\next\dist\server\load-components.js
- C:\Users\janpa\cd\development\fin\node_modules\next\dist\build\utils.js
- C:\Users\janpa\cd\development\fin\node_modules\next\dist\build\swc\options.js
- C:\Users\janpa\cd\development\fin\node_modules\next\dist\build\swc\index.js
- C:\Users\janpa\cd\development\fin\node_modules\next\dist\build\next-config-ts\transpile-config.js
- C:\Users\janpa\cd\development\fin\node_modules\next\dist\server\config.js
- C:\Users\janpa\cd\development\fin\node_modules\next\dist\server\next.js
- C:\Users\janpa\cd\development\fin\node_modules\next\dist\server\lib\start-server.js
    at Object.<anonymous> (C:\Users\janpa\cd\development\fin\.next\dev\server\pages\_document.js:1:7) {
  code: 'MODULE_NOT_FOUND',
  requireStack: [Array]
}
⨯ Error: Cannot find module '../chunks/ssr/[turbopack]_runtime.js'
Require stack:
- C:\Users\janpa\cd\development\fin\.next\dev\server\pages\_document.js
- C:\Users\janpa\cd\development\fin\node_modules\next\dist\server\require.js
- C:\Users\janpa\cd\development\fin\node_modules\next\dist\server\load-components.js
- C:\Users\janpa\cd\development\fin\node_modules\next\dist\build\utils.js
- C:\Users\janpa\cd\development\fin\node_modules\next\dist\build\swc\options.js
- C:\Users\janpa\cd\development\fin\node_modules\next\dist\build\swc\index.js
- C:\Users\janpa\cd\development\fin\node_modules\next\dist\build\next-config-ts\transpile-config.js
- C:\Users\janpa\cd\development\fin\node_modules\next\dist\server\config.js
- C:\Users\janpa\cd\development\fin\node_modules\next\dist\server\next.js
- C:\Users\janpa\cd\development\fin\node_modules\next\dist\server\lib\start-server.js
    at Object.<anonymous> (C:\Users\janpa\cd\development\fin\.next\dev\server\pages\_document.js:1:7) {
  code: 'MODULE_NOT_FOUND',
  requireStack: [Array]
}
⨯ Error: Cannot find module '../chunks/ssr/[turbopack]_runtime.js'
Require stack:
- C:\Users\janpa\cd\development\fin\.next\dev\server\pages\_document.js
- C:\Users\janpa\cd\development\fin\node_modules\next\dist\server\require.js
- C:\Users\janpa\cd\development\fin\node_modules\next\dist\server\load-components.js
- C:\Users\janpa\cd\development\fin\node_modules\next\dist\build\utils.js
- C:\Users\janpa\cd\development\fin\node_modules\next\dist\build\swc\options.js
- C:\Users\janpa\cd\development\fin\node_modules\next\dist\build\swc\index.js
- C:\Users\janpa\cd\development\fin\node_modules\next\dist\build\next-config-ts\transpile-config.js
- C:\Users\janpa\cd\development\fin\node_modules\next\dist\server\config.js
- C:\Users\janpa\cd\development\fin\node_modules\next\dist\server\next.js
- C:\Users\janpa\cd\development\fin\node_modules\next\dist\server\lib\start-server.js
    at Object.<anonymous> (C:\Users\janpa\cd\development\fin\.next\dev\server\pages\_document.js:1:7) {
  code: 'MODULE_NOT_FOUND',
  requireStack: [Array]
}
Error: ENOENT: no such file or directory, open 'C:\Users\janpa\cd\development\fin\.next\dev\routes-manifest.json'
    at ignore-listed frames {
  errno: -4058,
  code: 'ENOENT',
  syscall: 'open',
  path: 'C:\\Users\\janpa\\cd\\development\\fin\\.next\\dev\\routes-manifest.json'
}
Error: ENOENT: no such file or directory, open 'C:\Users\janpa\cd\development\fin\.next\dev\routes-manifest.json'
    at ignore-listed frames {
  errno: -4058,
  code: 'ENOENT',
  syscall: 'open',
  path: 'C:\\Users\\janpa\\cd\\development\\fin\\.next\\dev\\routes-manifest.json'
}
Error: ENOENT: no such file or directory, open 'C:\Users\janpa\cd\development\fin\.next\dev\routes-manifest.json'
    at ignore-listed frames {
  errno: -4058,
  code: 'ENOENT',
  syscall: 'open',
  path: 'C:\\Users\\janpa\\cd\\development\\fin\\.next\\dev\\routes-manifest.json'
}
Error: ENOENT: no such file or directory, open 'C:\Users\janpa\cd\development\fin\.next\dev\routes-manifest.json'
    at ignore-listed frames {
  errno: -4058,
  code: 'ENOENT',
  syscall: 'open',
  path: 'C:\\Users\\janpa\\cd\\development\\fin\\.next\\dev\\routes-manifest.json'
}
Error: ENOENT: no such file or directory, open 'C:\Users\janpa\cd\development\fin\.next\dev\routes-manifest.json'
    at ignore-listed frames {
  errno: -4058,
  code: 'ENOENT',
  syscall: 'open',
  path: 'C:\\Users\\janpa\\cd\\development\\fin\\.next\\dev\\routes-manifest.json'
}
Error: ENOENT: no such file or directory, open 'C:\Users\janpa\cd\development\fin\.next\dev\routes-manifest.json'
    at ignore-listed frames {
  errno: -4058,
  code: 'ENOENT',
  syscall: 'open',
  path: 'C:\\Users\\janpa\\cd\\development\\fin\\.next\\dev\\routes-manifest.json'
}
Error: ENOENT: no such file or directory, open 'C:\Users\janpa\cd\development\fin\.next\dev\routes-manifest.json'
    at ignore-listed frames {
  errno: -4058,
  code: 'ENOENT',
  syscall: 'open',
  path: 'C:\\Users\\janpa\\cd\\development\\fin\\.next\\dev\\routes-manifest.json'
}
Error: ENOENT: no such file or directory, open 'C:\Users\janpa\cd\development\fin\.next\dev\routes-manifest.json'
    at ignore-listed frames {
  errno: -4058,
  code: 'ENOENT',
  syscall: 'open',
  path: 'C:\\Users\\janpa\\cd\\development\\fin\\.next\\dev\\routes-manifest.json'
}
⨯ Error: Cannot find module '../../chunks/ssr/[turbopack]_runtime.js'
Require stack:
- C:\Users\janpa\cd\development\fin\.next\dev\server\app\_not-found\page.js
- C:\Users\janpa\cd\development\fin\node_modules\next\dist\server\require.js
- C:\Users\janpa\cd\development\fin\node_modules\next\dist\server\load-components.js
- C:\Users\janpa\cd\development\fin\node_modules\next\dist\build\utils.js
- C:\Users\janpa\cd\development\fin\node_modules\next\dist\build\swc\options.js
- C:\Users\janpa\cd\development\fin\node_modules\next\dist\build\swc\index.js
- C:\Users\janpa\cd\development\fin\node_modules\next\dist\build\next-config-ts\transpile-config.js
- C:\Users\janpa\cd\development\fin\node_modules\next\dist\server\config.js
- C:\Users\janpa\cd\development\fin\node_modules\next\dist\server\next.js
- C:\Users\janpa\cd\development\fin\node_modules\next\dist\server\lib\start-server.js
    at Object.<anonymous> (C:\Users\janpa\cd\development\fin\.next\dev\server\app\_not-found\page.js:1:7) {
  code: 'MODULE_NOT_FOUND',
  requireStack: [Array]
}
⨯ Error: Cannot find module '../../chunks/ssr/[turbopack]_runtime.js'
Require stack:
- C:\Users\janpa\cd\development\fin\.next\dev\server\app\_not-found\page.js
- C:\Users\janpa\cd\development\fin\node_modules\next\dist\server\require.js
- C:\Users\janpa\cd\development\fin\node_modules\next\dist\server\load-components.js
- C:\Users\janpa\cd\development\fin\node_modules\next\dist\build\utils.js
- C:\Users\janpa\cd\development\fin\node_modules\next\dist\build\swc\options.js
- C:\Users\janpa\cd\development\fin\node_modules\next\dist\build\swc\index.js
- C:\Users\janpa\cd\development\fin\node_modules\next\dist\build\next-config-ts\transpile-config.js
- C:\Users\janpa\cd\development\fin\node_modules\next\dist\server\config.js
- C:\Users\janpa\cd\development\fin\node_modules\next\dist\server\next.js
- C:\Users\janpa\cd\development\fin\node_modules\next\dist\server\lib\start-server.js
    at Object.<anonymous> (C:\Users\janpa\cd\development\fin\.next\dev\server\app\_not-found\page.js:1:7) {
  code: 'MODULE_NOT_FOUND',
  requireStack: [Array]
}
⨯ Error: Cannot find module '../../chunks/ssr/[turbopack]_runtime.js'
Require stack:
- C:\Users\janpa\cd\development\fin\.next\dev\server\app\_not-found\page.js
- C:\Users\janpa\cd\development\fin\node_modules\next\dist\server\require.js
- C:\Users\janpa\cd\development\fin\node_modules\next\dist\server\load-components.js
- C:\Users\janpa\cd\development\fin\node_modules\next\dist\build\utils.js
- C:\Users\janpa\cd\development\fin\node_modules\next\dist\build\swc\options.js
- C:\Users\janpa\cd\development\fin\node_modules\next\dist\build\swc\index.js
- C:\Users\janpa\cd\development\fin\node_modules\next\dist\build\next-config-ts\transpile-config.js
- C:\Users\janpa\cd\development\fin\node_modules\next\dist\server\config.js
- C:\Users\janpa\cd\development\fin\node_modules\next\dist\server\next.js
- C:\Users\janpa\cd\development\fin\node_modules\next\dist\server\lib\start-server.js
    at Object.<anonymous> (C:\Users\janpa\cd\development\fin\.next\dev\server\app\_not-found\page.js:1:7) {
  code: 'MODULE_NOT_FOUND',
  requireStack: [Array]
}
⨯ Error: Cannot find module '../../chunks/ssr/[turbopack]_runtime.js'
Require stack:
- C:\Users\janpa\cd\development\fin\.next\dev\server\app\_not-found\page.js
- C:\Users\janpa\cd\development\fin\node_modules\next\dist\server\require.js
- C:\Users\janpa\cd\development\fin\node_modules\next\dist\server\load-components.js
- C:\Users\janpa\cd\development\fin\node_modules\next\dist\build\utils.js
- C:\Users\janpa\cd\development\fin\node_modules\next\dist\build\swc\options.js
- C:\Users\janpa\cd\development\fin\node_modules\next\dist\build\swc\index.js
- C:\Users\janpa\cd\development\fin\node_modules\next\dist\build\next-config-ts\transpile-config.js
- C:\Users\janpa\cd\development\fin\node_modules\next\dist\server\config.js
- C:\Users\janpa\cd\development\fin\node_modules\next\dist\server\next.js
- C:\Users\janpa\cd\development\fin\node_modules\next\dist\server\lib\start-server.js
    at Object.<anonymous> (C:\Users\janpa\cd\development\fin\.next\dev\server\app\_not-found\page.js:1:7) {
  code: 'MODULE_NOT_FOUND',
  requireStack: [Array]
}
⨯ Error: Cannot find module '../../chunks/ssr/[turbopack]_runtime.js'
Require stack:
- C:\Users\janpa\cd\development\fin\.next\dev\server\app\_not-found\page.js
- C:\Users\janpa\cd\development\fin\node_modules\next\dist\server\require.js
- C:\Users\janpa\cd\development\fin\node_modules\next\dist\server\load-components.js
- C:\Users\janpa\cd\development\fin\node_modules\next\dist\build\utils.js
- C:\Users\janpa\cd\development\fin\node_modules\next\dist\build\swc\options.js
- C:\Users\janpa\cd\development\fin\node_modules\next\dist\build\swc\index.js
- C:\Users\janpa\cd\development\fin\node_modules\next\dist\build\next-config-ts\transpile-config.js
- C:\Users\janpa\cd\development\fin\node_modules\next\dist\server\config.js
- C:\Users\janpa\cd\development\fin\node_modules\next\dist\server\next.js
- C:\Users\janpa\cd\development\fin\node_modules\next\dist\server\lib\start-server.js
    at Object.<anonymous> (C:\Users\janpa\cd\development\fin\.next\dev\server\app\_not-found\page.js:1:7) {
  code: 'MODULE_NOT_FOUND',
  requireStack: [Array]
}
⨯ Error: Cannot find module '../chunks/ssr/[turbopack]_runtime.js'
Require stack:
- C:\Users\janpa\cd\development\fin\.next\dev\server\pages\_document.js
- C:\Users\janpa\cd\development\fin\node_modules\next\dist\server\require.js
- C:\Users\janpa\cd\development\fin\node_modules\next\dist\server\load-components.js
- C:\Users\janpa\cd\development\fin\node_modules\next\dist\build\utils.js
- C:\Users\janpa\cd\development\fin\node_modules\next\dist\build\swc\options.js
- C:\Users\janpa\cd\development\fin\node_modules\next\dist\build\swc\index.js
- C:\Users\janpa\cd\development\fin\node_modules\next\dist\build\next-config-ts\transpile-config.js
- C:\Users\janpa\cd\development\fin\node_modules\next\dist\server\config.js
- C:\Users\janpa\cd\development\fin\node_modules\next\dist\server\next.js
- C:\Users\janpa\cd\development\fin\node_modules\next\dist\server\lib\start-server.js
    at Object.<anonymous> (C:\Users\janpa\cd\development\fin\.next\dev\server\pages\_document.js:1:7) {
  code: 'MODULE_NOT_FOUND',
  requireStack: [Array]
}
⨯ Error: Cannot find module '../../chunks/ssr/[turbopack]_runtime.js'
Require stack:
- C:\Users\janpa\cd\development\fin\.next\dev\server\app\_not-found\page.js
- C:\Users\janpa\cd\development\fin\node_modules\next\dist\server\require.js
- C:\Users\janpa\cd\development\fin\node_modules\next\dist\server\load-components.js
- C:\Users\janpa\cd\development\fin\node_modules\next\dist\build\utils.js
- C:\Users\janpa\cd\development\fin\node_modules\next\dist\build\swc\options.js
- C:\Users\janpa\cd\development\fin\node_modules\next\dist\build\swc\index.js
- C:\Users\janpa\cd\development\fin\node_modules\next\dist\build\next-config-ts\transpile-config.js
- C:\Users\janpa\cd\development\fin\node_modules\next\dist\server\config.js
- C:\Users\janpa\cd\development\fin\node_modules\next\dist\server\next.js
- C:\Users\janpa\cd\development\fin\node_modules\next\dist\server\lib\start-server.js
    at Object.<anonymous> (C:\Users\janpa\cd\development\fin\.next\dev\server\app\_not-found\page.js:1:7) {
  code: 'MODULE_NOT_FOUND',
  requireStack: [Array]
}
⨯ Error: Cannot find module '../../chunks/ssr/[turbopack]_runtime.js'
Require stack:
- C:\Users\janpa\cd\development\fin\.next\dev\server\app\_not-found\page.js
- C:\Users\janpa\cd\development\fin\node_modules\next\dist\server\require.js
- C:\Users\janpa\cd\development\fin\node_modules\next\dist\server\load-components.js
- C:\Users\janpa\cd\development\fin\node_modules\next\dist\build\utils.js
- C:\Users\janpa\cd\development\fin\node_modules\next\dist\build\swc\options.js
- C:\Users\janpa\cd\development\fin\node_modules\next\dist\build\swc\index.js
- C:\Users\janpa\cd\development\fin\node_modules\next\dist\build\next-config-ts\transpile-config.js
- C:\Users\janpa\cd\development\fin\node_modules\next\dist\server\config.js
- C:\Users\janpa\cd\development\fin\node_modules\next\dist\server\next.js
- C:\Users\janpa\cd\development\fin\node_modules\next\dist\server\lib\start-server.js
    at Object.<anonymous> (C:\Users\janpa\cd\development\fin\.next\dev\server\app\_not-found\page.js:1:7) {
  code: 'MODULE_NOT_FOUND',
  requireStack: [Array]
}
Error: ENOENT: no such file or directory, open 'C:\Users\janpa\cd\development\fin\.next\dev\routes-manifest.json'
    at ignore-listed frames {
  errno: -4058,
  code: 'ENOENT',
  syscall: 'open',
  path: 'C:\\Users\\janpa\\cd\\development\\fin\\.next\\dev\\routes-manifest.json'
}
Error: ENOENT: no such file or directory, open 'C:\Users\janpa\cd\development\fin\.next\dev\routes-manifest.json'
    at ignore-listed frames {
  errno: -4058,
  code: 'ENOENT',
  syscall: 'open',
  path: 'C:\\Users\\janpa\\cd\\development\\fin\\.next\\dev\\routes-manifest.json'
}
Error: ENOENT: no such file or directory, open 'C:\Users\janpa\cd\development\fin\.next\dev\routes-manifest.json'
    at ignore-listed frames {
  errno: -4058,
  code: 'ENOENT',
  syscall: 'open',
  path: 'C:\\Users\\janpa\\cd\\development\\fin\\.next\\dev\\routes-manifest.json'
}
Error: ENOENT: no such file or directory, open 'C:\Users\janpa\cd\development\fin\.next\dev\routes-manifest.json'
    at ignore-listed frames {
  errno: -4058,
  code: 'ENOENT',
  syscall: 'open',
  path: 'C:\\Users\\janpa\\cd\\development\\fin\\.next\\dev\\routes-manifest.json'
}
Error: ENOENT: no such file or directory, open 'C:\Users\janpa\cd\development\fin\.next\dev\routes-manifest.json'
    at ignore-listed frames {
  errno: -4058,
  code: 'ENOENT',
  syscall: 'open',
  path: 'C:\\Users\\janpa\\cd\\development\\fin\\.next\\dev\\routes-manifest.json'
}
Error: ENOENT: no such file or directory, open 'C:\Users\janpa\cd\development\fin\.next\dev\routes-manifest.json'
    at ignore-listed frames {
  errno: -4058,
  code: 'ENOENT',
  syscall: 'open',
  path: 'C:\\Users\\janpa\\cd\\development\\fin\\.next\\dev\\routes-manifest.json'
}
Error: ENOENT: no such file or directory, open 'C:\Users\janpa\cd\development\fin\.next\dev\routes-manifest.json'
    at ignore-listed frames {
  errno: -4058,
  code: 'ENOENT',
  syscall: 'open',
  path: 'C:\\Users\\janpa\\cd\\development\\fin\\.next\\dev\\routes-manifest.json'
}
⨯ Error: Cannot find module '../chunks/ssr/[turbopack]_runtime.js'
Require stack:
- C:\Users\janpa\cd\development\fin\.next\dev\server\pages\_document.js
- C:\Users\janpa\cd\development\fin\node_modules\next\dist\server\require.js
- C:\Users\janpa\cd\development\fin\node_modules\next\dist\server\load-components.js
- C:\Users\janpa\cd\development\fin\node_modules\next\dist\build\utils.js
- C:\Users\janpa\cd\development\fin\node_modules\next\dist\build\swc\options.js
- C:\Users\janpa\cd\development\fin\node_modules\next\dist\build\swc\index.js
- C:\Users\janpa\cd\development\fin\node_modules\next\dist\build\next-config-ts\transpile-config.js
- C:\Users\janpa\cd\development\fin\node_modules\next\dist\server\config.js
- C:\Users\janpa\cd\development\fin\node_modules\next\dist\server\next.js
- C:\Users\janpa\cd\development\fin\node_modules\next\dist\server\lib\start-server.js
    at Object.<anonymous> (C:\Users\janpa\cd\development\fin\.next\dev\server\pages\_document.js:1:7) {
  code: 'MODULE_NOT_FOUND',
  requireStack: [Array]
}
⨯ Error: Cannot find module '../chunks/ssr/[turbopack]_runtime.js'
Require stack:
- C:\Users\janpa\cd\development\fin\.next\dev\server\pages\_document.js
- C:\Users\janpa\cd\development\fin\node_modules\next\dist\server\require.js
- C:\Users\janpa\cd\development\fin\node_modules\next\dist\server\load-components.js
- C:\Users\janpa\cd\development\fin\node_modules\next\dist\build\utils.js
- C:\Users\janpa\cd\development\fin\node_modules\next\dist\build\swc\options.js
- C:\Users\janpa\cd\development\fin\node_modules\next\dist\build\swc\index.js
- C:\Users\janpa\cd\development\fin\node_modules\next\dist\build\next-config-ts\transpile-config.js
- C:\Users\janpa\cd\development\fin\node_modules\next\dist\server\config.js
- C:\Users\janpa\cd\development\fin\node_modules\next\dist\server\next.js
- C:\Users\janpa\cd\development\fin\node_modules\next\dist\server\lib\start-server.js
    at Object.<anonymous> (C:\Users\janpa\cd\development\fin\.next\dev\server\pages\_document.js:1:7) {
  code: 'MODULE_NOT_FOUND',
  requireStack: [Array]
}
⨯ Error: Cannot find module '../chunks/ssr/[turbopack]_runtime.js'
Require stack:
- C:\Users\janpa\cd\development\fin\.next\dev\server\pages\_document.js
- C:\Users\janpa\cd\development\fin\node_modules\next\dist\server\require.js
- C:\Users\janpa\cd\development\fin\node_modules\next\dist\server\load-components.js
- C:\Users\janpa\cd\development\fin\node_modules\next\dist\build\utils.js
- C:\Users\janpa\cd\development\fin\node_modules\next\dist\build\swc\options.js
- C:\Users\janpa\cd\development\fin\node_modules\next\dist\build\swc\index.js
- C:\Users\janpa\cd\development\fin\node_modules\next\dist\build\next-config-ts\transpile-config.js
- C:\Users\janpa\cd\development\fin\node_modules\next\dist\server\config.js
- C:\Users\janpa\cd\development\fin\node_modules\next\dist\server\next.js
- C:\Users\janpa\cd\development\fin\node_modules\next\dist\server\lib\start-server.js
    at Object.<anonymous> (C:\Users\janpa\cd\development\fin\.next\dev\server\pages\_document.js:1:7) {
  code: 'MODULE_NOT_FOUND',
  requireStack: [Array]
}
⨯ Error: Cannot find module '../chunks/ssr/[turbopack]_runtime.js'
Require stack:
- C:\Users\janpa\cd\development\fin\.next\dev\server\pages\_document.js
- C:\Users\janpa\cd\development\fin\node_modules\next\dist\server\require.js
- C:\Users\janpa\cd\development\fin\node_modules\next\dist\server\load-components.js
- C:\Users\janpa\cd\development\fin\node_modules\next\dist\build\utils.js
- C:\Users\janpa\cd\development\fin\node_modules\next\dist\build\swc\options.js
- C:\Users\janpa\cd\development\fin\node_modules\next\dist\build\swc\index.js
- C:\Users\janpa\cd\development\fin\node_modules\next\dist\build\next-config-ts\transpile-config.js
- C:\Users\janpa\cd\development\fin\node_modules\next\dist\server\config.js
- C:\Users\janpa\cd\development\fin\node_modules\next\dist\server\next.js
- C:\Users\janpa\cd\development\fin\node_modules\next\dist\server\lib\start-server.js
    at Object.<anonymous> (C:\Users\janpa\cd\development\fin\.next\dev\server\pages\_document.js:1:7) {
  code: 'MODULE_NOT_FOUND',
  requireStack: [Array]
}
⨯ Error: Cannot find module '../chunks/ssr/[turbopack]_runtime.js'
Require stack:
- C:\Users\janpa\cd\development\fin\.next\dev\server\pages\_document.js
- C:\Users\janpa\cd\development\fin\node_modules\next\dist\server\require.js
- C:\Users\janpa\cd\development\fin\node_modules\next\dist\server\load-components.js
- C:\Users\janpa\cd\development\fin\node_modules\next\dist\build\utils.js
- C:\Users\janpa\cd\development\fin\node_modules\next\dist\build\swc\options.js
- C:\Users\janpa\cd\development\fin\node_modules\next\dist\build\swc\index.js
- C:\Users\janpa\cd\development\fin\node_modules\next\dist\build\next-config-ts\transpile-config.js
- C:\Users\janpa\cd\development\fin\node_modules\next\dist\server\config.js
- C:\Users\janpa\cd\development\fin\node_modules\next\dist\server\next.js
- C:\Users\janpa\cd\development\fin\node_modules\next\dist\server\lib\start-server.js
    at Object.<anonymous> (C:\Users\janpa\cd\development\fin\.next\dev\server\pages\_document.js:1:7) {
  code: 'MODULE_NOT_FOUND',
  requireStack: [Array]
}
⨯ Error: Cannot find module '../chunks/ssr/[turbopack]_runtime.js'
Require stack:
- C:\Users\janpa\cd\development\fin\.next\dev\server\pages\_document.js
- C:\Users\janpa\cd\development\fin\node_modules\next\dist\server\require.js
- C:\Users\janpa\cd\development\fin\node_modules\next\dist\server\load-components.js
- C:\Users\janpa\cd\development\fin\node_modules\next\dist\build\utils.js
- C:\Users\janpa\cd\development\fin\node_modules\next\dist\build\swc\options.js
- C:\Users\janpa\cd\development\fin\node_modules\next\dist\build\swc\index.js
- C:\Users\janpa\cd\development\fin\node_modules\next\dist\build\next-config-ts\transpile-config.js
- C:\Users\janpa\cd\development\fin\node_modules\next\dist\server\config.js
- C:\Users\janpa\cd\development\fin\node_modules\next\dist\server\next.js
- C:\Users\janpa\cd\development\fin\node_modules\next\dist\server\lib\start-server.js
    at Object.<anonymous> (C:\Users\janpa\cd\development\fin\.next\dev\server\pages\_document.js:1:7) {
  code: 'MODULE_NOT_FOUND',
  requireStack: [Array]
}
⨯ Error: Cannot find module '../chunks/ssr/[turbopack]_runtime.js'
Require stack:
- C:\Users\janpa\cd\development\fin\.next\dev\server\pages\_document.js
- C:\Users\janpa\cd\development\fin\node_modules\next\dist\server\require.js
- C:\Users\janpa\cd\development\fin\node_modules\next\dist\server\load-components.js
- C:\Users\janpa\cd\development\fin\node_modules\next\dist\build\utils.js
- C:\Users\janpa\cd\development\fin\node_modules\next\dist\build\swc\options.js
- C:\Users\janpa\cd\development\fin\node_modules\next\dist\build\swc\index.js
- C:\Users\janpa\cd\development\fin\node_modules\next\dist\build\next-config-ts\transpile-config.js
- C:\Users\janpa\cd\development\fin\node_modules\next\dist\server\config.js
- C:\Users\janpa\cd\development\fin\node_modules\next\dist\server\next.js
- C:\Users\janpa\cd\development\fin\node_modules\next\dist\server\lib\start-server.js
    at Object.<anonymous> (C:\Users\janpa\cd\development\fin\.next\dev\server\pages\_document.js:1:7) {
  code: 'MODULE_NOT_FOUND',
  requireStack: [Array]
}
⨯ Error: Cannot find module '../../chunks/ssr/[turbopack]_runtime.js'
Require stack:
- C:\Users\janpa\cd\development\fin\.next\dev\server\app\_not-found\page.js
- C:\Users\janpa\cd\development\fin\node_modules\next\dist\server\require.js
- C:\Users\janpa\cd\development\fin\node_modules\next\dist\server\load-components.js
- C:\Users\janpa\cd\development\fin\node_modules\next\dist\build\utils.js
- C:\Users\janpa\cd\development\fin\node_modules\next\dist\build\swc\options.js
- C:\Users\janpa\cd\development\fin\node_modules\next\dist\build\swc\index.js
- C:\Users\janpa\cd\development\fin\node_modules\next\dist\build\next-config-ts\transpile-config.js
- C:\Users\janpa\cd\development\fin\node_modules\next\dist\server\config.js
- C:\Users\janpa\cd\development\fin\node_modules\next\dist\server\next.js
- C:\Users\janpa\cd\development\fin\node_modules\next\dist\server\lib\start-server.js
    at Object.<anonymous> (C:\Users\janpa\cd\development\fin\.next\dev\server\app\_not-found\page.js:1:7) {
  code: 'MODULE_NOT_FOUND',
  requireStack: [Array]
}
Error: ENOENT: no such file or directory, open 'C:\Users\janpa\cd\development\fin\.next\dev\routes-manifest.json'
    at ignore-listed frames {
  errno: -4058,
  code: 'ENOENT',
  syscall: 'open',
  path: 'C:\\Users\\janpa\\cd\\development\\fin\\.next\\dev\\routes-manifest.json'
}
Error: ENOENT: no such file or directory, open 'C:\Users\janpa\cd\development\fin\.next\dev\routes-manifest.json'
    at ignore-listed frames {
  errno: -4058,
  code: 'ENOENT',
  syscall: 'open',
  path: 'C:\\Users\\janpa\\cd\\development\\fin\\.next\\dev\\routes-manifest.json'
}
Error: ENOENT: no such file or directory, open 'C:\Users\janpa\cd\development\fin\.next\dev\routes-manifest.json'
    at ignore-listed frames {
  errno: -4058,
  code: 'ENOENT',
  syscall: 'open',
  path: 'C:\\Users\\janpa\\cd\\development\\fin\\.next\\dev\\routes-manifest.json'
}
Error: ENOENT: no such file or directory, open 'C:\Users\janpa\cd\development\fin\.next\dev\routes-manifest.json'
    at ignore-listed frames {
  errno: -4058,
  code: 'ENOENT',
  syscall: 'open',
  path: 'C:\\Users\\janpa\\cd\\development\\fin\\.next\\dev\\routes-manifest.json'
}
Error: ENOENT: no such file or directory, open 'C:\Users\janpa\cd\development\fin\.next\dev\routes-manifest.json'
    at ignore-listed frames {
  errno: -4058,
  code: 'ENOENT',
  syscall: 'open',
  path: 'C:\\Users\\janpa\\cd\\development\\fin\\.next\\dev\\routes-manifest.json'
}
Error: ENOENT: no such file or directory, open 'C:\Users\janpa\cd\development\fin\.next\dev\routes-manifest.json'
    at ignore-listed frames {
  errno: -4058,
  code: 'ENOENT',
  syscall: 'open',
  path: 'C:\\Users\\janpa\\cd\\development\\fin\\.next\\dev\\routes-manifest.json'
}
Error: ENOENT: no such file or directory, open 'C:\Users\janpa\cd\development\fin\.next\dev\routes-manifest.json'
    at ignore-listed frames {
  errno: -4058,
  code: 'ENOENT',
  syscall: 'open',
  path: 'C:\\Users\\janpa\\cd\\development\\fin\\.next\\dev\\routes-manifest.json'
}
Error: ENOENT: no such file or directory, open 'C:\Users\janpa\cd\development\fin\.next\dev\routes-manifest.json'
    at ignore-listed frames {
  errno: -4058,
  code: 'ENOENT',
  syscall: 'open',
  path: 'C:\\Users\\janpa\\cd\\development\\fin\\.next\\dev\\routes-manifest.json'
}
⨯ Error: Cannot find module '../chunks/ssr/[turbopack]_runtime.js'
Require stack:
- C:\Users\janpa\cd\development\fin\.next\dev\server\pages\_document.js
- C:\Users\janpa\cd\development\fin\node_modules\next\dist\server\require.js
- C:\Users\janpa\cd\development\fin\node_modules\next\dist\server\load-components.js
- C:\Users\janpa\cd\development\fin\node_modules\next\dist\build\utils.js
- C:\Users\janpa\cd\development\fin\node_modules\next\dist\build\swc\options.js
- C:\Users\janpa\cd\development\fin\node_modules\next\dist\build\swc\index.js
- C:\Users\janpa\cd\development\fin\node_modules\next\dist\build\next-config-ts\transpile-config.js
- C:\Users\janpa\cd\development\fin\node_modules\next\dist\server\config.js
- C:\Users\janpa\cd\development\fin\node_modules\next\dist\server\next.js
- C:\Users\janpa\cd\development\fin\node_modules\next\dist\server\lib\start-server.js
    at Object.<anonymous> (C:\Users\janpa\cd\development\fin\.next\dev\server\pages\_document.js:1:7) {
  code: 'MODULE_NOT_FOUND',
  requireStack: [Array]
}
Error: ENOENT: no such file or directory, open 'C:\Users\janpa\cd\development\fin\.next\dev\routes-manifest.json'
    at ignore-listed frames {
  errno: -4058,
  code: 'ENOENT',
  syscall: 'open',
  path: 'C:\\Users\\janpa\\cd\\development\\fin\\.next\\dev\\routes-manifest.json'
}
 GET /api/verify-resilience-score 500 in 795ms (compile: 43ms, proxy.ts: 740ms, render: 11ms)
⨯ Error: Cannot find module '../chunks/ssr/[turbopack]_runtime.js'
Require stack:
- C:\Users\janpa\cd\development\fin\.next\dev\server\pages\_document.js
- C:\Users\janpa\cd\development\fin\node_modules\next\dist\server\require.js
- C:\Users\janpa\cd\development\fin\node_modules\next\dist\server\load-components.js
- C:\Users\janpa\cd\development\fin\node_modules\next\dist\build\utils.js
- C:\Users\janpa\cd\development\fin\node_modules\next\dist\build\swc\options.js
- C:\Users\janpa\cd\development\fin\node_modules\next\dist\build\swc\index.js
- C:\Users\janpa\cd\development\fin\node_modules\next\dist\build\next-config-ts\transpile-config.js
- C:\Users\janpa\cd\development\fin\node_modules\next\dist\server\config.js
- C:\Users\janpa\cd\development\fin\node_modules\next\dist\server\next.js
- C:\Users\janpa\cd\development\fin\node_modules\next\dist\server\lib\start-server.js
    at Object.<anonymous> (C:\Users\janpa\cd\development\fin\.next\dev\server\pages\_document.js:1:7) {
  code: 'MODULE_NOT_FOUND',
  requireStack: [Array]
}
⨯ Error: Cannot find module '../../chunks/ssr/[turbopack]_runtime.js'
Require stack:
- C:\Users\janpa\cd\development\fin\.next\dev\server\app\_not-found\page.js
- C:\Users\janpa\cd\development\fin\node_modules\next\dist\server\require.js
- C:\Users\janpa\cd\development\fin\node_modules\next\dist\server\load-components.js
- C:\Users\janpa\cd\development\fin\node_modules\next\dist\build\utils.js
- C:\Users\janpa\cd\development\fin\node_modules\next\dist\build\swc\options.js
- C:\Users\janpa\cd\development\fin\node_modules\next\dist\build\swc\index.js
- C:\Users\janpa\cd\development\fin\node_modules\next\dist\build\next-config-ts\transpile-config.js
- C:\Users\janpa\cd\development\fin\node_modules\next\dist\server\config.js
- C:\Users\janpa\cd\development\fin\node_modules\next\dist\server\next.js
- C:\Users\janpa\cd\development\fin\node_modules\next\dist\server\lib\start-server.js
    at Object.<anonymous> (C:\Users\janpa\cd\development\fin\.next\dev\server\app\_not-found\page.js:1:7) {
  code: 'MODULE_NOT_FOUND',
  requireStack: [Array]
}
Error: ENOENT: no such file or directory, open 'C:\Users\janpa\cd\development\fin\.next\dev\routes-manifest.json'
    at ignore-listed frames {
  errno: -4058,
  code: 'ENOENT',
  syscall: 'open',
  path: 'C:\\Users\\janpa\\cd\\development\\fin\\.next\\dev\\routes-manifest.json'
}
⨯ Error: Cannot find module '../chunks/ssr/[turbopack]_runtime.js'
Require stack:
- C:\Users\janpa\cd\development\fin\.next\dev\server\pages\_document.js
- C:\Users\janpa\cd\development\fin\node_modules\next\dist\server\require.js
- C:\Users\janpa\cd\development\fin\node_modules\next\dist\server\load-components.js
- C:\Users\janpa\cd\development\fin\node_modules\next\dist\build\utils.js
- C:\Users\janpa\cd\development\fin\node_modules\next\dist\build\swc\options.js
- C:\Users\janpa\cd\development\fin\node_modules\next\dist\build\swc\index.js
- C:\Users\janpa\cd\development\fin\node_modules\next\dist\build\next-config-ts\transpile-config.js
- C:\Users\janpa\cd\development\fin\node_modules\next\dist\server\config.js
- C:\Users\janpa\cd\development\fin\node_modules\next\dist\server\next.js
- C:\Users\janpa\cd\development\fin\node_modules\next\dist\server\lib\start-server.js
    at Object.<anonymous> (C:\Users\janpa\cd\development\fin\.next\dev\server\pages\_document.js:1:7) {
  code: 'MODULE_NOT_FOUND',
  requireStack: [Array]
}
Error: ENOENT: no such file or directory, open 'C:\Users\janpa\cd\development\fin\.next\dev\routes-manifest.json'
    at ignore-listed frames {
  errno: -4058,
  code: 'ENOENT',
  syscall: 'open',
  path: 'C:\\Users\\janpa\\cd\\development\\fin\\.next\\dev\\routes-manifest.json'
}
 GET /test-milestone-markers 500 in 130ms (compile: 63ms, proxy.ts: 56ms, render: 11ms)
⨯ Error: Cannot find module '../chunks/ssr/[turbopack]_runtime.js'
Require stack:
- C:\Users\janpa\cd\development\fin\.next\dev\server\pages\_document.js
- C:\Users\janpa\cd\development\fin\node_modules\next\dist\server\require.js
- C:\Users\janpa\cd\development\fin\node_modules\next\dist\server\load-components.js
- C:\Users\janpa\cd\development\fin\node_modules\next\dist\build\utils.js
- C:\Users\janpa\cd\development\fin\node_modules\next\dist\build\swc\options.js
- C:\Users\janpa\cd\development\fin\node_modules\next\dist\build\swc\index.js
- C:\Users\janpa\cd\development\fin\node_modules\next\dist\build\next-config-ts\transpile-config.js
- C:\Users\janpa\cd\development\fin\node_modules\next\dist\server\config.js
- C:\Users\janpa\cd\development\fin\node_modules\next\dist\server\next.js
- C:\Users\janpa\cd\development\fin\node_modules\next\dist\server\lib\start-server.js
    at Object.<anonymous> (C:\Users\janpa\cd\development\fin\.next\dev\server\pages\_document.js:1:7) {
  code: 'MODULE_NOT_FOUND',
  requireStack: [Array]
}
⨯ Error: Cannot find module '../../chunks/ssr/[turbopack]_runtime.js'
Require stack:
- C:\Users\janpa\cd\development\fin\.next\dev\server\app\_not-found\page.js
- C:\Users\janpa\cd\development\fin\node_modules\next\dist\server\require.js
- C:\Users\janpa\cd\development\fin\node_modules\next\dist\server\load-components.js
- C:\Users\janpa\cd\development\fin\node_modules\next\dist\build\utils.js
- C:\Users\janpa\cd\development\fin\node_modules\next\dist\build\swc\options.js
- C:\Users\janpa\cd\development\fin\node_modules\next\dist\build\swc\index.js
- C:\Users\janpa\cd\development\fin\node_modules\next\dist\build\next-config-ts\transpile-config.js
- C:\Users\janpa\cd\development\fin\node_modules\next\dist\server\config.js
- C:\Users\janpa\cd\development\fin\node_modules\next\dist\server\next.js
- C:\Users\janpa\cd\development\fin\node_modules\next\dist\server\lib\start-server.js
    at Object.<anonymous> (C:\Users\janpa\cd\development\fin\.next\dev\server\app\_not-found\page.js:1:7) {
  code: 'MODULE_NOT_FOUND',
  requireStack: [Array]
}
Error: ENOENT: no such file or directory, open 'C:\Users\janpa\cd\development\fin\.next\dev\routes-manifest.json'
    at ignore-listed frames {
  errno: -4058,
  code: 'ENOENT',
  syscall: 'open',
  path: 'C:\\Users\\janpa\\cd\\development\\fin\\.next\\dev\\routes-manifest.json'
}
⨯ Error: Cannot find module '../chunks/ssr/[turbopack]_runtime.js'
Require stack:
- C:\Users\janpa\cd\development\fin\.next\dev\server\pages\_document.js
- C:\Users\janpa\cd\development\fin\node_modules\next\dist\server\require.js
- C:\Users\janpa\cd\development\fin\node_modules\next\dist\server\load-components.js
- C:\Users\janpa\cd\development\fin\node_modules\next\dist\build\utils.js
- C:\Users\janpa\cd\development\fin\node_modules\next\dist\build\swc\options.js
- C:\Users\janpa\cd\development\fin\node_modules\next\dist\build\swc\index.js
- C:\Users\janpa\cd\development\fin\node_modules\next\dist\build\next-config-ts\transpile-config.js
- C:\Users\janpa\cd\development\fin\node_modules\next\dist\server\config.js
- C:\Users\janpa\cd\development\fin\node_modules\next\dist\server\next.js
- C:\Users\janpa\cd\development\fin\node_modules\next\dist\server\lib\start-server.js
    at Object.<anonymous> (C:\Users\janpa\cd\development\fin\.next\dev\server\pages\_document.js:1:7) {
  code: 'MODULE_NOT_FOUND',
  requireStack: [Array]
}
Error: ENOENT: no such file or directory, open 'C:\Users\janpa\cd\development\fin\.next\dev\routes-manifest.json'
    at ignore-listed frames {
  errno: -4058,
  code: 'ENOENT',
  syscall: 'open',
  path: 'C:\\Users\\janpa\\cd\\development\\fin\\.next\\dev\\routes-manifest.json'
}
 GET /api/health 500 in 115ms (compile: 41ms, proxy.ts: 58ms, render: 16ms)
[?25h
