▲ Next.js 16.1.6 (Turbopack)
- Local:         http://localhost:3400
- Network:       http://192.168.86.37:3400
- Environments: .env.local
- Experiments (use with caution):
  ⨯ turbopackFileSystemCacheForDev

✓ Starting...
✓ Ready in 1065ms
⨯ Error: Cannot find module 'C:\Users\janpa\cd\development\fin\.next\dev\server\middleware-manifest.json'
Require stack:
- C:\Users\janpa\cd\development\fin\node_modules\next\dist\server\next-server.js
- C:\Users\janpa\cd\development\fin\node_modules\next\dist\server\dev\next-dev-server.js
- C:\Users\janpa\cd\development\fin\node_modules\next\dist\server\next.js
- C:\Users\janpa\cd\development\fin\node_modules\next\dist\server\lib\start-server.js
    at ignore-listed frames {
  code: 'MODULE_NOT_FOUND',
  requireStack: [Array]
}
⨯ Error: ENOENT: no such file or directory, open 'C:\Users\janpa\cd\development\fin\.next\dev\static\development\_buildManifest.js.tmp.3iqm0a973p2'
    at ignore-listed frames {
  errno: -4058,
  code: 'ENOENT',
  syscall: 'open',
  path: 'C:\\Users\\janpa\\cd\\development\\fin\\.next\\dev\\static\\development\\_buildManifest.js.tmp.3iqm0a973p2'
}
Error: Cannot find module 'C:\Users\janpa\cd\development\fin\.next\dev\server\middleware-manifest.json'
Require stack:
- C:\Users\janpa\cd\development\fin\node_modules\next\dist\server\next-server.js
- C:\Users\janpa\cd\development\fin\node_modules\next\dist\server\dev\next-dev-server.js
- C:\Users\janpa\cd\development\fin\node_modules\next\dist\server\next.js
- C:\Users\janpa\cd\development\fin\node_modules\next\dist\server\lib\start-server.js
    at ignore-listed frames {
  code: 'MODULE_NOT_FOUND',
  requireStack: [Array]
}
⨯ Error: ENOENT: no such file or directory, open 'C:\Users\janpa\cd\development\fin\.next\dev\routes-manifest.json'
    at ignore-listed frames {
  errno: -4058,
  code: 'ENOENT',
  syscall: 'open',
  path: 'C:\\Users\\janpa\\cd\\development\\fin\\.next\\dev\\routes-manifest.json'
}
Error: ENOENT: no such file or directory, open 'C:\Users\janpa\cd\development\fin\.next\dev\routes-manifest.json'
    at ignore-listed frames {
  errno: -4058,
  code: 'ENOENT',
  syscall: 'open',
  path: 'C:\\Users\\janpa\\cd\\development\\fin\\.next\\dev\\routes-manifest.json'
}
 GET /core/assets/holdings 500 in 2.6s (compile: 99ms, proxy.ts: 2.5s, render: 22ms)
 GET /api/dev-login 200 in 1101ms (compile: 1071ms, proxy.ts: 5ms, render: 25ms)
⨯ Error: ENOENT: no such file or directory, open 'C:\Users\janpa\cd\development\fin\.next\dev\server\app\_not-found\page\build-manifest.json'
    at ignore-listed frames {
  errno: -4058,
  code: 'ENOENT',
  syscall: 'open',
  path: 'C:\\Users\\janpa\\cd\\development\\fin\\.next\\dev\\server\\app\\_not-found\\page\\build-manifest.json'
}
⨯ Error: ENOENT: no such file or directory, open 'C:\Users\janpa\cd\development\fin\.next\dev\server\pages\_app\build-manifest.json'
    at ignore-listed frames {
  errno: -4058,
  code: 'ENOENT',
  syscall: 'open',
  path: 'C:\\Users\\janpa\\cd\\development\\fin\\.next\\dev\\server\\pages\\_app\\build-manifest.json'
}
⨯ Error: ENOENT: no such file or directory, open 'C:\Users\janpa\cd\development\fin\.next\dev\server\pages\_app\build-manifest.json'
    at ignore-listed frames {
  errno: -4058,
  code: 'ENOENT',
  syscall: 'open',
  path: 'C:\\Users\\janpa\\cd\\development\\fin\\.next\\dev\\server\\pages\\_app\\build-manifest.json'
}
Error: ENOENT: no such file or directory, open 'C:\Users\janpa\cd\development\fin\.next\dev\server\pages\_app\build-manifest.json'
    at ignore-listed frames {
  errno: -4058,
  code: 'ENOENT',
  syscall: 'open',
  path: 'C:\\Users\\janpa\\cd\\development\\fin\\.next\\dev\\server\\pages\\_app\\build-manifest.json'
}
⨯ Error: ENOENT: no such file or directory, open 'C:\Users\janpa\cd\development\fin\.next\dev\server\pages\_app\build-manifest.json'
    at ignore-listed frames {
  errno: -4058,
  code: 'ENOENT',
  syscall: 'open',
  path: 'C:\\Users\\janpa\\cd\\development\\fin\\.next\\dev\\server\\pages\\_app\\build-manifest.json'
}
Error: ENOENT: no such file or directory, open 'C:\Users\janpa\cd\development\fin\.next\dev\server\pages\_app\build-manifest.json'
    at ignore-listed frames {
  errno: -4058,
  code: 'ENOENT',
  syscall: 'open',
  path: 'C:\\Users\\janpa\\cd\\development\\fin\\.next\\dev\\server\\pages\\_app\\build-manifest.json'
}
 GET /api/dev-login 500 in 190ms (proxy.ts: 6ms)
 GET /api/dev-login 500 in 190ms (proxy.ts: 6ms)
Error [ChunkLoadError]: Failed to load chunk server/chunks/ssr/node_modules_eef41739._.js from module [project]/node_modules/next/dist/esm/build/templates/app-page.js?page=/login/page { GLOBAL_ERROR_MODULE => "[project]/node_modules/next/dist/client/components/builtin/global-error.js [app-rsc] (ecmascript, Next.js Server Component)", METADATA_0 => "[project]/app/favicon.ico.mjs { IMAGE => \"[project]/app/favicon.ico (static in ecmascript, tag client)\" } [app-rsc] (structured image object, ecmascript, Next.js Server Component)", MODULE_1 => "[project]/app/layout.tsx [app-rsc] (ecmascript, Next.js Server Component)", MODULE_2 => "[project]/app/not-found.tsx [app-rsc] (ecmascript, Next.js Server Component)", MODULE_3 => "[project]/node_modules/next/dist/client/components/builtin/forbidden.js [app-rsc] (ecmascript, Next.js Server Component)", MODULE_4 => "[project]/node_modules/next/dist/client/components/builtin/unauthorized.js [app-rsc] (ecmascript, Next.js Server Component)", MODULE_5 => "[project]/node_modules/next/dist/client/components/builtin/global-error.js [app-rsc] (ecmascript, Next.js Server Component)", MODULE_6 => "[project]/app/login/page.tsx [app-rsc] (ecmascript, Next.js Server Component)" } [app-rsc] (ecmascript) <locals>
    at ignore-listed frames {
  [cause]: Error: Cannot find module 'C:\Users\janpa\cd\development\fin\.next\dev\server\chunks\ssr\node_modules_eef41739._.js'
  Require stack:
  - C:\Users\janpa\cd\development\fin\.next\dev\server\chunks\ssr\[turbopack]_runtime.js
  - C:\Users\janpa\cd\development\fin\.next\dev\server\pages\_document.js
  - C:\Users\janpa\cd\development\fin\node_modules\next\dist\server\require.js
  - C:\Users\janpa\cd\development\fin\node_modules\next\dist\server\load-components.js
  - C:\Users\janpa\cd\development\fin\node_modules\next\dist\build\utils.js
  - C:\Users\janpa\cd\development\fin\node_modules\next\dist\build\swc\options.js
  - C:\Users\janpa\cd\development\fin\node_modules\next\dist\build\swc\index.js
  - C:\Users\janpa\cd\development\fin\node_modules\next\dist\build\next-config-ts\transpile-config.js
  - C:\Users\janpa\cd\development\fin\node_modules\next\dist\server\config.js
  - C:\Users\janpa\cd\development\fin\node_modules\next\dist\server\next.js
  - C:\Users\janpa\cd\development\fin\node_modules\next\dist\server\lib\start-server.js
      at ignore-listed frames {
    code: 'MODULE_NOT_FOUND',
    requireStack: [
      'C:\\Users\\janpa\\cd\\development\\fin\\.next\\dev\\server\\chunks\\ssr\\[turbopack]_runtime.js',
      'C:\\Users\\janpa\\cd\\development\\fin\\.next\\dev\\server\\pages\\_document.js',
      'C:\\Users\\janpa\\cd\\development\\fin\\node_modules\\next\\dist\\server\\require.js',
      'C:\\Users\\janpa\\cd\\development\\fin\\node_modules\\next\\dist\\server\\load-components.js',
      'C:\\Users\\janpa\\cd\\development\\fin\\node_modules\\next\\dist\\build\\utils.js',
      'C:\\Users\\janpa\\cd\\development\\fin\\node_modules\\next\\dist\\build\\swc\\options.js',
      'C:\\Users\\janpa\\cd\\development\\fin\\node_modules\\next\\dist\\build\\swc\\index.js',
      'C:\\Users\\janpa\\cd\\development\\fin\\node_modules\\next\\dist\\build\\next-config-ts\\transpile-config.js',
      'C:\\Users\\janpa\\cd\\development\\fin\\node_modules\\next\\dist\\server\\config.js',
      'C:\\Users\\janpa\\cd\\development\\fin\\node_modules\\next\\dist\\server\\next.js',
      'C:\\Users\\janpa\\cd\\development\\fin\\node_modules\\next\\dist\\server\\lib\\start-server.js'
    ]
  }
}
⨯ unhandledRejection: Error [ChunkLoadError]: Failed to load chunk server/chunks/ssr/node_modules_eef41739._.js from module [project]/node_modules/next/dist/esm/build/templates/app-page.js?page=/login/page { GLOBAL_ERROR_MODULE => "[project]/node_modules/next/dist/client/components/builtin/global-error.js [app-rsc] (ecmascript, Next.js Server Component)", METADATA_0 => "[project]/app/favicon.ico.mjs { IMAGE => \"[project]/app/favicon.ico (static in ecmascript, tag client)\" } [app-rsc] (structured image object, ecmascript, Next.js Server Component)", MODULE_1 => "[project]/app/layout.tsx [app-rsc] (ecmascript, Next.js Server Component)", MODULE_2 => "[project]/app/not-found.tsx [app-rsc] (ecmascript, Next.js Server Component)", MODULE_3 => "[project]/node_modules/next/dist/client/components/builtin/forbidden.js [app-rsc] (ecmascript, Next.js Server Component)", MODULE_4 => "[project]/node_modules/next/dist/client/components/builtin/unauthorized.js [app-rsc] (ecmascript, Next.js Server Component)", MODULE_5 => "[project]/node_modules/next/dist/client/components/builtin/global-error.js [app-rsc] (ecmascript, Next.js Server Component)", MODULE_6 => "[project]/app/login/page.tsx [app-rsc] (ecmascript, Next.js Server Component)" } [app-rsc] (ecmascript) <locals>
    at ignore-listed frames {
  [cause]: Error: Cannot find module 'C:\Users\janpa\cd\development\fin\.next\dev\server\chunks\ssr\node_modules_eef41739._.js'
  Require stack:
  - C:\Users\janpa\cd\development\fin\.next\dev\server\chunks\ssr\[turbopack]_runtime.js
  - C:\Users\janpa\cd\development\fin\.next\dev\server\pages\_document.js
  - C:\Users\janpa\cd\development\fin\node_modules\next\dist\server\require.js
  - C:\Users\janpa\cd\development\fin\node_modules\next\dist\server\load-components.js
  - C:\Users\janpa\cd\development\fin\node_modules\next\dist\build\utils.js
  - C:\Users\janpa\cd\development\fin\node_modules\next\dist\build\swc\options.js
  - C:\Users\janpa\cd\development\fin\node_modules\next\dist\build\swc\index.js
  - C:\Users\janpa\cd\development\fin\node_modules\next\dist\build\next-config-ts\transpile-config.js
  - C:\Users\janpa\cd\development\fin\node_modules\next\dist\server\config.js
  - C:\Users\janpa\cd\development\fin\node_modules\next\dist\server\next.js
  - C:\Users\janpa\cd\development\fin\node_modules\next\dist\server\lib\start-server.js
      at ignore-listed frames {
    code: 'MODULE_NOT_FOUND',
    requireStack: [
      'C:\\Users\\janpa\\cd\\development\\fin\\.next\\dev\\server\\chunks\\ssr\\[turbopack]_runtime.js',
      'C:\\Users\\janpa\\cd\\development\\fin\\.next\\dev\\server\\pages\\_document.js',
      'C:\\Users\\janpa\\cd\\development\\fin\\node_modules\\next\\dist\\server\\require.js',
      'C:\\Users\\janpa\\cd\\development\\fin\\node_modules\\next\\dist\\server\\load-components.js',
      'C:\\Users\\janpa\\cd\\development\\fin\\node_modules\\next\\dist\\build\\utils.js',
      'C:\\Users\\janpa\\cd\\development\\fin\\node_modules\\next\\dist\\build\\swc\\options.js',
      'C:\\Users\\janpa\\cd\\development\\fin\\node_modules\\next\\dist\\build\\swc\\index.js',
      'C:\\Users\\janpa\\cd\\development\\fin\\node_modules\\next\\dist\\build\\next-config-ts\\transpile-config.js',
      'C:\\Users\\janpa\\cd\\development\\fin\\node_modules\\next\\dist\\server\\config.js',
      'C:\\Users\\janpa\\cd\\development\\fin\\node_modules\\next\\dist\\server\\next.js',
      'C:\\Users\\janpa\\cd\\development\\fin\\node_modules\\next\\dist\\server\\lib\\start-server.js'
    ]
  }
}
⨯ unhandledRejection:  Error [ChunkLoadError]: Failed to load chunk server/chunks/ssr/node_modules_eef41739._.js from module [project]/node_modules/next/dist/esm/build/templates/app-page.js?page=/login/page { GLOBAL_ERROR_MODULE => "[project]/node_modules/next/dist/client/components/builtin/global-error.js [app-rsc] (ecmascript, Next.js Server Component)", METADATA_0 => "[project]/app/favicon.ico.mjs { IMAGE => \"[project]/app/favicon.ico (static in ecmascript, tag client)\" } [app-rsc] (structured image object, ecmascript, Next.js Server Component)", MODULE_1 => "[project]/app/layout.tsx [app-rsc] (ecmascript, Next.js Server Component)", MODULE_2 => "[project]/app/not-found.tsx [app-rsc] (ecmascript, Next.js Server Component)", MODULE_3 => "[project]/node_modules/next/dist/client/components/builtin/forbidden.js [app-rsc] (ecmascript, Next.js Server Component)", MODULE_4 => "[project]/node_modules/next/dist/client/components/builtin/unauthorized.js [app-rsc] (ecmascript, Next.js Server Component)", MODULE_5 => "[project]/node_modules/next/dist/client/components/builtin/global-error.js [app-rsc] (ecmascript, Next.js Server Component)", MODULE_6 => "[project]/app/login/page.tsx [app-rsc] (ecmascript, Next.js Server Component)" } [app-rsc] (ecmascript) <locals>
    at ignore-listed frames {
  [cause]: Error: Cannot find module 'C:\Users\janpa\cd\development\fin\.next\dev\server\chunks\ssr\node_modules_eef41739._.js'
  Require stack:
  - C:\Users\janpa\cd\development\fin\.next\dev\server\chunks\ssr\[turbopack]_runtime.js
  - C:\Users\janpa\cd\development\fin\.next\dev\server\pages\_document.js
  - C:\Users\janpa\cd\development\fin\node_modules\next\dist\server\require.js
  - C:\Users\janpa\cd\development\fin\node_modules\next\dist\server\load-components.js
  - C:\Users\janpa\cd\development\fin\node_modules\next\dist\build\utils.js
  - C:\Users\janpa\cd\development\fin\node_modules\next\dist\build\swc\options.js
  - C:\Users\janpa\cd\development\fin\node_modules\next\dist\build\swc\index.js
  - C:\Users\janpa\cd\development\fin\node_modules\next\dist\build\next-config-ts\transpile-config.js
  - C:\Users\janpa\cd\development\fin\node_modules\next\dist\server\config.js
  - C:\Users\janpa\cd\development\fin\node_modules\next\dist\server\next.js
  - C:\Users\janpa\cd\development\fin\node_modules\next\dist\server\lib\start-server.js
      at ignore-listed frames {
    code: 'MODULE_NOT_FOUND',
    requireStack: [
      'C:\\Users\\janpa\\cd\\development\\fin\\.next\\dev\\server\\chunks\\ssr\\[turbopack]_runtime.js',
      'C:\\Users\\janpa\\cd\\development\\fin\\.next\\dev\\server\\pages\\_document.js',
      'C:\\Users\\janpa\\cd\\development\\fin\\node_modules\\next\\dist\\server\\require.js',
      'C:\\Users\\janpa\\cd\\development\\fin\\node_modules\\next\\dist\\server\\load-components.js',
      'C:\\Users\\janpa\\cd\\development\\fin\\node_modules\\next\\dist\\build\\utils.js',
      'C:\\Users\\janpa\\cd\\development\\fin\\node_modules\\next\\dist\\build\\swc\\options.js',
      'C:\\Users\\janpa\\cd\\development\\fin\\node_modules\\next\\dist\\build\\swc\\index.js',
      'C:\\Users\\janpa\\cd\\development\\fin\\node_modules\\next\\dist\\build\\next-config-ts\\transpile-config.js',
      'C:\\Users\\janpa\\cd\\development\\fin\\node_modules\\next\\dist\\server\\config.js',
      'C:\\Users\\janpa\\cd\\development\\fin\\node_modules\\next\\dist\\server\\next.js',
      'C:\\Users\\janpa\\cd\\development\\fin\\node_modules\\next\\dist\\server\\lib\\start-server.js'
    ]
  }
}
Error [ChunkLoadError]: Failed to load chunk server/chunks/ssr/[externals]_next_dist_compiled_next-server_app-page-turbo_runtime_dev_062c5159.js from module [project]/node_modules/next/dist/esm/build/templates/app-page.js?page=/login/page { GLOBAL_ERROR_MODULE => "[project]/node_modules/next/dist/client/components/builtin/global-error.js [app-rsc] (ecmascript, Next.js Server Component)", METADATA_0 => "[project]/app/favicon.ico.mjs { IMAGE => \"[project]/app/favicon.ico (static in ecmascript, tag client)\" } [app-rsc] (structured image object, ecmascript, Next.js Server Component)", MODULE_1 => "[project]/app/layout.tsx [app-rsc] (ecmascript, Next.js Server Component)", MODULE_2 => "[project]/app/not-found.tsx [app-rsc] (ecmascript, Next.js Server Component)", MODULE_3 => "[project]/node_modules/next/dist/client/components/builtin/forbidden.js [app-rsc] (ecmascript, Next.js Server Component)", MODULE_4 => "[project]/node_modules/next/dist/client/components/builtin/unauthorized.js [app-rsc] (ecmascript, Next.js Server Component)", MODULE_5 => "[project]/node_modules/next/dist/client/components/builtin/global-error.js [app-rsc] (ecmascript, Next.js Server Component)", MODULE_6 => "[project]/app/login/page.tsx [app-rsc] (ecmascript, Next.js Server Component)" } [app-rsc] (ecmascript) <locals>
    at ignore-listed frames {
  [cause]: Error: Cannot find module 'C:\Users\janpa\cd\development\fin\.next\dev\server\chunks\ssr\[externals]_next_dist_compiled_next-server_app-page-turbo_runtime_dev_062c5159.js'
  Require stack:
  - C:\Users\janpa\cd\development\fin\.next\dev\server\chunks\ssr\[turbopack]_runtime.js
  - C:\Users\janpa\cd\development\fin\.next\dev\server\pages\_document.js
  - C:\Users\janpa\cd\development\fin\node_modules\next\dist\server\require.js
  - C:\Users\janpa\cd\development\fin\node_modules\next\dist\server\load-components.js
  - C:\Users\janpa\cd\development\fin\node_modules\next\dist\build\utils.js
  - C:\Users\janpa\cd\development\fin\node_modules\next\dist\build\swc\options.js
  - C:\Users\janpa\cd\development\fin\node_modules\next\dist\build\swc\index.js
  - C:\Users\janpa\cd\development\fin\node_modules\next\dist\build\next-config-ts\transpile-config.js
  - C:\Users\janpa\cd\development\fin\node_modules\next\dist\server\config.js
  - C:\Users\janpa\cd\development\fin\node_modules\next\dist\server\next.js
  - C:\Users\janpa\cd\development\fin\node_modules\next\dist\server\lib\start-server.js
      at ignore-listed frames {
    code: 'MODULE_NOT_FOUND',
    requireStack: [
      'C:\\Users\\janpa\\cd\\development\\fin\\.next\\dev\\server\\chunks\\ssr\\[turbopack]_runtime.js',
      'C:\\Users\\janpa\\cd\\development\\fin\\.next\\dev\\server\\pages\\_document.js',
      'C:\\Users\\janpa\\cd\\development\\fin\\node_modules\\next\\dist\\server\\require.js',
      'C:\\Users\\janpa\\cd\\development\\fin\\node_modules\\next\\dist\\server\\load-components.js',
      'C:\\Users\\janpa\\cd\\development\\fin\\node_modules\\next\\dist\\build\\utils.js',
      'C:\\Users\\janpa\\cd\\development\\fin\\node_modules\\next\\dist\\build\\swc\\options.js',
      'C:\\Users\\janpa\\cd\\development\\fin\\node_modules\\next\\dist\\build\\swc\\index.js',
      'C:\\Users\\janpa\\cd\\development\\fin\\node_modules\\next\\dist\\build\\next-config-ts\\transpile-config.js',
      'C:\\Users\\janpa\\cd\\development\\fin\\node_modules\\next\\dist\\server\\config.js',
      'C:\\Users\\janpa\\cd\\development\\fin\\node_modules\\next\\dist\\server\\next.js',
      'C:\\Users\\janpa\\cd\\development\\fin\\node_modules\\next\\dist\\server\\lib\\start-server.js'
    ]
  }
}
⨯ unhandledRejection: Error [ChunkLoadError]: Failed to load chunk server/chunks/ssr/[externals]_next_dist_compiled_next-server_app-page-turbo_runtime_dev_062c5159.js from module [project]/node_modules/next/dist/esm/build/templates/app-page.js?page=/login/page { GLOBAL_ERROR_MODULE => "[project]/node_modules/next/dist/client/components/builtin/global-error.js [app-rsc] (ecmascript, Next.js Server Component)", METADATA_0 => "[project]/app/favicon.ico.mjs { IMAGE => \"[project]/app/favicon.ico (static in ecmascript, tag client)\" } [app-rsc] (structured image object, ecmascript, Next.js Server Component)", MODULE_1 => "[project]/app/layout.tsx [app-rsc] (ecmascript, Next.js Server Component)", MODULE_2 => "[project]/app/not-found.tsx [app-rsc] (ecmascript, Next.js Server Component)", MODULE_3 => "[project]/node_modules/next/dist/client/components/builtin/forbidden.js [app-rsc] (ecmascript, Next.js Server Component)", MODULE_4 => "[project]/node_modules/next/dist/client/components/builtin/unauthorized.js [app-rsc] (ecmascript, Next.js Server Component)", MODULE_5 => "[project]/node_modules/next/dist/client/components/builtin/global-error.js [app-rsc] (ecmascript, Next.js Server Component)", MODULE_6 => "[project]/app/login/page.tsx [app-rsc] (ecmascript, Next.js Server Component)" } [app-rsc] (ecmascript) <locals>
    at ignore-listed frames {
  [cause]: Error: Cannot find module 'C:\Users\janpa\cd\development\fin\.next\dev\server\chunks\ssr\[externals]_next_dist_compiled_next-server_app-page-turbo_runtime_dev_062c5159.js'
  Require stack:
  - C:\Users\janpa\cd\development\fin\.next\dev\server\chunks\ssr\[turbopack]_runtime.js
  - C:\Users\janpa\cd\development\fin\.next\dev\server\pages\_document.js
  - C:\Users\janpa\cd\development\fin\node_modules\next\dist\server\require.js
  - C:\Users\janpa\cd\development\fin\node_modules\next\dist\server\load-components.js
  - C:\Users\janpa\cd\development\fin\node_modules\next\dist\build\utils.js
  - C:\Users\janpa\cd\development\fin\node_modules\next\dist\build\swc\options.js
  - C:\Users\janpa\cd\development\fin\node_modules\next\dist\build\swc\index.js
  - C:\Users\janpa\cd\development\fin\node_modules\next\dist\build\next-config-ts\transpile-config.js
  - C:\Users\janpa\cd\development\fin\node_modules\next\dist\server\config.js
  - C:\Users\janpa\cd\development\fin\node_modules\next\dist\server\next.js
  - C:\Users\janpa\cd\development\fin\node_modules\next\dist\server\lib\start-server.js
      at ignore-listed frames {
    code: 'MODULE_NOT_FOUND',
    requireStack: [
      'C:\\Users\\janpa\\cd\\development\\fin\\.next\\dev\\server\\chunks\\ssr\\[turbopack]_runtime.js',
      'C:\\Users\\janpa\\cd\\development\\fin\\.next\\dev\\server\\pages\\_document.js',
      'C:\\Users\\janpa\\cd\\development\\fin\\node_modules\\next\\dist\\server\\require.js',
      'C:\\Users\\janpa\\cd\\development\\fin\\node_modules\\next\\dist\\server\\load-components.js',
      'C:\\Users\\janpa\\cd\\development\\fin\\node_modules\\next\\dist\\build\\utils.js',
      'C:\\Users\\janpa\\cd\\development\\fin\\node_modules\\next\\dist\\build\\swc\\options.js',
      'C:\\Users\\janpa\\cd\\development\\fin\\node_modules\\next\\dist\\build\\swc\\index.js',
      'C:\\Users\\janpa\\cd\\development\\fin\\node_modules\\next\\dist\\build\\next-config-ts\\transpile-config.js',
      'C:\\Users\\janpa\\cd\\development\\fin\\node_modules\\next\\dist\\server\\config.js',
      'C:\\Users\\janpa\\cd\\development\\fin\\node_modules\\next\\dist\\server\\next.js',
      'C:\\Users\\janpa\\cd\\development\\fin\\node_modules\\next\\dist\\server\\lib\\start-server.js'
    ]
  }
}
⨯ unhandledRejection:  Error [ChunkLoadError]: Failed to load chunk server/chunks/ssr/[externals]_next_dist_compiled_next-server_app-page-turbo_runtime_dev_062c5159.js from module [project]/node_modules/next/dist/esm/build/templates/app-page.js?page=/login/page { GLOBAL_ERROR_MODULE => "[project]/node_modules/next/dist/client/components/builtin/global-error.js [app-rsc] (ecmascript, Next.js Server Component)", METADATA_0 => "[project]/app/favicon.ico.mjs { IMAGE => \"[project]/app/favicon.ico (static in ecmascript, tag client)\" } [app-rsc] (structured image object, ecmascript, Next.js Server Component)", MODULE_1 => "[project]/app/layout.tsx [app-rsc] (ecmascript, Next.js Server Component)", MODULE_2 => "[project]/app/not-found.tsx [app-rsc] (ecmascript, Next.js Server Component)", MODULE_3 => "[project]/node_modules/next/dist/client/components/builtin/forbidden.js [app-rsc] (ecmascript, Next.js Server Component)", MODULE_4 => "[project]/node_modules/next/dist/client/components/builtin/unauthorized.js [app-rsc] (ecmascript, Next.js Server Component)", MODULE_5 => "[project]/node_modules/next/dist/client/components/builtin/global-error.js [app-rsc] (ecmascript, Next.js Server Component)", MODULE_6 => "[project]/app/login/page.tsx [app-rsc] (ecmascript, Next.js Server Component)" } [app-rsc] (ecmascript) <locals>
    at ignore-listed frames {
  [cause]: Error: Cannot find module 'C:\Users\janpa\cd\development\fin\.next\dev\server\chunks\ssr\[externals]_next_dist_compiled_next-server_app-page-turbo_runtime_dev_062c5159.js'
  Require stack:
  - C:\Users\janpa\cd\development\fin\.next\dev\server\chunks\ssr\[turbopack]_runtime.js
  - C:\Users\janpa\cd\development\fin\.next\dev\server\pages\_document.js
  - C:\Users\janpa\cd\development\fin\node_modules\next\dist\server\require.js
  - C:\Users\janpa\cd\development\fin\node_modules\next\dist\server\load-components.js
  - C:\Users\janpa\cd\development\fin\node_modules\next\dist\build\utils.js
  - C:\Users\janpa\cd\development\fin\node_modules\next\dist\build\swc\options.js
  - C:\Users\janpa\cd\development\fin\node_modules\next\dist\build\swc\index.js
  - C:\Users\janpa\cd\development\fin\node_modules\next\dist\build\next-config-ts\transpile-config.js
  - C:\Users\janpa\cd\development\fin\node_modules\next\dist\server\config.js
  - C:\Users\janpa\cd\development\fin\node_modules\next\dist\server\next.js
  - C:\Users\janpa\cd\development\fin\node_modules\next\dist\server\lib\start-server.js
      at ignore-listed frames {
    code: 'MODULE_NOT_FOUND',
    requireStack: [
      'C:\\Users\\janpa\\cd\\development\\fin\\.next\\dev\\server\\chunks\\ssr\\[turbopack]_runtime.js',
      'C:\\Users\\janpa\\cd\\development\\fin\\.next\\dev\\server\\pages\\_document.js',
      'C:\\Users\\janpa\\cd\\development\\fin\\node_modules\\next\\dist\\server\\require.js',
      'C:\\Users\\janpa\\cd\\development\\fin\\node_modules\\next\\dist\\server\\load-components.js',
      'C:\\Users\\janpa\\cd\\development\\fin\\node_modules\\next\\dist\\build\\utils.js',
      'C:\\Users\\janpa\\cd\\development\\fin\\node_modules\\next\\dist\\build\\swc\\options.js',
      'C:\\Users\\janpa\\cd\\development\\fin\\node_modules\\next\\dist\\build\\swc\\index.js',
      'C:\\Users\\janpa\\cd\\development\\fin\\node_modules\\next\\dist\\build\\next-config-ts\\transpile-config.js',
      'C:\\Users\\janpa\\cd\\development\\fin\\node_modules\\next\\dist\\server\\config.js',
      'C:\\Users\\janpa\\cd\\development\\fin\\node_modules\\next\\dist\\server\\next.js',
      'C:\\Users\\janpa\\cd\\development\\fin\\node_modules\\next\\dist\\server\\lib\\start-server.js'
    ]
  }
}
 GET /login 200 in 4.2s (compile: 1163ms, proxy.ts: 10ms, render: 3.0s)
⨯ Error: ENOENT: no such file or directory, open 'C:\Users\janpa\cd\development\fin\.next\dev\server\app\api\dev-login\[__metadata_id__]\route\app-paths-manifest.json'
    at ignore-listed frames {
  errno: -4058,
  code: 'ENOENT',
  syscall: 'open',
  path: 'C:\\Users\\janpa\\cd\\development\\fin\\.next\\dev\\server\\app\\api\\dev-login\\[__metadata_id__]\\route\\app-paths-manifest.json'
}
⨯ Error: ENOENT: no such file or directory, open 'C:\Users\janpa\cd\development\fin\.next\dev\server\pages\_app\build-manifest.json'
    at ignore-listed frames {
  errno: -4058,
  code: 'ENOENT',
  syscall: 'open',
  path: 'C:\\Users\\janpa\\cd\\development\\fin\\.next\\dev\\server\\pages\\_app\\build-manifest.json'
}
Error: ENOENT: no such file or directory, open 'C:\Users\janpa\cd\development\fin\.next\dev\server\app\api\dev-login\[__metadata_id__]\route\app-paths-manifest.json'
    at ignore-listed frames {
  errno: -4058,
  code: 'ENOENT',
  syscall: 'open',
  path: 'C:\\Users\\janpa\\cd\\development\\fin\\.next\\dev\\server\\app\\api\\dev-login\\[__metadata_id__]\\route\\app-paths-manifest.json'
}
⨯ Error: ENOENT: no such file or directory, open 'C:\Users\janpa\cd\development\fin\.next\dev\server\pages\_app\build-manifest.json'
    at ignore-listed frames {
  errno: -4058,
  code: 'ENOENT',
  syscall: 'open',
  path: 'C:\\Users\\janpa\\cd\\development\\fin\\.next\\dev\\server\\pages\\_app\\build-manifest.json'
}
Error: ENOENT: no such file or directory, open 'C:\Users\janpa\cd\development\fin\.next\dev\server\pages\_app\build-manifest.json'
    at ignore-listed frames {
  errno: -4058,
  code: 'ENOENT',
  syscall: 'open',
  path: 'C:\\Users\\janpa\\cd\\development\\fin\\.next\\dev\\server\\pages\\_app\\build-manifest.json'
}
Error [ChunkLoadError]: Failed to load chunk server/chunks/ssr/node_modules_eef41739._.js from module [project]/node_modules/next/dist/esm/build/templates/app-page.js?page=/login/page { GLOBAL_ERROR_MODULE => "[project]/node_modules/next/dist/client/components/builtin/global-error.js [app-rsc] (ecmascript, Next.js Server Component)", METADATA_0 => "[project]/app/favicon.ico.mjs { IMAGE => \"[project]/app/favicon.ico (static in ecmascript, tag client)\" } [app-rsc] (structured image object, ecmascript, Next.js Server Component)", MODULE_1 => "[project]/app/layout.tsx [app-rsc] (ecmascript, Next.js Server Component)", MODULE_2 => "[project]/app/not-found.tsx [app-rsc] (ecmascript, Next.js Server Component)", MODULE_3 => "[project]/node_modules/next/dist/client/components/builtin/forbidden.js [app-rsc] (ecmascript, Next.js Server Component)", MODULE_4 => "[project]/node_modules/next/dist/client/components/builtin/unauthorized.js [app-rsc] (ecmascript, Next.js Server Component)", MODULE_5 => "[project]/node_modules/next/dist/client/components/builtin/global-error.js [app-rsc] (ecmascript, Next.js Server Component)", MODULE_6 => "[project]/app/login/page.tsx [app-rsc] (ecmascript, Next.js Server Component)" } [app-rsc] (ecmascript) <locals>
    at ignore-listed frames {
  [cause]: Error: Cannot find module 'C:\Users\janpa\cd\development\fin\.next\dev\server\chunks\ssr\node_modules_eef41739._.js'
  Require stack:
  - C:\Users\janpa\cd\development\fin\.next\dev\server\chunks\ssr\[turbopack]_runtime.js
  - C:\Users\janpa\cd\development\fin\.next\dev\server\pages\_document.js
  - C:\Users\janpa\cd\development\fin\node_modules\next\dist\server\require.js
  - C:\Users\janpa\cd\development\fin\node_modules\next\dist\server\load-components.js
  - C:\Users\janpa\cd\development\fin\node_modules\next\dist\build\utils.js
  - C:\Users\janpa\cd\development\fin\node_modules\next\dist\build\swc\options.js
  - C:\Users\janpa\cd\development\fin\node_modules\next\dist\build\swc\index.js
  - C:\Users\janpa\cd\development\fin\node_modules\next\dist\build\next-config-ts\transpile-config.js
  - C:\Users\janpa\cd\development\fin\node_modules\next\dist\server\config.js
  - C:\Users\janpa\cd\development\fin\node_modules\next\dist\server\next.js
  - C:\Users\janpa\cd\development\fin\node_modules\next\dist\server\lib\start-server.js
      at ignore-listed frames {
    code: 'MODULE_NOT_FOUND',
    requireStack: [
      'C:\\Users\\janpa\\cd\\development\\fin\\.next\\dev\\server\\chunks\\ssr\\[turbopack]_runtime.js',
      'C:\\Users\\janpa\\cd\\development\\fin\\.next\\dev\\server\\pages\\_document.js',
      'C:\\Users\\janpa\\cd\\development\\fin\\node_modules\\next\\dist\\server\\require.js',
      'C:\\Users\\janpa\\cd\\development\\fin\\node_modules\\next\\dist\\server\\load-components.js',
      'C:\\Users\\janpa\\cd\\development\\fin\\node_modules\\next\\dist\\build\\utils.js',
      'C:\\Users\\janpa\\cd\\development\\fin\\node_modules\\next\\dist\\build\\swc\\options.js',
      'C:\\Users\\janpa\\cd\\development\\fin\\node_modules\\next\\dist\\build\\swc\\index.js',
      'C:\\Users\\janpa\\cd\\development\\fin\\node_modules\\next\\dist\\build\\next-config-ts\\transpile-config.js',
      'C:\\Users\\janpa\\cd\\development\\fin\\node_modules\\next\\dist\\server\\config.js',
      'C:\\Users\\janpa\\cd\\development\\fin\\node_modules\\next\\dist\\server\\next.js',
      'C:\\Users\\janpa\\cd\\development\\fin\\node_modules\\next\\dist\\server\\lib\\start-server.js'
    ]
  }
}
⨯ unhandledRejection: Error [ChunkLoadError]: Failed to load chunk server/chunks/ssr/node_modules_eef41739._.js from module [project]/node_modules/next/dist/esm/build/templates/app-page.js?page=/login/page { GLOBAL_ERROR_MODULE => "[project]/node_modules/next/dist/client/components/builtin/global-error.js [app-rsc] (ecmascript, Next.js Server Component)", METADATA_0 => "[project]/app/favicon.ico.mjs { IMAGE => \"[project]/app/favicon.ico (static in ecmascript, tag client)\" } [app-rsc] (structured image object, ecmascript, Next.js Server Component)", MODULE_1 => "[project]/app/layout.tsx [app-rsc] (ecmascript, Next.js Server Component)", MODULE_2 => "[project]/app/not-found.tsx [app-rsc] (ecmascript, Next.js Server Component)", MODULE_3 => "[project]/node_modules/next/dist/client/components/builtin/forbidden.js [app-rsc] (ecmascript, Next.js Server Component)", MODULE_4 => "[project]/node_modules/next/dist/client/components/builtin/unauthorized.js [app-rsc] (ecmascript, Next.js Server Component)", MODULE_5 => "[project]/node_modules/next/dist/client/components/builtin/global-error.js [app-rsc] (ecmascript, Next.js Server Component)", MODULE_6 => "[project]/app/login/page.tsx [app-rsc] (ecmascript, Next.js Server Component)" } [app-rsc] (ecmascript) <locals>
    at ignore-listed frames {
  [cause]: Error: Cannot find module 'C:\Users\janpa\cd\development\fin\.next\dev\server\chunks\ssr\node_modules_eef41739._.js'
  Require stack:
  - C:\Users\janpa\cd\development\fin\.next\dev\server\chunks\ssr\[turbopack]_runtime.js
  - C:\Users\janpa\cd\development\fin\.next\dev\server\pages\_document.js
  - C:\Users\janpa\cd\development\fin\node_modules\next\dist\server\require.js
  - C:\Users\janpa\cd\development\fin\node_modules\next\dist\server\load-components.js
  - C:\Users\janpa\cd\development\fin\node_modules\next\dist\build\utils.js
  - C:\Users\janpa\cd\development\fin\node_modules\next\dist\build\swc\options.js
  - C:\Users\janpa\cd\development\fin\node_modules\next\dist\build\swc\index.js
  - C:\Users\janpa\cd\development\fin\node_modules\next\dist\build\next-config-ts\transpile-config.js
  - C:\Users\janpa\cd\development\fin\node_modules\next\dist\server\config.js
  - C:\Users\janpa\cd\development\fin\node_modules\next\dist\server\next.js
  - C:\Users\janpa\cd\development\fin\node_modules\next\dist\server\lib\start-server.js
      at ignore-listed frames {
    code: 'MODULE_NOT_FOUND',
    requireStack: [
      'C:\\Users\\janpa\\cd\\development\\fin\\.next\\dev\\server\\chunks\\ssr\\[turbopack]_runtime.js',
      'C:\\Users\\janpa\\cd\\development\\fin\\.next\\dev\\server\\pages\\_document.js',
      'C:\\Users\\janpa\\cd\\development\\fin\\node_modules\\next\\dist\\server\\require.js',
      'C:\\Users\\janpa\\cd\\development\\fin\\node_modules\\next\\dist\\server\\load-components.js',
      'C:\\Users\\janpa\\cd\\development\\fin\\node_modules\\next\\dist\\build\\utils.js',
      'C:\\Users\\janpa\\cd\\development\\fin\\node_modules\\next\\dist\\build\\swc\\options.js',
      'C:\\Users\\janpa\\cd\\development\\fin\\node_modules\\next\\dist\\build\\swc\\index.js',
      'C:\\Users\\janpa\\cd\\development\\fin\\node_modules\\next\\dist\\build\\next-config-ts\\transpile-config.js',
      'C:\\Users\\janpa\\cd\\development\\fin\\node_modules\\next\\dist\\server\\config.js',
      'C:\\Users\\janpa\\cd\\development\\fin\\node_modules\\next\\dist\\server\\next.js',
      'C:\\Users\\janpa\\cd\\development\\fin\\node_modules\\next\\dist\\server\\lib\\start-server.js'
    ]
  }
}
⨯ unhandledRejection:  Error [ChunkLoadError]: Failed to load chunk server/chunks/ssr/node_modules_eef41739._.js from module [project]/node_modules/next/dist/esm/build/templates/app-page.js?page=/login/page { GLOBAL_ERROR_MODULE => "[project]/node_modules/next/dist/client/components/builtin/global-error.js [app-rsc] (ecmascript, Next.js Server Component)", METADATA_0 => "[project]/app/favicon.ico.mjs { IMAGE => \"[project]/app/favicon.ico (static in ecmascript, tag client)\" } [app-rsc] (structured image object, ecmascript, Next.js Server Component)", MODULE_1 => "[project]/app/layout.tsx [app-rsc] (ecmascript, Next.js Server Component)", MODULE_2 => "[project]/app/not-found.tsx [app-rsc] (ecmascript, Next.js Server Component)", MODULE_3 => "[project]/node_modules/next/dist/client/components/builtin/forbidden.js [app-rsc] (ecmascript, Next.js Server Component)", MODULE_4 => "[project]/node_modules/next/dist/client/components/builtin/unauthorized.js [app-rsc] (ecmascript, Next.js Server Component)", MODULE_5 => "[project]/node_modules/next/dist/client/components/builtin/global-error.js [app-rsc] (ecmascript, Next.js Server Component)", MODULE_6 => "[project]/app/login/page.tsx [app-rsc] (ecmascript, Next.js Server Component)" } [app-rsc] (ecmascript) <locals>
    at ignore-listed frames {
  [cause]: Error: Cannot find module 'C:\Users\janpa\cd\development\fin\.next\dev\server\chunks\ssr\node_modules_eef41739._.js'
  Require stack:
  - C:\Users\janpa\cd\development\fin\.next\dev\server\chunks\ssr\[turbopack]_runtime.js
  - C:\Users\janpa\cd\development\fin\.next\dev\server\pages\_document.js
  - C:\Users\janpa\cd\development\fin\node_modules\next\dist\server\require.js
  - C:\Users\janpa\cd\development\fin\node_modules\next\dist\server\load-components.js
  - C:\Users\janpa\cd\development\fin\node_modules\next\dist\build\utils.js
  - C:\Users\janpa\cd\development\fin\node_modules\next\dist\build\swc\options.js
  - C:\Users\janpa\cd\development\fin\node_modules\next\dist\build\swc\index.js
  - C:\Users\janpa\cd\development\fin\node_modules\next\dist\build\next-config-ts\transpile-config.js
  - C:\Users\janpa\cd\development\fin\node_modules\next\dist\server\config.js
  - C:\Users\janpa\cd\development\fin\node_modules\next\dist\server\next.js
  - C:\Users\janpa\cd\development\fin\node_modules\next\dist\server\lib\start-server.js
      at ignore-listed frames {
    code: 'MODULE_NOT_FOUND',
    requireStack: [
      'C:\\Users\\janpa\\cd\\development\\fin\\.next\\dev\\server\\chunks\\ssr\\[turbopack]_runtime.js',
      'C:\\Users\\janpa\\cd\\development\\fin\\.next\\dev\\server\\pages\\_document.js',
      'C:\\Users\\janpa\\cd\\development\\fin\\node_modules\\next\\dist\\server\\require.js',
      'C:\\Users\\janpa\\cd\\development\\fin\\node_modules\\next\\dist\\server\\load-components.js',
      'C:\\Users\\janpa\\cd\\development\\fin\\node_modules\\next\\dist\\build\\utils.js',
      'C:\\Users\\janpa\\cd\\development\\fin\\node_modules\\next\\dist\\build\\swc\\options.js',
      'C:\\Users\\janpa\\cd\\development\\fin\\node_modules\\next\\dist\\build\\swc\\index.js',
      'C:\\Users\\janpa\\cd\\development\\fin\\node_modules\\next\\dist\\build\\next-config-ts\\transpile-config.js',
      'C:\\Users\\janpa\\cd\\development\\fin\\node_modules\\next\\dist\\server\\config.js',
      'C:\\Users\\janpa\\cd\\development\\fin\\node_modules\\next\\dist\\server\\next.js',
      'C:\\Users\\janpa\\cd\\development\\fin\\node_modules\\next\\dist\\server\\lib\\start-server.js'
    ]
  }
}
Error [ChunkLoadError]: Failed to load chunk server/chunks/ssr/[externals]_next_dist_compiled_next-server_app-page-turbo_runtime_dev_062c5159.js from module [project]/node_modules/next/dist/esm/build/templates/app-page.js?page=/login/page { GLOBAL_ERROR_MODULE => "[project]/node_modules/next/dist/client/components/builtin/global-error.js [app-rsc] (ecmascript, Next.js Server Component)", METADATA_0 => "[project]/app/favicon.ico.mjs { IMAGE => \"[project]/app/favicon.ico (static in ecmascript, tag client)\" } [app-rsc] (structured image object, ecmascript, Next.js Server Component)", MODULE_1 => "[project]/app/layout.tsx [app-rsc] (ecmascript, Next.js Server Component)", MODULE_2 => "[project]/app/not-found.tsx [app-rsc] (ecmascript, Next.js Server Component)", MODULE_3 => "[project]/node_modules/next/dist/client/components/builtin/forbidden.js [app-rsc] (ecmascript, Next.js Server Component)", MODULE_4 => "[project]/node_modules/next/dist/client/components/builtin/unauthorized.js [app-rsc] (ecmascript, Next.js Server Component)", MODULE_5 => "[project]/node_modules/next/dist/client/components/builtin/global-error.js [app-rsc] (ecmascript, Next.js Server Component)", MODULE_6 => "[project]/app/login/page.tsx [app-rsc] (ecmascript, Next.js Server Component)" } [app-rsc] (ecmascript) <locals>
    at ignore-listed frames {
  [cause]: Error: Cannot find module 'C:\Users\janpa\cd\development\fin\.next\dev\server\chunks\ssr\[externals]_next_dist_compiled_next-server_app-page-turbo_runtime_dev_062c5159.js'
  Require stack:
  - C:\Users\janpa\cd\development\fin\.next\dev\server\chunks\ssr\[turbopack]_runtime.js
  - C:\Users\janpa\cd\development\fin\.next\dev\server\pages\_document.js
  - C:\Users\janpa\cd\development\fin\node_modules\next\dist\server\require.js
  - C:\Users\janpa\cd\development\fin\node_modules\next\dist\server\load-components.js
  - C:\Users\janpa\cd\development\fin\node_modules\next\dist\build\utils.js
  - C:\Users\janpa\cd\development\fin\node_modules\next\dist\build\swc\options.js
  - C:\Users\janpa\cd\development\fin\node_modules\next\dist\build\swc\index.js
  - C:\Users\janpa\cd\development\fin\node_modules\next\dist\build\next-config-ts\transpile-config.js
  - C:\Users\janpa\cd\development\fin\node_modules\next\dist\server\config.js
  - C:\Users\janpa\cd\development\fin\node_modules\next\dist\server\next.js
  - C:\Users\janpa\cd\development\fin\node_modules\next\dist\server\lib\start-server.js
      at ignore-listed frames {
    code: 'MODULE_NOT_FOUND',
    requireStack: [
      'C:\\Users\\janpa\\cd\\development\\fin\\.next\\dev\\server\\chunks\\ssr\\[turbopack]_runtime.js',
      'C:\\Users\\janpa\\cd\\development\\fin\\.next\\dev\\server\\pages\\_document.js',
      'C:\\Users\\janpa\\cd\\development\\fin\\node_modules\\next\\dist\\server\\require.js',
      'C:\\Users\\janpa\\cd\\development\\fin\\node_modules\\next\\dist\\server\\load-components.js',
      'C:\\Users\\janpa\\cd\\development\\fin\\node_modules\\next\\dist\\build\\utils.js',
      'C:\\Users\\janpa\\cd\\development\\fin\\node_modules\\next\\dist\\build\\swc\\options.js',
      'C:\\Users\\janpa\\cd\\development\\fin\\node_modules\\next\\dist\\build\\swc\\index.js',
      'C:\\Users\\janpa\\cd\\development\\fin\\node_modules\\next\\dist\\build\\next-config-ts\\transpile-config.js',
      'C:\\Users\\janpa\\cd\\development\\fin\\node_modules\\next\\dist\\server\\config.js',
      'C:\\Users\\janpa\\cd\\development\\fin\\node_modules\\next\\dist\\server\\next.js',
      'C:\\Users\\janpa\\cd\\development\\fin\\node_modules\\next\\dist\\server\\lib\\start-server.js'
    ]
  }
}
⨯ unhandledRejection: Error [ChunkLoadError]: Failed to load chunk server/chunks/ssr/[externals]_next_dist_compiled_next-server_app-page-turbo_runtime_dev_062c5159.js from module [project]/node_modules/next/dist/esm/build/templates/app-page.js?page=/login/page { GLOBAL_ERROR_MODULE => "[project]/node_modules/next/dist/client/components/builtin/global-error.js [app-rsc] (ecmascript, Next.js Server Component)", METADATA_0 => "[project]/app/favicon.ico.mjs { IMAGE => \"[project]/app/favicon.ico (static in ecmascript, tag client)\" } [app-rsc] (structured image object, ecmascript, Next.js Server Component)", MODULE_1 => "[project]/app/layout.tsx [app-rsc] (ecmascript, Next.js Server Component)", MODULE_2 => "[project]/app/not-found.tsx [app-rsc] (ecmascript, Next.js Server Component)", MODULE_3 => "[project]/node_modules/next/dist/client/components/builtin/forbidden.js [app-rsc] (ecmascript, Next.js Server Component)", MODULE_4 => "[project]/node_modules/next/dist/client/components/builtin/unauthorized.js [app-rsc] (ecmascript, Next.js Server Component)", MODULE_5 => "[project]/node_modules/next/dist/client/components/builtin/global-error.js [app-rsc] (ecmascript, Next.js Server Component)", MODULE_6 => "[project]/app/login/page.tsx [app-rsc] (ecmascript, Next.js Server Component)" } [app-rsc] (ecmascript) <locals>
    at ignore-listed frames {
  [cause]: Error: Cannot find module 'C:\Users\janpa\cd\development\fin\.next\dev\server\chunks\ssr\[externals]_next_dist_compiled_next-server_app-page-turbo_runtime_dev_062c5159.js'
  Require stack:
  - C:\Users\janpa\cd\development\fin\.next\dev\server\chunks\ssr\[turbopack]_runtime.js
  - C:\Users\janpa\cd\development\fin\.next\dev\server\pages\_document.js
  - C:\Users\janpa\cd\development\fin\node_modules\next\dist\server\require.js
  - C:\Users\janpa\cd\development\fin\node_modules\next\dist\server\load-components.js
  - C:\Users\janpa\cd\development\fin\node_modules\next\dist\build\utils.js
  - C:\Users\janpa\cd\development\fin\node_modules\next\dist\build\swc\options.js
  - C:\Users\janpa\cd\development\fin\node_modules\next\dist\build\swc\index.js
  - C:\Users\janpa\cd\development\fin\node_modules\next\dist\build\next-config-ts\transpile-config.js
  - C:\Users\janpa\cd\development\fin\node_modules\next\dist\server\config.js
  - C:\Users\janpa\cd\development\fin\node_modules\next\dist\server\next.js
  - C:\Users\janpa\cd\development\fin\node_modules\next\dist\server\lib\start-server.js
      at ignore-listed frames {
    code: 'MODULE_NOT_FOUND',
    requireStack: [
      'C:\\Users\\janpa\\cd\\development\\fin\\.next\\dev\\server\\chunks\\ssr\\[turbopack]_runtime.js',
      'C:\\Users\\janpa\\cd\\development\\fin\\.next\\dev\\server\\pages\\_document.js',
      'C:\\Users\\janpa\\cd\\development\\fin\\node_modules\\next\\dist\\server\\require.js',
      'C:\\Users\\janpa\\cd\\development\\fin\\node_modules\\next\\dist\\server\\load-components.js',
      'C:\\Users\\janpa\\cd\\development\\fin\\node_modules\\next\\dist\\build\\utils.js',
      'C:\\Users\\janpa\\cd\\development\\fin\\node_modules\\next\\dist\\build\\swc\\options.js',
      'C:\\Users\\janpa\\cd\\development\\fin\\node_modules\\next\\dist\\build\\swc\\index.js',
      'C:\\Users\\janpa\\cd\\development\\fin\\node_modules\\next\\dist\\build\\next-config-ts\\transpile-config.js',
      'C:\\Users\\janpa\\cd\\development\\fin\\node_modules\\next\\dist\\server\\config.js',
      'C:\\Users\\janpa\\cd\\development\\fin\\node_modules\\next\\dist\\server\\next.js',
      'C:\\Users\\janpa\\cd\\development\\fin\\node_modules\\next\\dist\\server\\lib\\start-server.js'
    ]
  }
}
⨯ unhandledRejection:  Error [ChunkLoadError]: Failed to load chunk server/chunks/ssr/[externals]_next_dist_compiled_next-server_app-page-turbo_runtime_dev_062c5159.js from module [project]/node_modules/next/dist/esm/build/templates/app-page.js?page=/login/page { GLOBAL_ERROR_MODULE => "[project]/node_modules/next/dist/client/components/builtin/global-error.js [app-rsc] (ecmascript, Next.js Server Component)", METADATA_0 => "[project]/app/favicon.ico.mjs { IMAGE => \"[project]/app/favicon.ico (static in ecmascript, tag client)\" } [app-rsc] (structured image object, ecmascript, Next.js Server Component)", MODULE_1 => "[project]/app/layout.tsx [app-rsc] (ecmascript, Next.js Server Component)", MODULE_2 => "[project]/app/not-found.tsx [app-rsc] (ecmascript, Next.js Server Component)", MODULE_3 => "[project]/node_modules/next/dist/client/components/builtin/forbidden.js [app-rsc] (ecmascript, Next.js Server Component)", MODULE_4 => "[project]/node_modules/next/dist/client/components/builtin/unauthorized.js [app-rsc] (ecmascript, Next.js Server Component)", MODULE_5 => "[project]/node_modules/next/dist/client/components/builtin/global-error.js [app-rsc] (ecmascript, Next.js Server Component)", MODULE_6 => "[project]/app/login/page.tsx [app-rsc] (ecmascript, Next.js Server Component)" } [app-rsc] (ecmascript) <locals>
    at ignore-listed frames {
  [cause]: Error: Cannot find module 'C:\Users\janpa\cd\development\fin\.next\dev\server\chunks\ssr\[externals]_next_dist_compiled_next-server_app-page-turbo_runtime_dev_062c5159.js'
  Require stack:
  - C:\Users\janpa\cd\development\fin\.next\dev\server\chunks\ssr\[turbopack]_runtime.js
  - C:\Users\janpa\cd\development\fin\.next\dev\server\pages\_document.js
  - C:\Users\janpa\cd\development\fin\node_modules\next\dist\server\require.js
  - C:\Users\janpa\cd\development\fin\node_modules\next\dist\server\load-components.js
  - C:\Users\janpa\cd\development\fin\node_modules\next\dist\build\utils.js
  - C:\Users\janpa\cd\development\fin\node_modules\next\dist\build\swc\options.js
  - C:\Users\janpa\cd\development\fin\node_modules\next\dist\build\swc\index.js
  - C:\Users\janpa\cd\development\fin\node_modules\next\dist\build\next-config-ts\transpile-config.js
  - C:\Users\janpa\cd\development\fin\node_modules\next\dist\server\config.js
  - C:\Users\janpa\cd\development\fin\node_modules\next\dist\server\next.js
  - C:\Users\janpa\cd\development\fin\node_modules\next\dist\server\lib\start-server.js
      at ignore-listed frames {
    code: 'MODULE_NOT_FOUND',
    requireStack: [
      'C:\\Users\\janpa\\cd\\development\\fin\\.next\\dev\\server\\chunks\\ssr\\[turbopack]_runtime.js',
      'C:\\Users\\janpa\\cd\\development\\fin\\.next\\dev\\server\\pages\\_document.js',
      'C:\\Users\\janpa\\cd\\development\\fin\\node_modules\\next\\dist\\server\\require.js',
      'C:\\Users\\janpa\\cd\\development\\fin\\node_modules\\next\\dist\\server\\load-components.js',
      'C:\\Users\\janpa\\cd\\development\\fin\\node_modules\\next\\dist\\build\\utils.js',
      'C:\\Users\\janpa\\cd\\development\\fin\\node_modules\\next\\dist\\build\\swc\\options.js',
      'C:\\Users\\janpa\\cd\\development\\fin\\node_modules\\next\\dist\\build\\swc\\index.js',
      'C:\\Users\\janpa\\cd\\development\\fin\\node_modules\\next\\dist\\build\\next-config-ts\\transpile-config.js',
      'C:\\Users\\janpa\\cd\\development\\fin\\node_modules\\next\\dist\\server\\config.js',
      'C:\\Users\\janpa\\cd\\development\\fin\\node_modules\\next\\dist\\server\\next.js',
      'C:\\Users\\janpa\\cd\\development\\fin\\node_modules\\next\\dist\\server\\lib\\start-server.js'
    ]
  }
}
 GET /login 200 in 1764ms (compile: 4ms, proxy.ts: 6ms, render: 1754ms)
⨯ SyntaxError: Bad escaped character in JSON at position 50 (line 1 column 51)
    at JSON.parse (<anonymous>)
 POST /api/dev-login 500 in 17ms (compile: 3ms, proxy.ts: 4ms, render: 10ms)
 GET /login 200 in 472ms (compile: 125ms, proxy.ts: 240ms, render: 107ms)
 GET /login 200 in 111ms (compile: 10ms, proxy.ts: 16ms, render: 84ms)
 GET /login 200 in 102ms (compile: 10ms, proxy.ts: 12ms, render: 80ms)
 GET /login 200 in 90ms (compile: 7ms, proxy.ts: 11ms, render: 73ms)
 GET /login 200 in 90ms (compile: 6ms, proxy.ts: 11ms, render: 73ms)
 GET /login 200 in 53ms (compile: 7ms, proxy.ts: 11ms, render: 35ms)
 GET /login 200 in 66ms (compile: 9ms, proxy.ts: 5ms, render: 52ms)
 GET /login 200 in 60ms (compile: 5ms, proxy.ts: 5ms, render: 50ms)
 GET /login 200 in 58ms (compile: 4ms, proxy.ts: 7ms, render: 48ms)
 GET /login 200 in 50ms (compile: 3ms, proxy.ts: 5ms, render: 42ms)
 GET /login 200 in 30ms (compile: 4ms, proxy.ts: 5ms, render: 21ms)
 GET /login 200 in 56ms (compile: 5ms, proxy.ts: 4ms, render: 47ms)
 GET /login 200 in 53ms (compile: 3ms, proxy.ts: 8ms, render: 42ms)
 GET /login 200 in 48ms (compile: 6ms, proxy.ts: 5ms, render: 37ms)
 GET /login 200 in 58ms (compile: 3ms, proxy.ts: 5ms, render: 50ms)
 GET /login 200 in 42ms (compile: 4ms, proxy.ts: 6ms, render: 32ms)
 GET /login 200 in 46ms (compile: 6ms, proxy.ts: 4ms, render: 36ms)
 GET /login 200 in 78ms (compile: 12ms, proxy.ts: 8ms, render: 57ms)
 GET /login 200 in 43ms (compile: 5ms, proxy.ts: 5ms, render: 34ms)
 GET /login 200 in 43ms (compile: 3ms, proxy.ts: 4ms, render: 36ms)
 GET /login 200 in 49ms (compile: 3ms, proxy.ts: 4ms, render: 42ms)
 GET /login 200 in 50ms (compile: 5ms, proxy.ts: 5ms, render: 40ms)
 GET /login 200 in 30ms (compile: 4ms, proxy.ts: 4ms, render: 22ms)
 GET /login 200 in 49ms (compile: 5ms, proxy.ts: 5ms, render: 39ms)
 GET /login 200 in 32ms (compile: 4ms, proxy.ts: 5ms, render: 23ms)
 GET /login 200 in 31ms (compile: 4ms, proxy.ts: 5ms, render: 22ms)
 GET /login 200 in 34ms (compile: 4ms, proxy.ts: 5ms, render: 25ms)
 GET /login 200 in 59ms (compile: 4ms, proxy.ts: 6ms, render: 50ms)
 GET /login 200 in 56ms (compile: 4ms, proxy.ts: 5ms, render: 47ms)
 GET /login 200 in 54ms (compile: 4ms, proxy.ts: 7ms, render: 43ms)
 GET /login 200 in 33ms (compile: 3ms, proxy.ts: 5ms, render: 24ms)
 GET /login 200 in 54ms (compile: 6ms, proxy.ts: 6ms, render: 41ms)
 GET /login 200 in 56ms (compile: 4ms, proxy.ts: 4ms, render: 48ms)
 GET /login 200 in 39ms (compile: 8ms, proxy.ts: 6ms, render: 25ms)
 GET /login 200 in 33ms (compile: 4ms, proxy.ts: 6ms, render: 23ms)
 GET /login 200 in 58ms (compile: 4ms, proxy.ts: 5ms, render: 49ms)
 GET /login 200 in 34ms (compile: 4ms, proxy.ts: 5ms, render: 25ms)
 GET /login 200 in 32ms (compile: 4ms, proxy.ts: 6ms, render: 22ms)
 GET /login 200 in 31ms (compile: 5ms, proxy.ts: 5ms, render: 21ms)
 GET /login 200 in 30ms (compile: 5ms, proxy.ts: 4ms, render: 21ms)
 GET /login 200 in 32ms (compile: 5ms, proxy.ts: 5ms, render: 22ms)
 GET /login 200 in 48ms (compile: 4ms, proxy.ts: 5ms, render: 40ms)
 GET /login 200 in 33ms (compile: 4ms, proxy.ts: 6ms, render: 23ms)
 GET /login 200 in 35ms (compile: 4ms, proxy.ts: 5ms, render: 26ms)
 GET /login 200 in 34ms (compile: 4ms, proxy.ts: 5ms, render: 25ms)
 GET /login 200 in 79ms (compile: 5ms, proxy.ts: 6ms, render: 67ms)
 GET /login 200 in 112ms (compile: 5ms, proxy.ts: 10ms, render: 97ms)
 GET /login 200 in 152ms (compile: 12ms, proxy.ts: 11ms, render: 128ms)
 GET /login 200 in 132ms (compile: 21ms, proxy.ts: 15ms, render: 96ms)
 GET /login 200 in 76ms (compile: 5ms, proxy.ts: 16ms, render: 55ms)
 GET /login 200 in 39ms (compile: 5ms, proxy.ts: 7ms, render: 27ms)
 GET /login 200 in 59ms (compile: 4ms, proxy.ts: 5ms, render: 50ms)
 GET /login 200 in 62ms (compile: 4ms, proxy.ts: 12ms, render: 45ms)
 GET /login 200 in 33ms (compile: 5ms, proxy.ts: 6ms, render: 23ms)
 GET /login 200 in 49ms (compile: 4ms, proxy.ts: 5ms, render: 40ms)
 GET /login 200 in 61ms (compile: 4ms, proxy.ts: 5ms, render: 53ms)
 GET /login 200 in 83ms (compile: 5ms, proxy.ts: 6ms, render: 72ms)
 GET /login 200 in 87ms (compile: 6ms, proxy.ts: 7ms, render: 73ms)
 GET /login 200 in 70ms (compile: 8ms, proxy.ts: 8ms, render: 53ms)
 GET /login 200 in 61ms (compile: 4ms, proxy.ts: 7ms, render: 50ms)
 GET /login 200 in 60ms (compile: 5ms, proxy.ts: 7ms, render: 48ms)
 GET /login 200 in 35ms (compile: 4ms, proxy.ts: 5ms, render: 25ms)
 GET /login 200 in 37ms (compile: 5ms, proxy.ts: 6ms, render: 26ms)
 GET /login 200 in 79ms (compile: 5ms, proxy.ts: 6ms, render: 68ms)
 GET /login 200 in 75ms (compile: 5ms, proxy.ts: 12ms, render: 58ms)
 GET /login 200 in 37ms (compile: 5ms, proxy.ts: 8ms, render: 25ms)
 GET /login 200 in 33ms (compile: 4ms, proxy.ts: 5ms, render: 24ms)
 GET /login 200 in 34ms (compile: 4ms, proxy.ts: 5ms, render: 26ms)
 GET /login 200 in 31ms (compile: 4ms, proxy.ts: 6ms, render: 20ms)
 GET /login 200 in 36ms (compile: 4ms, proxy.ts: 4ms, render: 28ms)
 GET /login 200 in 33ms (compile: 3ms, proxy.ts: 4ms, render: 26ms)
 GET /login 200 in 54ms (compile: 5ms, proxy.ts: 5ms, render: 44ms)
 GET /login 200 in 63ms (compile: 4ms, proxy.ts: 5ms, render: 54ms)
 GET /login 200 in 40ms (compile: 4ms, proxy.ts: 6ms, render: 30ms)
 GET /login 200 in 75ms (compile: 5ms, proxy.ts: 5ms, render: 64ms)
 GET /login 200 in 49ms (compile: 4ms, proxy.ts: 15ms, render: 30ms)
 GET /login 200 in 44ms (compile: 6ms, proxy.ts: 6ms, render: 33ms)
 GET /login 200 in 93ms (compile: 13ms, proxy.ts: 5ms, render: 75ms)
 GET /login 200 in 69ms (compile: 4ms, proxy.ts: 7ms, render: 59ms)
 GET /login 200 in 66ms (compile: 9ms, proxy.ts: 7ms, render: 50ms)
 GET /login 200 in 56ms (compile: 4ms, proxy.ts: 7ms, render: 45ms)
 GET /login 200 in 35ms (compile: 4ms, proxy.ts: 6ms, render: 25ms)
 GET /login 200 in 36ms (compile: 5ms, proxy.ts: 5ms, render: 27ms)
 GET /login 200 in 35ms (compile: 6ms, proxy.ts: 6ms, render: 23ms)
 GET /login 200 in 31ms (compile: 4ms, proxy.ts: 5ms, render: 21ms)
 GET /login 200 in 39ms (compile: 4ms, proxy.ts: 4ms, render: 31ms)
 GET /login 200 in 27ms (compile: 4ms, proxy.ts: 4ms, render: 18ms)
 GET /login 200 in 52ms (compile: 3ms, proxy.ts: 7ms, render: 42ms)
 GET /login 200 in 33ms (compile: 5ms, proxy.ts: 5ms, render: 24ms)
 GET /login 200 in 30ms (compile: 4ms, proxy.ts: 4ms, render: 22ms)
 GET /login 200 in 29ms (compile: 4ms, proxy.ts: 5ms, render: 20ms)
 GET /login 200 in 33ms (compile: 4ms, proxy.ts: 4ms, render: 25ms)
 GET /login 200 in 30ms (compile: 5ms, proxy.ts: 5ms, render: 20ms)
 GET /login 200 in 29ms (compile: 4ms, proxy.ts: 4ms, render: 22ms)
 GET /login 200 in 31ms (compile: 4ms, proxy.ts: 5ms, render: 22ms)
 GET /login 200 in 63ms (compile: 4ms, proxy.ts: 5ms, render: 55ms)
 GET /login 200 in 40ms (compile: 7ms, proxy.ts: 9ms, render: 25ms)
 GET /login 200 in 28ms (compile: 4ms, proxy.ts: 5ms, render: 20ms)
 GET /login 200 in 27ms (compile: 3ms, proxy.ts: 4ms, render: 20ms)
 GET /login 200 in 33ms (compile: 4ms, proxy.ts: 4ms, render: 25ms)
 GET /login 200 in 34ms (compile: 8ms, proxy.ts: 5ms, render: 21ms)
 GET /login 200 in 34ms (compile: 3ms, proxy.ts: 6ms, render: 26ms)
 GET /login 200 in 57ms (compile: 12ms, proxy.ts: 4ms, render: 41ms)
 GET /login 200 in 34ms (compile: 4ms, proxy.ts: 6ms, render: 25ms)
 GET /login 200 in 50ms (compile: 5ms, proxy.ts: 7ms, render: 38ms)
 GET /login 200 in 41ms (compile: 3ms, proxy.ts: 5ms, render: 33ms)
 GET /login 200 in 25ms (compile: 3ms, proxy.ts: 5ms, render: 17ms)
 GET /login 200 in 33ms (compile: 3ms, proxy.ts: 4ms, render: 27ms)
 GET /login 200 in 26ms (compile: 4ms, proxy.ts: 6ms, render: 17ms)
 GET /login 200 in 26ms (compile: 4ms, proxy.ts: 4ms, render: 18ms)
 GET /login 200 in 25ms (compile: 4ms, proxy.ts: 6ms, render: 15ms)
 GET /login 200 in 27ms (compile: 3ms, proxy.ts: 6ms, render: 18ms)
 GET /login 200 in 30ms (compile: 3ms, proxy.ts: 5ms, render: 23ms)
 GET /login 200 in 28ms (compile: 5ms, proxy.ts: 4ms, render: 18ms)
 GET /login 200 in 28ms (compile: 4ms, proxy.ts: 5ms, render: 20ms)
 GET /login 200 in 30ms (compile: 4ms, proxy.ts: 5ms, render: 21ms)
 GET /login 200 in 31ms (compile: 5ms, proxy.ts: 4ms, render: 21ms)
 GET /login 200 in 28ms (compile: 4ms, proxy.ts: 4ms, render: 20ms)
 GET /login 200 in 33ms (compile: 4ms, proxy.ts: 4ms, render: 24ms)
 GET /login 200 in 26ms (compile: 3ms, proxy.ts: 4ms, render: 18ms)
 GET /login 200 in 28ms (compile: 4ms, proxy.ts: 4ms, render: 20ms)
 GET /login 200 in 27ms (compile: 4ms, proxy.ts: 4ms, render: 18ms)
 GET /login 200 in 34ms (compile: 4ms, proxy.ts: 4ms, render: 26ms)
 GET /login 200 in 31ms (compile: 4ms, proxy.ts: 7ms, render: 19ms)
 GET /login 200 in 27ms (compile: 4ms, proxy.ts: 4ms, render: 19ms)
 GET /login 200 in 29ms (compile: 5ms, proxy.ts: 4ms, render: 20ms)
 GET /login 200 in 30ms (compile: 4ms, proxy.ts: 5ms, render: 21ms)
 GET /login 200 in 31ms (compile: 4ms, proxy.ts: 5ms, render: 21ms)
 GET /login 200 in 31ms (compile: 5ms, proxy.ts: 5ms, render: 21ms)
 GET /login 200 in 32ms (compile: 5ms, proxy.ts: 5ms, render: 23ms)
 GET /login 200 in 33ms (compile: 5ms, proxy.ts: 5ms, render: 23ms)
 GET /login 200 in 33ms (compile: 4ms, proxy.ts: 5ms, render: 23ms)
 GET /login 200 in 32ms (compile: 4ms, proxy.ts: 6ms, render: 22ms)
 GET /login 200 in 35ms (compile: 4ms, proxy.ts: 5ms, render: 26ms)
 GET /login 200 in 42ms (compile: 4ms, proxy.ts: 6ms, render: 31ms)
 GET /login 200 in 40ms (compile: 13ms, proxy.ts: 5ms, render: 22ms)
 GET /login 200 in 54ms (compile: 4ms, proxy.ts: 4ms, render: 46ms)
 GET /login 200 in 31ms (compile: 5ms, proxy.ts: 5ms, render: 22ms)
 GET /login 200 in 31ms (compile: 4ms, proxy.ts: 5ms, render: 22ms)
 GET /login 200 in 44ms (compile: 4ms, proxy.ts: 5ms, render: 36ms)
 GET /login 200 in 46ms (compile: 3ms, proxy.ts: 5ms, render: 38ms)
 GET /login 200 in 31ms (compile: 3ms, proxy.ts: 4ms, render: 24ms)
 GET /login 200 in 28ms (compile: 4ms, proxy.ts: 6ms, render: 18ms)
 GET /login 200 in 25ms (compile: 3ms, proxy.ts: 4ms, render: 18ms)
 GET /login 200 in 28ms (compile: 3ms, proxy.ts: 4ms, render: 21ms)
 GET /login 200 in 42ms (compile: 5ms, proxy.ts: 5ms, render: 32ms)
 GET /login 200 in 39ms (compile: 3ms, proxy.ts: 5ms, render: 31ms)
 GET /login 200 in 24ms (compile: 2ms, proxy.ts: 3ms, render: 19ms)
 GET /login 200 in 26ms (compile: 3ms, proxy.ts: 4ms, render: 19ms)
 GET /login 200 in 22ms (compile: 4ms, proxy.ts: 4ms, render: 15ms)
 GET /login 200 in 40ms (compile: 2ms, proxy.ts: 5ms, render: 32ms)
 GET /login 200 in 34ms (compile: 3ms, proxy.ts: 4ms, render: 27ms)
 GET /login 200 in 26ms (compile: 4ms, proxy.ts: 4ms, render: 18ms)
 GET /login 200 in 28ms (compile: 3ms, proxy.ts: 4ms, render: 21ms)
 GET /login 200 in 27ms (compile: 4ms, proxy.ts: 4ms, render: 19ms)
 GET /login 200 in 48ms (compile: 5ms, proxy.ts: 4ms, render: 39ms)
 GET /login 200 in 51ms (compile: 3ms, proxy.ts: 4ms, render: 44ms)
 GET /login 200 in 33ms (compile: 4ms, proxy.ts: 5ms, render: 24ms)
 GET /login 200 in 34ms (compile: 5ms, proxy.ts: 5ms, render: 24ms)
 GET /login 200 in 35ms (compile: 6ms, proxy.ts: 5ms, render: 24ms)
 GET /login 200 in 60ms (compile: 4ms, proxy.ts: 6ms, render: 50ms)
 GET /login 200 in 39ms (compile: 5ms, proxy.ts: 7ms, render: 27ms)
 GET /login 200 in 60ms (compile: 5ms, proxy.ts: 4ms, render: 51ms)
 GET /login 200 in 61ms (compile: 4ms, proxy.ts: 5ms, render: 52ms)
 GET /login 200 in 58ms (compile: 4ms, proxy.ts: 6ms, render: 48ms)
 GET /login 200 in 56ms (compile: 4ms, proxy.ts: 5ms, render: 47ms)
 GET /login 200 in 54ms (compile: 5ms, proxy.ts: 6ms, render: 43ms)
 GET /login 200 in 61ms (compile: 4ms, proxy.ts: 6ms, render: 51ms)
 GET /login 200 in 41ms (compile: 11ms, proxy.ts: 6ms, render: 24ms)
 GET /login 200 in 31ms (compile: 4ms, proxy.ts: 5ms, render: 21ms)
 GET /login 200 in 30ms (compile: 3ms, proxy.ts: 4ms, render: 22ms)
 GET /login 200 in 27ms (compile: 4ms, proxy.ts: 5ms, render: 17ms)
 GET /login 200 in 28ms (compile: 3ms, proxy.ts: 5ms, render: 21ms)
 GET /login 200 in 29ms (compile: 4ms, proxy.ts: 5ms, render: 20ms)
 GET /login 200 in 29ms (compile: 4ms, proxy.ts: 4ms, render: 20ms)
 GET /login 200 in 29ms (compile: 4ms, proxy.ts: 5ms, render: 20ms)
 GET /login 200 in 28ms (compile: 3ms, proxy.ts: 5ms, render: 20ms)
 GET /login 200 in 31ms (compile: 4ms, proxy.ts: 5ms, render: 22ms)
 GET /login 200 in 29ms (compile: 5ms, proxy.ts: 5ms, render: 20ms)
 GET /login 200 in 29ms (compile: 4ms, proxy.ts: 5ms, render: 20ms)
 GET /login 200 in 29ms (compile: 3ms, proxy.ts: 5ms, render: 21ms)
 GET /login 200 in 32ms (compile: 4ms, proxy.ts: 5ms, render: 22ms)
 GET /login 200 in 28ms (compile: 5ms, proxy.ts: 6ms, render: 17ms)
 GET /login 200 in 26ms (compile: 3ms, proxy.ts: 5ms, render: 18ms)
 GET /login 200 in 33ms (compile: 3ms, proxy.ts: 5ms, render: 24ms)
 GET /login 200 in 24ms (compile: 4ms, proxy.ts: 3ms, render: 17ms)
 GET /login 200 in 26ms (compile: 4ms, proxy.ts: 4ms, render: 18ms)
 GET /login 200 in 24ms (compile: 4ms, proxy.ts: 3ms, render: 17ms)
 GET /login 200 in 23ms (compile: 3ms, proxy.ts: 3ms, render: 17ms)
 GET /login 200 in 23ms (compile: 3ms, proxy.ts: 3ms, render: 17ms)
 GET /login 200 in 26ms (compile: 3ms, proxy.ts: 3ms, render: 19ms)
 GET /login 200 in 24ms (compile: 4ms, proxy.ts: 4ms, render: 16ms)
 GET /login 200 in 25ms (compile: 3ms, proxy.ts: 4ms, render: 17ms)
 GET /login 200 in 25ms (compile: 4ms, proxy.ts: 4ms, render: 18ms)
 GET /login 200 in 37ms (compile: 10ms, proxy.ts: 4ms, render: 24ms)
 GET /login 200 in 25ms (compile: 3ms, proxy.ts: 4ms, render: 19ms)
 GET /login 200 in 22ms (compile: 4ms, proxy.ts: 4ms, render: 14ms)
 GET /login 200 in 23ms (compile: 3ms, proxy.ts: 5ms, render: 15ms)
 GET /login 200 in 26ms (compile: 2ms, proxy.ts: 5ms, render: 18ms)
 GET /login 200 in 22ms (compile: 3ms, proxy.ts: 4ms, render: 16ms)
 GET /login 200 in 32ms (compile: 3ms, proxy.ts: 3ms, render: 25ms)
 GET /login 200 in 33ms (compile: 12ms, proxy.ts: 4ms, render: 18ms)
 GET /login 200 in 23ms (compile: 3ms, proxy.ts: 3ms, render: 17ms)
 GET /login 200 in 24ms (compile: 3ms, proxy.ts: 3ms, render: 18ms)
 GET /login 200 in 43ms (compile: 4ms, proxy.ts: 4ms, render: 35ms)
 GET /login 200 in 55ms (compile: 3ms, proxy.ts: 5ms, render: 47ms)
 GET /login 200 in 35ms (compile: 4ms, proxy.ts: 6ms, render: 24ms)
 GET /login 200 in 31ms (compile: 4ms, proxy.ts: 5ms, render: 23ms)
 GET /login 200 in 30ms (compile: 4ms, proxy.ts: 6ms, render: 20ms)
 GET /login 200 in 29ms (compile: 4ms, proxy.ts: 5ms, render: 21ms)
 GET /login 200 in 31ms (compile: 4ms, proxy.ts: 5ms, render: 22ms)
 GET /login 200 in 30ms (compile: 4ms, proxy.ts: 5ms, render: 21ms)
 GET /login 200 in 31ms (compile: 4ms, proxy.ts: 4ms, render: 23ms)
 GET /login 200 in 31ms (compile: 3ms, proxy.ts: 6ms, render: 21ms)
 GET /login 200 in 32ms (compile: 5ms, proxy.ts: 5ms, render: 23ms)
 GET /login 200 in 30ms (compile: 5ms, proxy.ts: 5ms, render: 20ms)
 GET /login 200 in 31ms (compile: 4ms, proxy.ts: 5ms, render: 23ms)
 GET /login 200 in 40ms (compile: 4ms, proxy.ts: 6ms, render: 30ms)
 GET /login 200 in 27ms (compile: 4ms, proxy.ts: 4ms, render: 19ms)
 GET /login 200 in 29ms (compile: 3ms, proxy.ts: 6ms, render: 20ms)
 GET /login 200 in 29ms (compile: 4ms, proxy.ts: 5ms, render: 20ms)
 GET /login 200 in 28ms (compile: 4ms, proxy.ts: 4ms, render: 20ms)
 GET /login 200 in 29ms (compile: 4ms, proxy.ts: 4ms, render: 20ms)
 GET /login 200 in 29ms (compile: 4ms, proxy.ts: 5ms, render: 20ms)
 GET /login 200 in 30ms (compile: 4ms, proxy.ts: 5ms, render: 22ms)
 GET /login 200 in 50ms (compile: 4ms, proxy.ts: 5ms, render: 41ms)
 GET /login 200 in 33ms (compile: 4ms, proxy.ts: 7ms, render: 23ms)
 GET /login 200 in 26ms (compile: 3ms, proxy.ts: 5ms, render: 18ms)
 GET /login 200 in 26ms (compile: 4ms, proxy.ts: 4ms, render: 19ms)
 GET /login 200 in 27ms (compile: 4ms, proxy.ts: 4ms, render: 19ms)
 GET /login 200 in 28ms (compile: 4ms, proxy.ts: 4ms, render: 20ms)
 GET /login 200 in 26ms (compile: 4ms, proxy.ts: 4ms, render: 18ms)
 GET /login 200 in 23ms (compile: 2ms, proxy.ts: 4ms, render: 16ms)
 GET /login 200 in 36ms (compile: 3ms, proxy.ts: 6ms, render: 28ms)
 GET /login 200 in 35ms (compile: 11ms, proxy.ts: 3ms, render: 20ms)
 GET /login 200 in 27ms (compile: 4ms, proxy.ts: 5ms, render: 17ms)
 GET /login 200 in 25ms (compile: 3ms, proxy.ts: 4ms, render: 18ms)
 GET /login 200 in 30ms (compile: 4ms, proxy.ts: 4ms, render: 23ms)
 GET /login 200 in 26ms (compile: 3ms, proxy.ts: 5ms, render: 19ms)
 GET /login 200 in 25ms (compile: 3ms, proxy.ts: 4ms, render: 18ms)
 GET /login 200 in 28ms (compile: 4ms, proxy.ts: 4ms, render: 21ms)
 GET /login 200 in 24ms (compile: 3ms, proxy.ts: 5ms, render: 16ms)
 GET /login 200 in 31ms (compile: 3ms, proxy.ts: 4ms, render: 23ms)
 GET /login 200 in 27ms (compile: 3ms, proxy.ts: 5ms, render: 19ms)
 GET /login 200 in 26ms (compile: 3ms, proxy.ts: 4ms, render: 19ms)
 GET /login 200 in 28ms (compile: 4ms, proxy.ts: 4ms, render: 21ms)
 GET /login 200 in 33ms (compile: 5ms, proxy.ts: 5ms, render: 23ms)
 GET /login 200 in 32ms (compile: 3ms, proxy.ts: 5ms, render: 24ms)
 GET /login 200 in 53ms (compile: 2ms, proxy.ts: 6ms, render: 44ms)
 GET /login 200 in 28ms (compile: 5ms, proxy.ts: 4ms, render: 19ms)
 GET /login 200 in 381ms (compile: 145ms, proxy.ts: 187ms, render: 49ms)
 GET /login 200 in 42ms (compile: 8ms, proxy.ts: 7ms, render: 27ms)
 GET /login 200 in 86ms (compile: 5ms, proxy.ts: 9ms, render: 72ms)
 GET /login 200 in 51ms (compile: 5ms, proxy.ts: 8ms, render: 39ms)
 GET /login 200 in 104ms (compile: 8ms, proxy.ts: 8ms, render: 88ms)
 GET /login 200 in 80ms (compile: 4ms, proxy.ts: 47ms, render: 29ms)
 GET /login 200 in 81ms (compile: 6ms, proxy.ts: 7ms, render: 68ms)
 GET /login 200 in 75ms (compile: 5ms, proxy.ts: 9ms, render: 61ms)
 GET /login 200 in 72ms (compile: 4ms, proxy.ts: 7ms, render: 61ms)
 GET /login 200 in 46ms (compile: 4ms, proxy.ts: 15ms, render: 27ms)
 GET /login 200 in 34ms (compile: 5ms, proxy.ts: 7ms, render: 22ms)
 GET /login 200 in 37ms (compile: 6ms, proxy.ts: 4ms, render: 27ms)
 GET /login 200 in 38ms (compile: 6ms, proxy.ts: 5ms, render: 27ms)
 GET /login 200 in 36ms (compile: 5ms, proxy.ts: 6ms, render: 25ms)
 GET /login 200 in 56ms (compile: 3ms, proxy.ts: 4ms, render: 49ms)
 GET /login 200 in 59ms (compile: 4ms, proxy.ts: 8ms, render: 48ms)
 GET /login 200 in 53ms (compile: 4ms, proxy.ts: 5ms, render: 43ms)
 GET /login 200 in 35ms (compile: 3ms, proxy.ts: 4ms, render: 28ms)
 GET /login 200 in 35ms (compile: 4ms, proxy.ts: 7ms, render: 24ms)
 GET /login 200 in 35ms (compile: 5ms, proxy.ts: 3ms, render: 27ms)
 GET /login 200 in 33ms (compile: 5ms, proxy.ts: 4ms, render: 24ms)
 GET /login 200 in 39ms (compile: 4ms, proxy.ts: 4ms, render: 32ms)
 GET /login 200 in 56ms (compile: 5ms, proxy.ts: 4ms, render: 47ms)
 GET /login 200 in 68ms (compile: 3ms, proxy.ts: 5ms, render: 61ms)
 GET /login 200 in 55ms (compile: 3ms, proxy.ts: 4ms, render: 48ms)
 GET /login 200 in 51ms (compile: 3ms, proxy.ts: 6ms, render: 42ms)
 GET /login 200 in 49ms (compile: 2ms, proxy.ts: 3ms, render: 44ms)
 GET /login 200 in 51ms (compile: 2ms, proxy.ts: 5ms, render: 44ms)
 GET /login 200 in 38ms (compile: 4ms, proxy.ts: 5ms, render: 30ms)
 GET /login 200 in 58ms (compile: 6ms, proxy.ts: 7ms, render: 46ms)
 GET /login 200 in 37ms (compile: 4ms, proxy.ts: 6ms, render: 26ms)
 GET /login 200 in 57ms (compile: 6ms, proxy.ts: 6ms, render: 46ms)
 GET /login 200 in 58ms (compile: 4ms, proxy.ts: 7ms, render: 47ms)
 GET /login 200 in 58ms (compile: 4ms, proxy.ts: 8ms, render: 46ms)
 GET /login 200 in 36ms (compile: 4ms, proxy.ts: 5ms, render: 27ms)
 GET /login 200 in 34ms (compile: 4ms, proxy.ts: 6ms, render: 25ms)
 GET /login 200 in 35ms (compile: 4ms, proxy.ts: 5ms, render: 25ms)
 GET /login 200 in 50ms (compile: 4ms, proxy.ts: 5ms, render: 41ms)
 GET /login 200 in 53ms (compile: 4ms, proxy.ts: 5ms, render: 44ms)
 GET /login 200 in 40ms (compile: 4ms, proxy.ts: 5ms, render: 30ms)
 GET /login 200 in 53ms (compile: 6ms, proxy.ts: 6ms, render: 41ms)
 GET /login 200 in 42ms (compile: 6ms, proxy.ts: 8ms, render: 28ms)
 GET /login 200 in 37ms (compile: 5ms, proxy.ts: 5ms, render: 27ms)
 GET /login 200 in 43ms (compile: 6ms, proxy.ts: 9ms, render: 28ms)
 GET /login 200 in 42ms (compile: 7ms, proxy.ts: 6ms, render: 30ms)
 GET /login 200 in 37ms (compile: 5ms, proxy.ts: 9ms, render: 23ms)
 GET /login 200 in 61ms (compile: 7ms, proxy.ts: 5ms, render: 50ms)
 GET /login 200 in 35ms (compile: 6ms, proxy.ts: 6ms, render: 24ms)
 GET /login 200 in 102ms (compile: 4ms, proxy.ts: 4ms, render: 95ms)
 GET /login 200 in 303ms (compile: 7ms, proxy.ts: 6ms, render: 291ms)
 GET /login 200 in 484ms (compile: 115ms, proxy.ts: 283ms, render: 86ms)
 GET /login 200 in 48ms (compile: 8ms, proxy.ts: 8ms, render: 32ms)
 GET /login 200 in 62ms (compile: 5ms, proxy.ts: 7ms, render: 51ms)
 GET /login 200 in 72ms (compile: 4ms, proxy.ts: 6ms, render: 62ms)
 GET /login 200 in 47ms (compile: 5ms, proxy.ts: 7ms, render: 35ms)
 GET /login 200 in 43ms (compile: 8ms, proxy.ts: 6ms, render: 28ms)
 GET /login 200 in 35ms (compile: 6ms, proxy.ts: 5ms, render: 24ms)
 GET /login 200 in 68ms (compile: 4ms, proxy.ts: 5ms, render: 59ms)
 GET /login 200 in 71ms (compile: 6ms, proxy.ts: 6ms, render: 59ms)
 GET /login 200 in 77ms (compile: 5ms, proxy.ts: 9ms, render: 63ms)
 GET /login 200 in 50ms (compile: 5ms, proxy.ts: 9ms, render: 37ms)
 GET /login 200 in 48ms (compile: 7ms, proxy.ts: 7ms, render: 35ms)
 GET /login 200 in 101ms (compile: 9ms, proxy.ts: 10ms, render: 81ms)
 GET /login 200 in 111ms (compile: 5ms, proxy.ts: 10ms, render: 95ms)
 GET /login 200 in 61ms (compile: 8ms, proxy.ts: 7ms, render: 47ms)
 GET /login 200 in 69ms (compile: 8ms, proxy.ts: 6ms, render: 54ms)
 GET /login 200 in 64ms (compile: 6ms, proxy.ts: 9ms, render: 49ms)
 GET /login 200 in 39ms (compile: 4ms, proxy.ts: 7ms, render: 28ms)
 GET /login 200 in 62ms (compile: 8ms, proxy.ts: 5ms, render: 50ms)
 GET /login 200 in 58ms (compile: 5ms, proxy.ts: 6ms, render: 48ms)
 GET /login 200 in 54ms (compile: 4ms, proxy.ts: 6ms, render: 45ms)
 GET /login 200 in 36ms (compile: 4ms, proxy.ts: 5ms, render: 27ms)
 GET /login 200 in 35ms (compile: 4ms, proxy.ts: 6ms, render: 25ms)
 GET /login 200 in 38ms (compile: 6ms, proxy.ts: 5ms, render: 26ms)
 GET /login 200 in 54ms (compile: 5ms, proxy.ts: 6ms, render: 43ms)
 GET /login 200 in 46ms (compile: 4ms, proxy.ts: 5ms, render: 38ms)
 GET /login 200 in 32ms (compile: 3ms, proxy.ts: 5ms, render: 25ms)
 GET /login 200 in 35ms (compile: 5ms, proxy.ts: 5ms, render: 25ms)
 GET /login 200 in 30ms (compile: 5ms, proxy.ts: 6ms, render: 19ms)
 GET /login 200 in 33ms (compile: 3ms, proxy.ts: 6ms, render: 24ms)
 GET /login 200 in 39ms (compile: 3ms, proxy.ts: 5ms, render: 31ms)
 GET /login 200 in 50ms (compile: 4ms, proxy.ts: 5ms, render: 41ms)
 GET /login 200 in 35ms (compile: 3ms, proxy.ts: 4ms, render: 28ms)
 GET /login 200 in 32ms (compile: 4ms, proxy.ts: 5ms, render: 23ms)
 GET /login 200 in 33ms (compile: 5ms, proxy.ts: 6ms, render: 23ms)
 GET /login 200 in 27ms (compile: 3ms, proxy.ts: 4ms, render: 20ms)
 GET /login 200 in 32ms (compile: 5ms, proxy.ts: 5ms, render: 22ms)
 GET /login 200 in 58ms (compile: 4ms, proxy.ts: 4ms, render: 50ms)
 GET /login 200 in 57ms (compile: 5ms, proxy.ts: 6ms, render: 46ms)
 GET /login 200 in 57ms (compile: 4ms, proxy.ts: 6ms, render: 47ms)
 GET /login 200 in 30ms (compile: 5ms, proxy.ts: 5ms, render: 19ms)
 GET /login 200 in 62ms (compile: 6ms, proxy.ts: 5ms, render: 51ms)
 GET /login 200 in 39ms (compile: 6ms, proxy.ts: 6ms, render: 27ms)
 GET /login 200 in 33ms (compile: 5ms, proxy.ts: 5ms, render: 23ms)
 GET /login 200 in 30ms (compile: 4ms, proxy.ts: 5ms, render: 22ms)
 GET /login 200 in 40ms (compile: 6ms, proxy.ts: 4ms, render: 30ms)
 GET /login 200 in 43ms (compile: 6ms, proxy.ts: 7ms, render: 30ms)
 GET /login 200 in 72ms (compile: 6ms, proxy.ts: 6ms, render: 60ms)
 GET /login 200 in 64ms (compile: 4ms, proxy.ts: 6ms, render: 55ms)
 GET /login 200 in 67ms (compile: 5ms, proxy.ts: 6ms, render: 56ms)
 GET /login 200 in 65ms (compile: 6ms, proxy.ts: 9ms, render: 51ms)
 GET /login 200 in 69ms (compile: 6ms, proxy.ts: 5ms, render: 58ms)
 GET /login 200 in 66ms (compile: 8ms, proxy.ts: 8ms, render: 51ms)
 GET /login 200 in 69ms (compile: 7ms, proxy.ts: 7ms, render: 56ms)
 GET /login 200 in 48ms (compile: 8ms, proxy.ts: 7ms, render: 33ms)
 GET /login 200 in 38ms (compile: 7ms, proxy.ts: 6ms, render: 25ms)
 GET /login 200 in 38ms (compile: 7ms, proxy.ts: 6ms, render: 25ms)
 GET /login 200 in 63ms (compile: 7ms, proxy.ts: 5ms, render: 51ms)
 GET /login 200 in 34ms (compile: 3ms, proxy.ts: 3ms, render: 28ms)
 GET /login 200 in 30ms (compile: 3ms, proxy.ts: 4ms, render: 23ms)
 GET /login 200 in 35ms (compile: 4ms, proxy.ts: 5ms, render: 27ms)
 GET /login 200 in 58ms (compile: 5ms, proxy.ts: 4ms, render: 49ms)
 GET /login 200 in 52ms (compile: 3ms, proxy.ts: 4ms, render: 45ms)
 GET /login 200 in 57ms (compile: 3ms, proxy.ts: 4ms, render: 49ms)
 GET /login 200 in 41ms (compile: 11ms, proxy.ts: 6ms, render: 23ms)
 GET /login 200 in 62ms (compile: 5ms, proxy.ts: 4ms, render: 53ms)
 GET /login 200 in 56ms (compile: 5ms, proxy.ts: 6ms, render: 44ms)
 GET /login 200 in 53ms (compile: 3ms, proxy.ts: 3ms, render: 47ms)
 GET /login 200 in 34ms (compile: 3ms, proxy.ts: 4ms, render: 27ms)
 GET /login 200 in 33ms (compile: 4ms, proxy.ts: 5ms, render: 24ms)
 GET /login 200 in 37ms (compile: 3ms, proxy.ts: 5ms, render: 29ms)
 GET /login 200 in 58ms (compile: 7ms, proxy.ts: 5ms, render: 46ms)
 GET /login 200 in 61ms (compile: 4ms, proxy.ts: 7ms, render: 50ms)
 GET /login 200 in 64ms (compile: 5ms, proxy.ts: 9ms, render: 51ms)
 GET /login 200 in 63ms (compile: 3ms, proxy.ts: 4ms, render: 56ms)
 GET /login 200 in 62ms (compile: 5ms, proxy.ts: 5ms, render: 52ms)
 GET /login 200 in 63ms (compile: 7ms, proxy.ts: 7ms, render: 50ms)
 GET /login 200 in 61ms (compile: 4ms, proxy.ts: 6ms, render: 50ms)
 GET /login 200 in 58ms (compile: 5ms, proxy.ts: 7ms, render: 47ms)
 GET /login 200 in 36ms (compile: 4ms, proxy.ts: 7ms, render: 24ms)
 GET /login 200 in 62ms (compile: 5ms, proxy.ts: 5ms, render: 52ms)
 GET /login 200 in 38ms (compile: 4ms, proxy.ts: 5ms, render: 28ms)
 GET /login 200 in 36ms (compile: 5ms, proxy.ts: 8ms, render: 23ms)
 GET /login 200 in 36ms (compile: 5ms, proxy.ts: 5ms, render: 26ms)
 GET /login 200 in 52ms (compile: 5ms, proxy.ts: 6ms, render: 41ms)
 GET /login 200 in 34ms (compile: 5ms, proxy.ts: 5ms, render: 25ms)
 GET /login 200 in 36ms (compile: 4ms, proxy.ts: 5ms, render: 27ms)
 GET /login 200 in 38ms (compile: 4ms, proxy.ts: 5ms, render: 29ms)
 GET /login 200 in 34ms (compile: 4ms, proxy.ts: 6ms, render: 24ms)
 GET /login 200 in 37ms (compile: 4ms, proxy.ts: 8ms, render: 25ms)
 GET /login 200 in 40ms (compile: 7ms, proxy.ts: 6ms, render: 28ms)
 GET /login 200 in 57ms (compile: 10ms, proxy.ts: 6ms, render: 41ms)
 GET /login 200 in 58ms (compile: 5ms, proxy.ts: 6ms, render: 46ms)
 GET /login 200 in 57ms (compile: 3ms, proxy.ts: 6ms, render: 49ms)
 GET /login 200 in 33ms (compile: 6ms, proxy.ts: 3ms, render: 24ms)
 GET /login 200 in 35ms (compile: 6ms, proxy.ts: 3ms, render: 25ms)
 GET /login 200 in 33ms (compile: 5ms, proxy.ts: 4ms, render: 24ms)
 GET /login 200 in 63ms (compile: 4ms, proxy.ts: 5ms, render: 54ms)
 GET /login 200 in 53ms (compile: 5ms, proxy.ts: 7ms, render: 42ms)
 GET /login 200 in 53ms (compile: 5ms, proxy.ts: 5ms, render: 43ms)
 GET /login 200 in 54ms (compile: 4ms, proxy.ts: 5ms, render: 44ms)
 GET /login 200 in 57ms (compile: 5ms, proxy.ts: 7ms, render: 45ms)
 GET /login 200 in 60ms (compile: 6ms, proxy.ts: 6ms, render: 48ms)
 GET /login 200 in 40ms (compile: 7ms, proxy.ts: 8ms, render: 25ms)
 GET /login 200 in 37ms (compile: 9ms, proxy.ts: 4ms, render: 24ms)
 GET /login 200 in 54ms (compile: 4ms, proxy.ts: 4ms, render: 46ms)
 GET /login 200 in 56ms (compile: 5ms, proxy.ts: 5ms, render: 45ms)
 GET /login 200 in 56ms (compile: 3ms, proxy.ts: 4ms, render: 49ms)
 GET /login 200 in 36ms (compile: 3ms, proxy.ts: 4ms, render: 29ms)
 GET /login 200 in 38ms (compile: 4ms, proxy.ts: 5ms, render: 30ms)
 GET /login 200 in 43ms (compile: 4ms, proxy.ts: 9ms, render: 29ms)
 GET /login 200 in 41ms (compile: 7ms, proxy.ts: 9ms, render: 24ms)
 GET /login 200 in 36ms (compile: 5ms, proxy.ts: 5ms, render: 26ms)
 GET /login 200 in 38ms (compile: 6ms, proxy.ts: 6ms, render: 26ms)
 GET /login 200 in 44ms (compile: 5ms, proxy.ts: 7ms, render: 32ms)
 GET /login 200 in 36ms (compile: 4ms, proxy.ts: 5ms, render: 28ms)
 GET /login 200 in 41ms (compile: 5ms, proxy.ts: 7ms, render: 30ms)
 GET /login 200 in 59ms (compile: 4ms, proxy.ts: 6ms, render: 48ms)
 GET /login 200 in 57ms (compile: 4ms, proxy.ts: 6ms, render: 47ms)
 GET /login 200 in 61ms (compile: 4ms, proxy.ts: 6ms, render: 51ms)
 GET /login 200 in 44ms (compile: 8ms, proxy.ts: 7ms, render: 28ms)
 GET /login 200 in 60ms (compile: 5ms, proxy.ts: 5ms, render: 50ms)
 GET /login 200 in 40ms (compile: 4ms, proxy.ts: 6ms, render: 30ms)
 GET /login 200 in 59ms (compile: 5ms, proxy.ts: 6ms, render: 48ms)
 GET /login 200 in 36ms (compile: 3ms, proxy.ts: 6ms, render: 26ms)
 GET /login 200 in 32ms (compile: 5ms, proxy.ts: 5ms, render: 22ms)
 GET /login 200 in 36ms (compile: 4ms, proxy.ts: 4ms, render: 28ms)
 GET /login 200 in 39ms (compile: 4ms, proxy.ts: 7ms, render: 28ms)
 GET /login 200 in 34ms (compile: 4ms, proxy.ts: 6ms, render: 23ms)
 GET /login 200 in 56ms (compile: 5ms, proxy.ts: 5ms, render: 46ms)
 GET /login 200 in 36ms (compile: 3ms, proxy.ts: 6ms, render: 27ms)
 GET /login 200 in 44ms (compile: 4ms, proxy.ts: 5ms, render: 34ms)
 GET /login 200 in 41ms (compile: 4ms, proxy.ts: 4ms, render: 32ms)
 GET /login 200 in 41ms (compile: 6ms, proxy.ts: 6ms, render: 30ms)
 GET /login 200 in 62ms (compile: 6ms, proxy.ts: 7ms, render: 49ms)
 GET /login 200 in 59ms (compile: 4ms, proxy.ts: 5ms, render: 50ms)
 GET /login 200 in 61ms (compile: 3ms, proxy.ts: 7ms, render: 51ms)
 GET /login 200 in 65ms (compile: 5ms, proxy.ts: 8ms, render: 52ms)
 GET /login 200 in 61ms (compile: 5ms, proxy.ts: 6ms, render: 50ms)
 GET /login 200 in 33ms (compile: 5ms, proxy.ts: 8ms, render: 20ms)
 GET /login 200 in 60ms (compile: 4ms, proxy.ts: 6ms, render: 51ms)
 GET /login 200 in 42ms (compile: 5ms, proxy.ts: 8ms, render: 29ms)
 GET /login 200 in 65ms (compile: 8ms, proxy.ts: 7ms, render: 50ms)
 GET /login 200 in 38ms (compile: 4ms, proxy.ts: 7ms, render: 26ms)
 GET /login 200 in 36ms (compile: 5ms, proxy.ts: 4ms, render: 27ms)
 GET /login 200 in 37ms (compile: 5ms, proxy.ts: 5ms, render: 27ms)
 GET /login 200 in 62ms (compile: 6ms, proxy.ts: 6ms, render: 50ms)
 GET /login 200 in 51ms (compile: 4ms, proxy.ts: 6ms, render: 41ms)
 GET /login 200 in 82ms (compile: 6ms, proxy.ts: 11ms, render: 65ms)
 GET /login 200 in 60ms (compile: 6ms, proxy.ts: 5ms, render: 49ms)
 GET /login 200 in 37ms (compile: 6ms, proxy.ts: 6ms, render: 25ms)
 GET /login 200 in 38ms (compile: 4ms, proxy.ts: 5ms, render: 29ms)
 GET /login 200 in 38ms (compile: 5ms, proxy.ts: 5ms, render: 28ms)
 GET /login 200 in 39ms (compile: 6ms, proxy.ts: 6ms, render: 26ms)
 GET /login 200 in 58ms (compile: 4ms, proxy.ts: 7ms, render: 47ms)
 GET /login 200 in 38ms (compile: 5ms, proxy.ts: 5ms, render: 28ms)
 GET /login 200 in 33ms (compile: 4ms, proxy.ts: 7ms, render: 22ms)
 GET /login 200 in 38ms (compile: 5ms, proxy.ts: 7ms, render: 27ms)
 GET /login 200 in 41ms (compile: 7ms, proxy.ts: 5ms, render: 29ms)
 GET /login 200 in 36ms (compile: 7ms, proxy.ts: 5ms, render: 23ms)
 GET /login 200 in 52ms (compile: 4ms, proxy.ts: 4ms, render: 44ms)
 GET /login 200 in 33ms (compile: 5ms, proxy.ts: 6ms, render: 22ms)
 GET /login 200 in 29ms (compile: 4ms, proxy.ts: 4ms, render: 21ms)
 GET /login 200 in 62ms (compile: 4ms, proxy.ts: 5ms, render: 53ms)
 GET /login 200 in 60ms (compile: 5ms, proxy.ts: 6ms, render: 49ms)
 GET /login 200 in 71ms (compile: 4ms, proxy.ts: 5ms, render: 62ms)
 GET /login 200 in 68ms (compile: 4ms, proxy.ts: 5ms, render: 60ms)
 GET /login 200 in 69ms (compile: 4ms, proxy.ts: 8ms, render: 57ms)
 GET /login 200 in 61ms (compile: 6ms, proxy.ts: 7ms, render: 48ms)
 GET /login 200 in 38ms (compile: 4ms, proxy.ts: 5ms, render: 28ms)
 GET /login 200 in 38ms (compile: 5ms, proxy.ts: 6ms, render: 27ms)
 GET /login 200 in 39ms (compile: 5ms, proxy.ts: 5ms, render: 28ms)
 GET /login 200 in 68ms (compile: 5ms, proxy.ts: 8ms, render: 55ms)
 GET /login 200 in 76ms (compile: 5ms, proxy.ts: 9ms, render: 63ms)
 GET /login 200 in 63ms (compile: 5ms, proxy.ts: 6ms, render: 53ms)
 GET /login 200 in 40ms (compile: 3ms, proxy.ts: 9ms, render: 29ms)
 GET /login 200 in 39ms (compile: 4ms, proxy.ts: 6ms, render: 29ms)
 GET /login 200 in 39ms (compile: 4ms, proxy.ts: 7ms, render: 28ms)
 GET /login 200 in 62ms (compile: 5ms, proxy.ts: 6ms, render: 51ms)
 GET /login 200 in 60ms (compile: 3ms, proxy.ts: 8ms, render: 49ms)
 GET /login 200 in 47ms (compile: 4ms, proxy.ts: 7ms, render: 36ms)
 GET /login 200 in 467ms (compile: 6ms, proxy.ts: 8ms, render: 453ms)
 GET /login 200 in 37ms (compile: 3ms, proxy.ts: 5ms, render: 28ms)
 GET /login 200 in 37ms (compile: 4ms, proxy.ts: 7ms, render: 26ms)
 GET /login 200 in 50ms (compile: 9ms, proxy.ts: 5ms, render: 37ms)
 GET /login 200 in 60ms (compile: 3ms, proxy.ts: 5ms, render: 52ms)
 GET /login 200 in 67ms (compile: 3ms, proxy.ts: 7ms, render: 57ms)
 GET /login 200 in 39ms (compile: 3ms, proxy.ts: 8ms, render: 28ms)
 GET /login 200 in 37ms (compile: 4ms, proxy.ts: 5ms, render: 27ms)
 GET /login 200 in 64ms (compile: 5ms, proxy.ts: 6ms, render: 53ms)
 GET /login 200 in 39ms (compile: 5ms, proxy.ts: 5ms, render: 29ms)
 GET /login 200 in 52ms (compile: 5ms, proxy.ts: 5ms, render: 42ms)
 GET /login 200 in 50ms (compile: 7ms, proxy.ts: 14ms, render: 30ms)
 GET /login 200 in 42ms (compile: 7ms, proxy.ts: 5ms, render: 30ms)
 GET /login 200 in 35ms (compile: 5ms, proxy.ts: 5ms, render: 25ms)
 GET /login 200 in 31ms (compile: 4ms, proxy.ts: 5ms, render: 22ms)
 GET /login 200 in 57ms (compile: 4ms, proxy.ts: 6ms, render: 47ms)
 GET /login 200 in 36ms (compile: 4ms, proxy.ts: 6ms, render: 26ms)
 GET /login 200 in 35ms (compile: 5ms, proxy.ts: 5ms, render: 26ms)
 GET /login 200 in 33ms (compile: 4ms, proxy.ts: 5ms, render: 25ms)
 GET /login 200 in 36ms (compile: 4ms, proxy.ts: 6ms, render: 26ms)
 GET /login 200 in 72ms (compile: 7ms, proxy.ts: 6ms, render: 59ms)
 GET /login 200 in 63ms (compile: 4ms, proxy.ts: 5ms, render: 54ms)
 GET /login 200 in 68ms (compile: 4ms, proxy.ts: 6ms, render: 58ms)
 GET /login 200 in 66ms (compile: 6ms, proxy.ts: 7ms, render: 53ms)
 GET /login 200 in 58ms (compile: 3ms, proxy.ts: 4ms, render: 50ms)
 GET /login 200 in 53ms (compile: 3ms, proxy.ts: 5ms, render: 45ms)
 GET /login 200 in 59ms (compile: 4ms, proxy.ts: 7ms, render: 48ms)
 GET /login 200 in 36ms (compile: 5ms, proxy.ts: 4ms, render: 27ms)
 GET /login 200 in 54ms (compile: 4ms, proxy.ts: 5ms, render: 45ms)
 GET /login 200 in 55ms (compile: 3ms, proxy.ts: 5ms, render: 47ms)
 GET /login 200 in 57ms (compile: 3ms, proxy.ts: 8ms, render: 46ms)
 GET /login 200 in 52ms (compile: 6ms, proxy.ts: 7ms, render: 39ms)
 GET /login 200 in 51ms (compile: 6ms, proxy.ts: 4ms, render: 40ms)
 GET /login 200 in 50ms (compile: 4ms, proxy.ts: 7ms, render: 39ms)
 GET /login 200 in 33ms (compile: 3ms, proxy.ts: 5ms, render: 24ms)
 GET /login 200 in 32ms (compile: 3ms, proxy.ts: 8ms, render: 21ms)
 GET /login 200 in 60ms (compile: 4ms, proxy.ts: 5ms, render: 51ms)
 GET /login 200 in 34ms (compile: 2ms, proxy.ts: 6ms, render: 26ms)
 GET /login 200 in 52ms (compile: 5ms, proxy.ts: 8ms, render: 39ms)
 GET /login 200 in 52ms (compile: 5ms, proxy.ts: 5ms, render: 42ms)
 GET /login 200 in 51ms (compile: 4ms, proxy.ts: 7ms, render: 40ms)
 GET /login 200 in 46ms (compile: 3ms, proxy.ts: 5ms, render: 39ms)
 GET /login 200 in 32ms (compile: 3ms, proxy.ts: 4ms, render: 26ms)
 GET /login 200 in 55ms (compile: 6ms, proxy.ts: 8ms, render: 41ms)
 GET /login 200 in 33ms (compile: 4ms, proxy.ts: 5ms, render: 24ms)
 GET /login 200 in 36ms (compile: 5ms, proxy.ts: 6ms, render: 26ms)
 GET /login 200 in 35ms (compile: 5ms, proxy.ts: 6ms, render: 25ms)
 GET /login 200 in 56ms (compile: 4ms, proxy.ts: 5ms, render: 47ms)
 GET /login 200 in 39ms (compile: 4ms, proxy.ts: 7ms, render: 28ms)
 GET /login 200 in 36ms (compile: 5ms, proxy.ts: 7ms, render: 23ms)
 GET /login 200 in 38ms (compile: 6ms, proxy.ts: 5ms, render: 27ms)
 GET /login 200 in 38ms (compile: 6ms, proxy.ts: 6ms, render: 26ms)
 GET /login 200 in 57ms (compile: 4ms, proxy.ts: 6ms, render: 47ms)
 GET /login 200 in 72ms (compile: 5ms, proxy.ts: 6ms, render: 61ms)
 GET /login 200 in 40ms (compile: 4ms, proxy.ts: 8ms, render: 28ms)
 GET /login 200 in 34ms (compile: 5ms, proxy.ts: 5ms, render: 24ms)
 GET /login 200 in 58ms (compile: 4ms, proxy.ts: 6ms, render: 48ms)
 GET /login 200 in 57ms (compile: 5ms, proxy.ts: 5ms, render: 47ms)
 GET /login 200 in 36ms (compile: 4ms, proxy.ts: 5ms, render: 27ms)
 GET /login 200 in 45ms (compile: 4ms, proxy.ts: 6ms, render: 35ms)
 GET /login 200 in 60ms (compile: 3ms, proxy.ts: 15ms, render: 42ms)
 GET /login 200 in 54ms (compile: 3ms, proxy.ts: 8ms, render: 44ms)
 GET /login 200 in 53ms (compile: 3ms, proxy.ts: 4ms, render: 46ms)
 GET /login 200 in 58ms (compile: 3ms, proxy.ts: 6ms, render: 49ms)
 GET /login 200 in 57ms (compile: 6ms, proxy.ts: 5ms, render: 46ms)
 GET /login 200 in 51ms (compile: 6ms, proxy.ts: 6ms, render: 39ms)
 GET /login 200 in 46ms (compile: 5ms, proxy.ts: 5ms, render: 36ms)
 GET /login 200 in 63ms (compile: 5ms, proxy.ts: 5ms, render: 53ms)
 GET /login 200 in 62ms (compile: 6ms, proxy.ts: 11ms, render: 45ms)
 GET /login 200 in 34ms (compile: 3ms, proxy.ts: 6ms, render: 25ms)
 GET /login 200 in 62ms (compile: 4ms, proxy.ts: 4ms, render: 55ms)
 GET /login 200 in 59ms (compile: 4ms, proxy.ts: 7ms, render: 48ms)
 GET /login 200 in 67ms (compile: 5ms, proxy.ts: 6ms, render: 56ms)
 GET /login 200 in 66ms (compile: 5ms, proxy.ts: 10ms, render: 51ms)
 GET /login 200 in 56ms (compile: 3ms, proxy.ts: 5ms, render: 48ms)
 GET /login 200 in 49ms (compile: 4ms, proxy.ts: 3ms, render: 42ms)
 GET /login 200 in 31ms (compile: 2ms, proxy.ts: 3ms, render: 26ms)
 GET /login 200 in 58ms (compile: 4ms, proxy.ts: 7ms, render: 47ms)
 GET /login 200 in 57ms (compile: 7ms, proxy.ts: 5ms, render: 45ms)
 GET /login 200 in 35ms (compile: 3ms, proxy.ts: 6ms, render: 25ms)
 GET /login 200 in 34ms (compile: 4ms, proxy.ts: 6ms, render: 24ms)
✓ Compiled in 1ms
 GET /login 200 in 110ms (compile: 6ms, proxy.ts: 6ms, render: 99ms)
 GET /login 200 in 205ms (compile: 106ms, proxy.ts: 73ms, render: 27ms)
 GET /login 200 in 44ms (compile: 7ms, proxy.ts: 6ms, render: 32ms)
 GET /login 200 in 37ms (compile: 7ms, proxy.ts: 5ms, render: 25ms)
 GET /login 200 in 52ms (compile: 7ms, proxy.ts: 6ms, render: 39ms)
 GET /login 200 in 37ms (compile: 5ms, proxy.ts: 6ms, render: 26ms)
 GET /login 200 in 34ms (compile: 4ms, proxy.ts: 6ms, render: 24ms)
 GET /login 200 in 31ms (compile: 3ms, proxy.ts: 4ms, render: 24ms)
 GET /login 200 in 53ms (compile: 4ms, proxy.ts: 4ms, render: 45ms)
 GET /login 200 in 56ms (compile: 4ms, proxy.ts: 6ms, render: 45ms)
 GET /login 200 in 58ms (compile: 3ms, proxy.ts: 5ms, render: 50ms)
 GET /login 200 in 42ms (compile: 4ms, proxy.ts: 7ms, render: 31ms)
 GET /login 200 in 64ms (compile: 7ms, proxy.ts: 9ms, render: 49ms)
 GET /login 200 in 42ms (compile: 5ms, proxy.ts: 8ms, render: 29ms)
 GET /login 200 in 65ms (compile: 5ms, proxy.ts: 7ms, render: 53ms)
 GET /login 200 in 65ms (compile: 5ms, proxy.ts: 9ms, render: 51ms)
 GET /login 200 in 69ms (compile: 6ms, proxy.ts: 12ms, render: 52ms)
 GET /login 200 in 70ms (compile: 8ms, proxy.ts: 6ms, render: 56ms)
 GET /login 200 in 66ms (compile: 4ms, proxy.ts: 7ms, render: 56ms)
 GET /login 200 in 79ms (compile: 3ms, proxy.ts: 5ms, render: 71ms)
 GET /login 200 in 110ms (compile: 3ms, proxy.ts: 8ms, render: 100ms)
 GET /login 200 in 95ms (compile: 24ms, proxy.ts: 7ms, render: 64ms)
 GET /login 200 in 67ms (compile: 4ms, proxy.ts: 8ms, render: 55ms)
 GET /login 200 in 43ms (compile: 4ms, proxy.ts: 7ms, render: 32ms)
 GET /login 200 in 69ms (compile: 8ms, proxy.ts: 6ms, render: 55ms)
 GET /login 200 in 46ms (compile: 8ms, proxy.ts: 6ms, render: 32ms)
 GET /login 200 in 86ms (compile: 9ms, proxy.ts: 5ms, render: 72ms)
 GET /login 200 in 85ms (compile: 5ms, proxy.ts: 7ms, render: 73ms)
 GET /login 200 in 66ms (compile: 4ms, proxy.ts: 6ms, render: 57ms)
 GET /login 200 in 45ms (compile: 5ms, proxy.ts: 8ms, render: 33ms)
 GET /login 200 in 43ms (compile: 5ms, proxy.ts: 7ms, render: 31ms)
 GET /login 200 in 50ms (compile: 6ms, proxy.ts: 5ms, render: 39ms)
 GET /login 200 in 44ms (compile: 5ms, proxy.ts: 7ms, render: 31ms)
 GET /login 200 in 66ms (compile: 4ms, proxy.ts: 7ms, render: 55ms)
 GET /login 200 in 76ms (compile: 4ms, proxy.ts: 7ms, render: 65ms)
 GET /login 200 in 70ms (compile: 5ms, proxy.ts: 7ms, render: 58ms)
 GET /login 200 in 75ms (compile: 5ms, proxy.ts: 7ms, render: 64ms)
 GET /login 200 in 71ms (compile: 5ms, proxy.ts: 6ms, render: 60ms)
 GET /login 200 in 36ms (compile: 5ms, proxy.ts: 6ms, render: 25ms)
 GET /login 200 in 39ms (compile: 6ms, proxy.ts: 5ms, render: 28ms)
 GET /login 200 in 38ms (compile: 6ms, proxy.ts: 5ms, render: 27ms)
 GET /login 200 in 35ms (compile: 4ms, proxy.ts: 5ms, render: 26ms)
 GET /login 200 in 40ms (compile: 5ms, proxy.ts: 6ms, render: 29ms)
 GET /login 200 in 58ms (compile: 5ms, proxy.ts: 7ms, render: 47ms)
 GET /login 200 in 37ms (compile: 4ms, proxy.ts: 7ms, render: 27ms)
 GET /login 200 in 38ms (compile: 5ms, proxy.ts: 6ms, render: 26ms)
 GET /login 200 in 37ms (compile: 4ms, proxy.ts: 5ms, render: 28ms)
 GET /login 200 in 68ms (compile: 4ms, proxy.ts: 6ms, render: 58ms)
 GET /login 200 in 51ms (compile: 9ms, proxy.ts: 6ms, render: 36ms)
 GET /login 200 in 54ms (compile: 6ms, proxy.ts: 5ms, render: 43ms)
 GET /login 200 in 39ms (compile: 3ms, proxy.ts: 6ms, render: 30ms)
 GET /login 200 in 63ms (compile: 6ms, proxy.ts: 8ms, render: 49ms)
 GET /login 200 in 58ms (compile: 5ms, proxy.ts: 8ms, render: 45ms)
 GET /login 200 in 38ms (compile: 4ms, proxy.ts: 6ms, render: 27ms)
 GET /login 200 in 65ms (compile: 7ms, proxy.ts: 6ms, render: 52ms)
 GET /login 200 in 35ms (compile: 4ms, proxy.ts: 5ms, render: 26ms)
 GET /login 200 in 40ms (compile: 6ms, proxy.ts: 6ms, render: 28ms)
 GET /login 200 in 38ms (compile: 6ms, proxy.ts: 7ms, render: 24ms)
 GET /login 200 in 35ms (compile: 4ms, proxy.ts: 5ms, render: 26ms)
 GET /login 200 in 33ms (compile: 4ms, proxy.ts: 6ms, render: 24ms)
 GET /login 200 in 34ms (compile: 6ms, proxy.ts: 4ms, render: 24ms)
 GET /login 200 in 37ms (compile: 4ms, proxy.ts: 5ms, render: 28ms)
 GET /login 200 in 34ms (compile: 3ms, proxy.ts: 6ms, render: 24ms)
 GET /login 200 in 65ms (compile: 6ms, proxy.ts: 6ms, render: 54ms)
 GET /login 200 in 61ms (compile: 5ms, proxy.ts: 10ms, render: 46ms)
 GET /login 200 in 36ms (compile: 7ms, proxy.ts: 6ms, render: 24ms)
 GET /login 200 in 53ms (compile: 4ms, proxy.ts: 7ms, render: 43ms)
 GET /login 200 in 31ms (compile: 4ms, proxy.ts: 9ms, render: 19ms)
 GET /login 200 in 31ms (compile: 5ms, proxy.ts: 3ms, render: 22ms)
 GET /login 200 in 32ms (compile: 3ms, proxy.ts: 4ms, render: 25ms)
 GET /login 200 in 31ms (compile: 5ms, proxy.ts: 4ms, render: 22ms)
 GET /login 200 in 57ms (compile: 3ms, proxy.ts: 4ms, render: 49ms)
 GET /login 200 in 46ms (compile: 3ms, proxy.ts: 4ms, render: 39ms)
 GET /login 200 in 30ms (compile: 4ms, proxy.ts: 4ms, render: 22ms)
 GET /login 200 in 29ms (compile: 4ms, proxy.ts: 5ms, render: 21ms)
 GET /login 200 in 31ms (compile: 3ms, proxy.ts: 4ms, render: 24ms)
 GET /login 200 in 33ms (compile: 4ms, proxy.ts: 6ms, render: 23ms)
 GET /login 200 in 59ms (compile: 5ms, proxy.ts: 4ms, render: 51ms)
 GET /login 200 in 57ms (compile: 6ms, proxy.ts: 6ms, render: 45ms)
 GET /login 200 in 55ms (compile: 5ms, proxy.ts: 6ms, render: 45ms)
 GET /login 200 in 64ms (compile: 3ms, proxy.ts: 7ms, render: 54ms)
 GET /login 200 in 62ms (compile: 9ms, proxy.ts: 9ms, render: 44ms)
 GET /login 200 in 34ms (compile: 4ms, proxy.ts: 7ms, render: 23ms)
 GET /login 200 in 33ms (compile: 4ms, proxy.ts: 4ms, render: 25ms)
 GET /login 200 in 30ms (compile: 5ms, proxy.ts: 4ms, render: 21ms)
 GET /login 200 in 40ms (compile: 6ms, proxy.ts: 4ms, render: 31ms)
 GET /login 200 in 42ms (compile: 6ms, proxy.ts: 6ms, render: 31ms)
 GET /login 200 in 74ms (compile: 5ms, proxy.ts: 6ms, render: 63ms)
 GET /login 200 in 72ms (compile: 4ms, proxy.ts: 5ms, render: 63ms)
 GET /login 200 in 60ms (compile: 3ms, proxy.ts: 5ms, render: 52ms)
 GET /login 200 in 60ms (compile: 3ms, proxy.ts: 7ms, render: 49ms)
 GET /login 200 in 65ms (compile: 3ms, proxy.ts: 6ms, render: 55ms)
 GET /login 200 in 48ms (compile: 7ms, proxy.ts: 9ms, render: 33ms)
 GET /login 200 in 88ms (compile: 7ms, proxy.ts: 8ms, render: 73ms)
 GET /login 200 in 46ms (compile: 7ms, proxy.ts: 9ms, render: 31ms)
 GET /login 200 in 76ms (compile: 6ms, proxy.ts: 7ms, render: 62ms)
 GET /login 200 in 60ms (compile: 7ms, proxy.ts: 8ms, render: 44ms)
 GET /login 200 in 53ms (compile: 4ms, proxy.ts: 5ms, render: 45ms)
 GET /login 200 in 36ms (compile: 4ms, proxy.ts: 5ms, render: 28ms)
 GET /login 200 in 36ms (compile: 4ms, proxy.ts: 7ms, render: 26ms)
 GET /login 200 in 25ms (compile: 4ms, proxy.ts: 6ms, render: 15ms)
 GET /login 200 in 29ms (compile: 3ms, proxy.ts: 5ms, render: 21ms)
 GET /login 200 in 35ms (compile: 3ms, proxy.ts: 4ms, render: 28ms)
 GET /login 200 in 34ms (compile: 4ms, proxy.ts: 6ms, render: 24ms)
 GET /login 200 in 31ms (compile: 4ms, proxy.ts: 5ms, render: 22ms)
 GET /login 200 in 44ms (compile: 4ms, proxy.ts: 5ms, render: 34ms)
 GET /login 200 in 38ms (compile: 7ms, proxy.ts: 4ms, render: 27ms)
 GET /login 200 in 38ms (compile: 5ms, proxy.ts: 7ms, render: 26ms)
 GET /login 200 in 39ms (compile: 4ms, proxy.ts: 6ms, render: 28ms)
 GET /login 200 in 69ms (compile: 5ms, proxy.ts: 8ms, render: 57ms)
 GET /login 200 in 72ms (compile: 6ms, proxy.ts: 8ms, render: 58ms)
 GET /login 200 in 40ms (compile: 5ms, proxy.ts: 6ms, render: 28ms)
 GET /login 200 in 60ms (compile: 4ms, proxy.ts: 6ms, render: 51ms)
 GET /login 200 in 41ms (compile: 4ms, proxy.ts: 7ms, render: 31ms)
 GET /login 200 in 36ms (compile: 4ms, proxy.ts: 6ms, render: 26ms)
 GET /login 200 in 58ms (compile: 5ms, proxy.ts: 6ms, render: 48ms)
 GET /login 200 in 32ms (compile: 4ms, proxy.ts: 5ms, render: 22ms)
 GET /login 200 in 25ms (compile: 2ms, proxy.ts: 4ms, render: 19ms)
 GET /login 200 in 31ms (compile: 4ms, proxy.ts: 4ms, render: 24ms)
 GET /login 200 in 36ms (compile: 3ms, proxy.ts: 7ms, render: 26ms)
 GET /login 200 in 64ms (compile: 5ms, proxy.ts: 5ms, render: 54ms)
 GET /login 200 in 73ms (compile: 6ms, proxy.ts: 7ms, render: 60ms)
 GET /login 200 in 89ms (compile: 5ms, proxy.ts: 5ms, render: 79ms)
 GET /login 200 in 82ms (compile: 6ms, proxy.ts: 8ms, render: 68ms)
 GET /login 200 in 75ms (compile: 7ms, proxy.ts: 6ms, render: 63ms)
 GET /login 200 in 76ms (compile: 7ms, proxy.ts: 9ms, render: 59ms)
 GET /login 200 in 69ms (compile: 5ms, proxy.ts: 8ms, render: 55ms)
 GET /login 200 in 82ms (compile: 6ms, proxy.ts: 7ms, render: 69ms)
 GET /login 200 in 81ms (compile: 6ms, proxy.ts: 9ms, render: 65ms)
 GET /login 200 in 42ms (compile: 5ms, proxy.ts: 8ms, render: 29ms)
 GET /login 200 in 38ms (compile: 6ms, proxy.ts: 6ms, render: 26ms)
 GET /login 200 in 40ms (compile: 4ms, proxy.ts: 5ms, render: 31ms)
 GET /login 200 in 44ms (compile: 5ms, proxy.ts: 7ms, render: 32ms)
 GET /login 200 in 45ms (compile: 7ms, proxy.ts: 5ms, render: 33ms)
 GET /login 200 in 48ms (compile: 7ms, proxy.ts: 6ms, render: 36ms)
 GET /login 200 in 69ms (compile: 7ms, proxy.ts: 8ms, render: 53ms)
 GET /login 200 in 43ms (compile: 4ms, proxy.ts: 7ms, render: 33ms)
 GET /login 200 in 64ms (compile: 6ms, proxy.ts: 7ms, render: 51ms)
 GET /login 200 in 68ms (compile: 4ms, proxy.ts: 6ms, render: 57ms)
 GET /login 200 in 90ms (compile: 7ms, proxy.ts: 7ms, render: 76ms)
 GET /login 200 in 77ms (compile: 5ms, proxy.ts: 9ms, render: 63ms)
 GET /login 200 in 47ms (compile: 7ms, proxy.ts: 7ms, render: 32ms)
 GET /login 200 in 40ms (compile: 6ms, proxy.ts: 6ms, render: 28ms)
 GET /login 200 in 39ms (compile: 6ms, proxy.ts: 6ms, render: 27ms)
 GET /login 200 in 63ms (compile: 6ms, proxy.ts: 5ms, render: 52ms)
 GET /login 200 in 62ms (compile: 6ms, proxy.ts: 7ms, render: 49ms)
 GET /login 200 in 40ms (compile: 5ms, proxy.ts: 6ms, render: 29ms)
 GET /login 200 in 86ms (compile: 5ms, proxy.ts: 6ms, render: 75ms)
 GET /login 200 in 99ms (compile: 4ms, proxy.ts: 8ms, render: 87ms)
 GET /login 200 in 50ms (compile: 8ms, proxy.ts: 9ms, render: 33ms)
 GET /login 200 in 38ms (compile: 6ms, proxy.ts: 6ms, render: 26ms)
 GET /login 200 in 37ms (compile: 5ms, proxy.ts: 5ms, render: 27ms)
 GET /login 200 in 58ms (compile: 5ms, proxy.ts: 6ms, render: 47ms)
 GET /login 200 in 37ms (compile: 4ms, proxy.ts: 5ms, render: 27ms)
 GET /login 200 in 51ms (compile: 4ms, proxy.ts: 5ms, render: 43ms)
 GET /login 200 in 61ms (compile: 3ms, proxy.ts: 6ms, render: 53ms)
 GET /login 200 in 64ms (compile: 4ms, proxy.ts: 5ms, render: 55ms)
 GET /login 200 in 58ms (compile: 4ms, proxy.ts: 4ms, render: 49ms)
 GET /login 200 in 63ms (compile: 9ms, proxy.ts: 5ms, render: 49ms)
 GET /login 200 in 39ms (compile: 3ms, proxy.ts: 4ms, render: 31ms)
 GET /login 200 in 54ms (compile: 4ms, proxy.ts: 5ms, render: 45ms)
 GET /login 200 in 38ms (compile: 4ms, proxy.ts: 6ms, render: 27ms)
 GET /login 200 in 32ms (compile: 5ms, proxy.ts: 5ms, render: 22ms)
 GET /login 200 in 36ms (compile: 4ms, proxy.ts: 4ms, render: 28ms)
 GET /login 200 in 37ms (compile: 4ms, proxy.ts: 6ms, render: 27ms)
 GET /login 200 in 66ms (compile: 7ms, proxy.ts: 7ms, render: 53ms)
 GET /login 200 in 43ms (compile: 4ms, proxy.ts: 6ms, render: 33ms)
 GET /login 200 in 67ms (compile: 7ms, proxy.ts: 8ms, render: 53ms)
 GET /login 200 in 61ms (compile: 4ms, proxy.ts: 7ms, render: 50ms)
 GET /login 200 in 41ms (compile: 4ms, proxy.ts: 7ms, render: 30ms)
 GET /login 200 in 34ms (compile: 5ms, proxy.ts: 7ms, render: 22ms)
 GET /login 200 in 73ms (compile: 5ms, proxy.ts: 11ms, render: 57ms)
 GET /login 200 in 84ms (compile: 8ms, proxy.ts: 8ms, render: 68ms)
 GET /login 200 in 79ms (compile: 4ms, proxy.ts: 8ms, render: 66ms)
 GET /login 200 in 42ms (compile: 4ms, proxy.ts: 6ms, render: 32ms)
 GET /login 200 in 65ms (compile: 5ms, proxy.ts: 7ms, render: 53ms)
 GET /login 200 in 44ms (compile: 6ms, proxy.ts: 6ms, render: 31ms)
 GET /login 200 in 40ms (compile: 5ms, proxy.ts: 7ms, render: 28ms)
 GET /login 200 in 34ms (compile: 6ms, proxy.ts: 6ms, render: 22ms)
 GET /login 200 in 40ms (compile: 4ms, proxy.ts: 5ms, render: 32ms)
 GET /login 200 in 45ms (compile: 9ms, proxy.ts: 7ms, render: 29ms)
 GET /login 200 in 44ms (compile: 4ms, proxy.ts: 7ms, render: 32ms)
 GET /login 200 in 36ms (compile: 5ms, proxy.ts: 6ms, render: 26ms)
 GET /login 200 in 58ms (compile: 4ms, proxy.ts: 5ms, render: 49ms)
 GET /login 200 in 59ms (compile: 3ms, proxy.ts: 6ms, render: 49ms)
 GET /login 200 in 61ms (compile: 4ms, proxy.ts: 5ms, render: 52ms)
 GET /login 200 in 66ms (compile: 5ms, proxy.ts: 6ms, render: 55ms)
 GET /login 200 in 49ms (compile: 6ms, proxy.ts: 6ms, render: 36ms)
 GET /login 200 in 58ms (compile: 8ms, proxy.ts: 5ms, render: 45ms)
 GET /login 200 in 39ms (compile: 7ms, proxy.ts: 6ms, render: 26ms)
 GET /login 200 in 52ms (compile: 5ms, proxy.ts: 6ms, render: 41ms)
 GET /login 200 in 37ms (compile: 5ms, proxy.ts: 5ms, render: 27ms)
 GET /login 200 in 42ms (compile: 6ms, proxy.ts: 9ms, render: 27ms)
 GET /login 200 in 30ms (compile: 6ms, proxy.ts: 6ms, render: 18ms)
✓ Compiled in 182ms
 GET /login 200 in 636ms (compile: 121ms, proxy.ts: 388ms, render: 127ms)
 GET /login 200 in 130ms (compile: 6ms, proxy.ts: 18ms, render: 106ms)
 GET /login 200 in 136ms (compile: 8ms, proxy.ts: 11ms, render: 117ms)
 GET /login 200 in 129ms (compile: 18ms, proxy.ts: 12ms, render: 99ms)
 GET /login 200 in 77ms (compile: 7ms, proxy.ts: 23ms, render: 47ms)
 GET /login 200 in 83ms (compile: 17ms, proxy.ts: 8ms, render: 58ms)
 GET /login 200 in 153ms (compile: 13ms, proxy.ts: 11ms, render: 130ms)
 GET /login 200 in 80ms (compile: 12ms, proxy.ts: 19ms, render: 49ms)
 GET /login 200 in 54ms (compile: 15ms, proxy.ts: 7ms, render: 31ms)
 GET /login 200 in 66ms (compile: 5ms, proxy.ts: 10ms, render: 52ms)
 GET /login 200 in 62ms (compile: 5ms, proxy.ts: 6ms, render: 52ms)
 GET /login 200 in 43ms (compile: 6ms, proxy.ts: 8ms, render: 28ms)
 GET /login 200 in 29ms (compile: 3ms, proxy.ts: 5ms, render: 21ms)
 GET /login 200 in 34ms (compile: 5ms, proxy.ts: 5ms, render: 24ms)
 GET /login 200 in 34ms (compile: 4ms, proxy.ts: 6ms, render: 25ms)
 GET /login 200 in 61ms (compile: 8ms, proxy.ts: 6ms, render: 47ms)
 GET /login 200 in 47ms (compile: 4ms, proxy.ts: 5ms, render: 38ms)
 GET /login 200 in 30ms (compile: 3ms, proxy.ts: 4ms, render: 22ms)
 GET /login 200 in 47ms (compile: 4ms, proxy.ts: 5ms, render: 37ms)
 GET /login 200 in 28ms (compile: 3ms, proxy.ts: 4ms, render: 20ms)
 GET /login 200 in 43ms (compile: 5ms, proxy.ts: 5ms, render: 33ms)
 GET /login 200 in 43ms (compile: 11ms, proxy.ts: 11ms, render: 21ms)
 GET /login 200 in 49ms (compile: 3ms, proxy.ts: 5ms, render: 41ms)
 GET /login 200 in 32ms (compile: 4ms, proxy.ts: 6ms, render: 22ms)
 GET /login 200 in 54ms (compile: 4ms, proxy.ts: 5ms, render: 46ms)
 GET /login 200 in 32ms (compile: 4ms, proxy.ts: 8ms, render: 20ms)
 GET /login 200 in 29ms (compile: 3ms, proxy.ts: 4ms, render: 22ms)
 GET /login 200 in 52ms (compile: 4ms, proxy.ts: 7ms, render: 41ms)
 GET /login 200 in 32ms (compile: 3ms, proxy.ts: 4ms, render: 25ms)
 GET /login 200 in 46ms (compile: 3ms, proxy.ts: 3ms, render: 40ms)
 GET /login 200 in 49ms (compile: 3ms, proxy.ts: 4ms, render: 42ms)
 GET /login 200 in 34ms (compile: 2ms, proxy.ts: 6ms, render: 25ms)
 GET /login 200 in 38ms (compile: 5ms, proxy.ts: 5ms, render: 28ms)
 GET /login 200 in 37ms (compile: 4ms, proxy.ts: 5ms, render: 27ms)
 GET /login 200 in 33ms (compile: 3ms, proxy.ts: 3ms, render: 27ms)
 GET /login 200 in 41ms (compile: 12ms, proxy.ts: 7ms, render: 22ms)
 GET /login 200 in 49ms (compile: 5ms, proxy.ts: 4ms, render: 40ms)
 GET /login 200 in 48ms (compile: 3ms, proxy.ts: 6ms, render: 39ms)
 GET /login 200 in 57ms (compile: 3ms, proxy.ts: 4ms, render: 49ms)
 GET /login 200 in 67ms (compile: 4ms, proxy.ts: 10ms, render: 54ms)
 GET /login 200 in 67ms (compile: 4ms, proxy.ts: 6ms, render: 57ms)
 GET /login 200 in 50ms (compile: 5ms, proxy.ts: 8ms, render: 38ms)
 GET /login 200 in 63ms (compile: 10ms, proxy.ts: 6ms, render: 48ms)
 GET /login 200 in 61ms (compile: 6ms, proxy.ts: 8ms, render: 47ms)
 GET /login 200 in 55ms (compile: 4ms, proxy.ts: 7ms, render: 44ms)
 GET /login 200 in 33ms (compile: 5ms, proxy.ts: 6ms, render: 22ms)
 GET /login 200 in 29ms (compile: 3ms, proxy.ts: 4ms, render: 22ms)
 GET /login 200 in 34ms (compile: 7ms, proxy.ts: 4ms, render: 22ms)
 GET /login 200 in 31ms (compile: 4ms, proxy.ts: 4ms, render: 24ms)
 GET /login 200 in 54ms (compile: 5ms, proxy.ts: 6ms, render: 43ms)
 GET /login 200 in 30ms (compile: 4ms, proxy.ts: 4ms, render: 22ms)
 GET /login 200 in 60ms (compile: 6ms, proxy.ts: 5ms, render: 49ms)
 GET /login 200 in 52ms (compile: 3ms, proxy.ts: 5ms, render: 45ms)
 GET /login 200 in 33ms (compile: 3ms, proxy.ts: 8ms, render: 22ms)
 GET /login 200 in 25ms (compile: 3ms, proxy.ts: 4ms, render: 18ms)
 GET /login 200 in 28ms (compile: 3ms, proxy.ts: 6ms, render: 19ms)
 GET /login 200 in 35ms (compile: 3ms, proxy.ts: 5ms, render: 27ms)
 GET /login 200 in 36ms (compile: 6ms, proxy.ts: 7ms, render: 24ms)
 GET /login 200 in 48ms (compile: 5ms, proxy.ts: 4ms, render: 39ms)
 GET /login 200 in 33ms (compile: 5ms, proxy.ts: 8ms, render: 21ms)
 GET /login 200 in 48ms (compile: 4ms, proxy.ts: 4ms, render: 40ms)
 GET /login 200 in 47ms (compile: 3ms, proxy.ts: 5ms, render: 39ms)
 GET /login 200 in 52ms (compile: 3ms, proxy.ts: 3ms, render: 47ms)
 GET /login 200 in 29ms (compile: 3ms, proxy.ts: 5ms, render: 21ms)
 GET /login 200 in 44ms (compile: 6ms, proxy.ts: 4ms, render: 34ms)
 GET /login 200 in 55ms (compile: 7ms, proxy.ts: 6ms, render: 41ms)
 GET /login 200 in 40ms (compile: 3ms, proxy.ts: 4ms, render: 34ms)
 GET /login 200 in 41ms (compile: 4ms, proxy.ts: 5ms, render: 32ms)
 GET /login 200 in 42ms (compile: 4ms, proxy.ts: 15ms, render: 24ms)
 GET /login 200 in 29ms (compile: 4ms, proxy.ts: 6ms, render: 20ms)
 GET /login 200 in 47ms (compile: 3ms, proxy.ts: 4ms, render: 39ms)
 GET /login 200 in 46ms (compile: 4ms, proxy.ts: 5ms, render: 37ms)
 GET /login 200 in 49ms (compile: 3ms, proxy.ts: 4ms, render: 42ms)
 GET /login 200 in 52ms (compile: 5ms, proxy.ts: 5ms, render: 42ms)
 GET /login 200 in 62ms (compile: 3ms, proxy.ts: 4ms, render: 56ms)
 GET /login 200 in 59ms (compile: 4ms, proxy.ts: 8ms, render: 47ms)
 GET /login 200 in 33ms (compile: 3ms, proxy.ts: 5ms, render: 25ms)
 GET /login 200 in 51ms (compile: 4ms, proxy.ts: 6ms, render: 41ms)
 GET /login 200 in 49ms (compile: 3ms, proxy.ts: 4ms, render: 42ms)
 GET /login 200 in 28ms (compile: 3ms, proxy.ts: 5ms, render: 19ms)
 GET /login 200 in 48ms (compile: 3ms, proxy.ts: 4ms, render: 42ms)
 GET /login 200 in 34ms (compile: 6ms, proxy.ts: 5ms, render: 23ms)
 GET /login 200 in 56ms (compile: 4ms, proxy.ts: 4ms, render: 47ms)
 GET /login 200 in 57ms (compile: 4ms, proxy.ts: 9ms, render: 43ms)
 GET /login 200 in 85ms (compile: 22ms, proxy.ts: 7ms, render: 56ms)
 GET /login 200 in 186ms (compile: 5ms, proxy.ts: 9ms, render: 173ms)
 GET /login 200 in 197ms (compile: 7ms, proxy.ts: 8ms, render: 182ms)
 GET /login 200 in 77ms (compile: 6ms, proxy.ts: 12ms, render: 60ms)
 GET /login 200 in 34ms (compile: 3ms, proxy.ts: 8ms, render: 22ms)
 GET /login 200 in 58ms (compile: 7ms, proxy.ts: 4ms, render: 47ms)
 GET /login 200 in 37ms (compile: 4ms, proxy.ts: 6ms, render: 28ms)
 GET /login 200 in 39ms (compile: 4ms, proxy.ts: 5ms, render: 31ms)
 GET /login 200 in 74ms (compile: 5ms, proxy.ts: 6ms, render: 64ms)
 GET /login 200 in 77ms (compile: 8ms, proxy.ts: 8ms, render: 62ms)
 GET /login 200 in 64ms (compile: 7ms, proxy.ts: 6ms, render: 52ms)
 GET /login 200 in 56ms (compile: 5ms, proxy.ts: 5ms, render: 46ms)
 GET /login 200 in 33ms (compile: 6ms, proxy.ts: 6ms, render: 21ms)
 GET /login 200 in 36ms (compile: 4ms, proxy.ts: 4ms, render: 28ms)
 GET /login 200 in 32ms (compile: 4ms, proxy.ts: 8ms, render: 20ms)
 GET /login 200 in 39ms (compile: 4ms, proxy.ts: 4ms, render: 32ms)
 GET /login 200 in 57ms (compile: 5ms, proxy.ts: 6ms, render: 46ms)
 GET /login 200 in 55ms (compile: 3ms, proxy.ts: 6ms, render: 46ms)
 GET /login 200 in 40ms (compile: 4ms, proxy.ts: 7ms, render: 29ms)
 GET /login 200 in 38ms (compile: 10ms, proxy.ts: 6ms, render: 23ms)
 GET /login 200 in 63ms (compile: 4ms, proxy.ts: 5ms, render: 55ms)
 GET /login 200 in 35ms (compile: 5ms, proxy.ts: 4ms, render: 25ms)
 GET /login 200 in 45ms (compile: 6ms, proxy.ts: 5ms, render: 34ms)
 GET /login 200 in 38ms (compile: 6ms, proxy.ts: 4ms, render: 27ms)
 GET /login 200 in 36ms (compile: 7ms, proxy.ts: 5ms, render: 24ms)
 GET /login 200 in 57ms (compile: 4ms, proxy.ts: 5ms, render: 48ms)
 GET /login 200 in 41ms (compile: 5ms, proxy.ts: 8ms, render: 28ms)
 GET /login 200 in 42ms (compile: 4ms, proxy.ts: 8ms, render: 30ms)
 GET /login 200 in 36ms (compile: 5ms, proxy.ts: 8ms, render: 23ms)
 GET /login 200 in 36ms (compile: 3ms, proxy.ts: 5ms, render: 28ms)
 GET /login 200 in 52ms (compile: 4ms, proxy.ts: 6ms, render: 42ms)
 GET /login 200 in 54ms (compile: 3ms, proxy.ts: 7ms, render: 44ms)
 GET /login 200 in 35ms (compile: 5ms, proxy.ts: 6ms, render: 23ms)
 GET /login 200 in 61ms (compile: 4ms, proxy.ts: 5ms, render: 52ms)
 GET /login 200 in 37ms (compile: 5ms, proxy.ts: 7ms, render: 25ms)
 GET /login 200 in 47ms (compile: 3ms, proxy.ts: 6ms, render: 37ms)
 GET /login 200 in 47ms (compile: 4ms, proxy.ts: 4ms, render: 39ms)
 GET /login 200 in 32ms (compile: 3ms, proxy.ts: 6ms, render: 23ms)
 GET /login 200 in 75ms (compile: 5ms, proxy.ts: 4ms, render: 67ms)
 GET /login 200 in 70ms (compile: 4ms, proxy.ts: 6ms, render: 61ms)
 GET /login 200 in 42ms (compile: 5ms, proxy.ts: 8ms, render: 29ms)
 GET /login 200 in 114ms (compile: 5ms, proxy.ts: 5ms, render: 105ms)
 GET /login 200 in 87ms (compile: 11ms, proxy.ts: 18ms, render: 59ms)
 GET /login 200 in 106ms (compile: 10ms, proxy.ts: 9ms, render: 87ms)
 GET /login 200 in 104ms (compile: 6ms, proxy.ts: 11ms, render: 86ms)
 GET /login 200 in 110ms (compile: 6ms, proxy.ts: 12ms, render: 92ms)
 GET /login 200 in 107ms (compile: 9ms, proxy.ts: 14ms, render: 84ms)
 GET /login 200 in 97ms (compile: 7ms, proxy.ts: 9ms, render: 81ms)
 GET /login 200 in 99ms (compile: 7ms, proxy.ts: 14ms, render: 78ms)
 GET /login 200 in 109ms (compile: 6ms, proxy.ts: 12ms, render: 92ms)
 GET /login 200 in 76ms (compile: 11ms, proxy.ts: 19ms, render: 45ms)
 GET /login 200 in 88ms (compile: 13ms, proxy.ts: 7ms, render: 69ms)
 GET /login 200 in 90ms (compile: 9ms, proxy.ts: 6ms, render: 75ms)
 GET /login 200 in 83ms (compile: 7ms, proxy.ts: 9ms, render: 67ms)
 GET /login 200 in 46ms (compile: 5ms, proxy.ts: 10ms, render: 32ms)
 GET /login 200 in 80ms (compile: 5ms, proxy.ts: 5ms, render: 70ms)
 GET /login 200 in 73ms (compile: 4ms, proxy.ts: 5ms, render: 64ms)
 GET /login 200 in 50ms (compile: 5ms, proxy.ts: 6ms, render: 39ms)
 GET /login 200 in 44ms (compile: 6ms, proxy.ts: 5ms, render: 32ms)
 GET /login 200 in 71ms (compile: 8ms, proxy.ts: 6ms, render: 57ms)
 GET /login 200 in 65ms (compile: 4ms, proxy.ts: 10ms, render: 51ms)
 GET /login 200 in 38ms (compile: 4ms, proxy.ts: 7ms, render: 27ms)
 GET /login 200 in 33ms (compile: 6ms, proxy.ts: 5ms, render: 22ms)
 GET /login 200 in 56ms (compile: 4ms, proxy.ts: 5ms, render: 48ms)
 GET /login 200 in 118ms (compile: 4ms, proxy.ts: 7ms, render: 107ms)
 GET /login 200 in 37ms (compile: 5ms, proxy.ts: 6ms, render: 26ms)
 GET /login 200 in 33ms (compile: 5ms, proxy.ts: 7ms, render: 21ms)
 GET /login 200 in 65ms (compile: 3ms, proxy.ts: 7ms, render: 55ms)
 GET /login 200 in 75ms (compile: 5ms, proxy.ts: 5ms, render: 65ms)
 GET /login 200 in 83ms (compile: 6ms, proxy.ts: 10ms, render: 66ms)
 GET /login 200 in 55ms (compile: 4ms, proxy.ts: 22ms, render: 29ms)
 GET /login 200 in 36ms (compile: 5ms, proxy.ts: 7ms, render: 24ms)
 GET /login 200 in 72ms (compile: 4ms, proxy.ts: 6ms, render: 62ms)
 GET /login 200 in 40ms (compile: 5ms, proxy.ts: 7ms, render: 29ms)
 GET /login 200 in 41ms (compile: 4ms, proxy.ts: 7ms, render: 30ms)
 GET /login 200 in 33ms (compile: 3ms, proxy.ts: 8ms, render: 22ms)
 GET /login 200 in 34ms (compile: 4ms, proxy.ts: 4ms, render: 26ms)
 GET /login 200 in 39ms (compile: 6ms, proxy.ts: 7ms, render: 26ms)
 GET /login 200 in 43ms (compile: 4ms, proxy.ts: 7ms, render: 31ms)
 GET /login 200 in 42ms (compile: 7ms, proxy.ts: 6ms, render: 30ms)
 GET /login 200 in 43ms (compile: 4ms, proxy.ts: 7ms, render: 32ms)
 GET /login 200 in 37ms (compile: 4ms, proxy.ts: 10ms, render: 23ms)
 GET /login 200 in 59ms (compile: 6ms, proxy.ts: 4ms, render: 49ms)
 GET /login 200 in 36ms (compile: 5ms, proxy.ts: 6ms, render: 25ms)
 GET /login 200 in 58ms (compile: 4ms, proxy.ts: 4ms, render: 50ms)
 GET /login 200 in 37ms (compile: 3ms, proxy.ts: 7ms, render: 27ms)
 GET /login 200 in 42ms (compile: 4ms, proxy.ts: 7ms, render: 32ms)
 GET /login 200 in 60ms (compile: 5ms, proxy.ts: 8ms, render: 48ms)
 GET /login 200 in 57ms (compile: 6ms, proxy.ts: 6ms, render: 46ms)
 GET /login 200 in 94ms (compile: 4ms, proxy.ts: 7ms, render: 83ms)
 GET /login 200 in 117ms (compile: 11ms, proxy.ts: 12ms, render: 94ms)
 GET /login 200 in 68ms (compile: 11ms, proxy.ts: 24ms, render: 34ms)
 GET /login 200 in 65ms (compile: 4ms, proxy.ts: 7ms, render: 54ms)
 GET /login 200 in 66ms (compile: 5ms, proxy.ts: 8ms, render: 53ms)
 GET /login 200 in 42ms (compile: 4ms, proxy.ts: 6ms, render: 31ms)
 GET /login 200 in 79ms (compile: 5ms, proxy.ts: 8ms, render: 66ms)
 GET /login 200 in 95ms (compile: 26ms, proxy.ts: 22ms, render: 47ms)
 GET /login 200 in 40ms (compile: 3ms, proxy.ts: 7ms, render: 30ms)
 GET /login 200 in 43ms (compile: 5ms, proxy.ts: 9ms, render: 30ms)
 GET /login 200 in 50ms (compile: 7ms, proxy.ts: 8ms, render: 35ms)
 GET /login 200 in 41ms (compile: 8ms, proxy.ts: 6ms, render: 28ms)
 GET /login 200 in 39ms (compile: 8ms, proxy.ts: 4ms, render: 27ms)
 GET /login 200 in 68ms (compile: 9ms, proxy.ts: 5ms, render: 55ms)
 GET /login 200 in 44ms (compile: 6ms, proxy.ts: 5ms, render: 34ms)
 GET /login 200 in 56ms (compile: 8ms, proxy.ts: 5ms, render: 42ms)
 GET /login 200 in 98ms (compile: 6ms, proxy.ts: 4ms, render: 87ms)
 GET /login 200 in 103ms (compile: 10ms, proxy.ts: 11ms, render: 82ms)
 GET /login 200 in 50ms (compile: 7ms, proxy.ts: 12ms, render: 32ms)
 GET /login 200 in 70ms (compile: 12ms, proxy.ts: 6ms, render: 52ms)
 GET /login 200 in 44ms (compile: 5ms, proxy.ts: 8ms, render: 31ms)
 GET /login 200 in 50ms (compile: -2759µs, proxy.ts: 12ms, render: 41ms)
 GET /login 200 in 50ms (compile: 5ms, proxy.ts: 6ms, render: 40ms)
 GET /login 200 in 52ms (compile: 4ms, proxy.ts: 6ms, render: 42ms)
 GET /login 200 in 37ms (compile: 3ms, proxy.ts: 5ms, render: 29ms)
 GET /login 200 in 39ms (compile: 8ms, proxy.ts: 7ms, render: 24ms)
 GET /login 200 in 35ms (compile: 6ms, proxy.ts: 6ms, render: 23ms)
 GET /login 200 in 29ms (compile: 3ms, proxy.ts: 5ms, render: 21ms)
 GET /login 200 in 32ms (compile: 4ms, proxy.ts: 5ms, render: 23ms)
 GET /login 200 in 31ms (compile: 4ms, proxy.ts: 4ms, render: 22ms)
 GET /login 200 in 33ms (compile: 5ms, proxy.ts: 5ms, render: 24ms)
 GET /login 200 in 34ms (compile: 4ms, proxy.ts: 6ms, render: 25ms)
 GET /login 200 in 33ms (compile: 4ms, proxy.ts: 6ms, render: 24ms)
 GET /login 200 in 34ms (compile: 4ms, proxy.ts: 4ms, render: 26ms)
 GET /login 200 in 44ms (compile: 3ms, proxy.ts: 5ms, render: 36ms)
 GET /login 200 in 35ms (compile: 7ms, proxy.ts: 6ms, render: 23ms)
 GET /login 200 in 35ms (compile: 4ms, proxy.ts: 4ms, render: 27ms)
 GET /login 200 in 34ms (compile: 6ms, proxy.ts: 6ms, render: 23ms)
 GET /login 200 in 28ms (compile: 4ms, proxy.ts: 4ms, render: 20ms)
 GET /login 200 in 26ms (compile: 4ms, proxy.ts: 5ms, render: 18ms)
 GET /login 200 in 26ms (compile: 4ms, proxy.ts: 4ms, render: 18ms)
 GET /login 200 in 27ms (compile: 3ms, proxy.ts: 5ms, render: 19ms)
 GET /login 200 in 30ms (compile: 3ms, proxy.ts: 5ms, render: 22ms)
 GET /login 200 in 58ms (compile: 4ms, proxy.ts: 5ms, render: 49ms)
 GET /login 200 in 46ms (compile: 7ms, proxy.ts: 5ms, render: 34ms)
 GET /login 200 in 69ms (compile: 4ms, proxy.ts: 7ms, render: 58ms)
 GET /login 200 in 190ms (compile: 6ms, proxy.ts: 8ms, render: 176ms)
 GET /login 200 in 156ms (compile: 121ms, proxy.ts: 6ms, render: 29ms)
 GET /login 200 in 34ms (compile: 5ms, proxy.ts: 5ms, render: 24ms)
 GET /login 200 in 35ms (compile: 4ms, proxy.ts: 5ms, render: 26ms)
 GET /login 200 in 35ms (compile: 5ms, proxy.ts: 6ms, render: 24ms)
 GET /login 200 in 32ms (compile: 5ms, proxy.ts: 5ms, render: 22ms)
 GET /login 200 in 29ms (compile: 4ms, proxy.ts: 4ms, render: 21ms)
 GET /login 200 in 27ms (compile: 4ms, proxy.ts: 5ms, render: 19ms)
 GET /login 200 in 48ms (compile: 23ms, proxy.ts: 5ms, render: 20ms)
 GET /login 200 in 57ms (compile: 5ms, proxy.ts: 4ms, render: 47ms)
 GET /login 200 in 59ms (compile: 4ms, proxy.ts: 6ms, render: 49ms)
 GET /login 200 in 72ms (compile: 2ms, proxy.ts: 4ms, render: 65ms)
 GET /login 200 in 98ms (compile: 15ms, proxy.ts: 10ms, render: 73ms)
 GET /login 200 in 63ms (compile: 8ms, proxy.ts: 13ms, render: 42ms)
 GET /login 200 in 63ms (compile: 4ms, proxy.ts: 7ms, render: 52ms)
 GET /login 200 in 63ms (compile: 2ms, proxy.ts: 6ms, render: 54ms)
 GET /login 200 in 73ms (compile: 6ms, proxy.ts: 9ms, render: 57ms)
 GET /login 200 in 82ms (compile: 8ms, proxy.ts: 9ms, render: 65ms)
 GET /login 200 in 68ms (compile: 4ms, proxy.ts: 9ms, render: 55ms)
 GET /login 200 in 83ms (compile: 4ms, proxy.ts: 7ms, render: 72ms)
 GET /login 200 in 81ms (compile: 5ms, proxy.ts: 13ms, render: 64ms)
✓ Compiled in 200ms
 GET /login 200 in 290ms (compile: 194ms, proxy.ts: 16ms, render: 80ms)
 GET /login 200 in 105ms (compile: 6ms, proxy.ts: 57ms, render: 43ms)
 GET /login 200 in 33ms (compile: 3ms, proxy.ts: 5ms, render: 25ms)
 GET /login 200 in 57ms (compile: 4ms, proxy.ts: 6ms, render: 47ms)
 GET /login 200 in 35ms (compile: 5ms, proxy.ts: 6ms, render: 24ms)
 GET /login 200 in 34ms (compile: 4ms, proxy.ts: 7ms, render: 23ms)
 GET /login 200 in 34ms (compile: 4ms, proxy.ts: 7ms, render: 23ms)
 GET /login 200 in 33ms (compile: 6ms, proxy.ts: 5ms, render: 21ms)
 GET /login 200 in 31ms (compile: 4ms, proxy.ts: 5ms, render: 22ms)
 GET /login 200 in 37ms (compile: 6ms, proxy.ts: 6ms, render: 26ms)
 GET /login 200 in 69ms (compile: 6ms, proxy.ts: 6ms, render: 57ms)
 GET /login 200 in 68ms (compile: 6ms, proxy.ts: 12ms, render: 50ms)
 GET /login 200 in 37ms (compile: 7ms, proxy.ts: 9ms, render: 21ms)
 GET /login 200 in 42ms (compile: 3ms, proxy.ts: 4ms, render: 35ms)
 GET /login 200 in 44ms (compile: 18ms, proxy.ts: 5ms, render: 21ms)
 GET /login 200 in 26ms (compile: 3ms, proxy.ts: 5ms, render: 18ms)
 GET /login 200 in 534ms (compile: 201ms, proxy.ts: 249ms, render: 85ms)
 GET /login 200 in 56ms (compile: 10ms, proxy.ts: 10ms, render: 36ms)
 GET /login 200 in 61ms (compile: 11ms, proxy.ts: 9ms, render: 41ms)
 GET /login 200 in 43ms (compile: 5ms, proxy.ts: 6ms, render: 32ms)
 GET /login 200 in 45ms (compile: 5ms, proxy.ts: 6ms, render: 34ms)
 GET /login 200 in 66ms (compile: 7ms, proxy.ts: 6ms, render: 54ms)
 GET /login 200 in 100ms (compile: 12ms, proxy.ts: 7ms, render: 80ms)
 GET /login 200 in 148ms (compile: 5ms, proxy.ts: 7ms, render: 136ms)
 GET /login 200 in 115ms (compile: 8ms, proxy.ts: 10ms, render: 97ms)
 GET /login 200 in 77ms (compile: 6ms, proxy.ts: 7ms, render: 65ms)
 GET /login 200 in 46ms (compile: 4ms, proxy.ts: 8ms, render: 34ms)
 GET /login 200 in 56ms (compile: 4ms, proxy.ts: 5ms, render: 47ms)
 GET /login 200 in 66ms (compile: 4ms, proxy.ts: 8ms, render: 55ms)
 GET /login 200 in 61ms (compile: 5ms, proxy.ts: 9ms, render: 48ms)
 GET /login 200 in 33ms (compile: 3ms, proxy.ts: 8ms, render: 22ms)
 GET /login 200 in 32ms (compile: 5ms, proxy.ts: 4ms, render: 23ms)
 GET /login 200 in 56ms (compile: 3ms, proxy.ts: 4ms, render: 48ms)
 GET /login 200 in 33ms (compile: 4ms, proxy.ts: 7ms, render: 22ms)
 GET /login 200 in 29ms (compile: 3ms, proxy.ts: 4ms, render: 22ms)
 GET /login 200 in 41ms (compile: 4ms, proxy.ts: 5ms, render: 32ms)
 GET /login 200 in 50ms (compile: 9ms, proxy.ts: 10ms, render: 31ms)
 GET /login 200 in 34ms (compile: 3ms, proxy.ts: 4ms, render: 27ms)
 GET /login 200 in 34ms (compile: 4ms, proxy.ts: 6ms, render: 24ms)
 GET /login 200 in 38ms (compile: 7ms, proxy.ts: 8ms, render: 23ms)
 GET /login 200 in 27ms (compile: 3ms, proxy.ts: 4ms, render: 20ms)
 GET /login 200 in 31ms (compile: 4ms, proxy.ts: 3ms, render: 24ms)
 GET /login 200 in 40ms (compile: 6ms, proxy.ts: 6ms, render: 28ms)
 GET /login 200 in 48ms (compile: 6ms, proxy.ts: 5ms, render: 36ms)
 GET /login 200 in 35ms (compile: 3ms, proxy.ts: 4ms, render: 28ms)
 GET /login 200 in 52ms (compile: 3ms, proxy.ts: 4ms, render: 45ms)
 GET /login 200 in 57ms (compile: 3ms, proxy.ts: 6ms, render: 48ms)
 GET /login 200 in 42ms (compile: 3ms, proxy.ts: 4ms, render: 35ms)
 GET /login 200 in 39ms (compile: 4ms, proxy.ts: 7ms, render: 28ms)
 GET /login 200 in 34ms (compile: 3ms, proxy.ts: 6ms, render: 24ms)
 GET /login 200 in 56ms (compile: 6ms, proxy.ts: 4ms, render: 46ms)
 GET /login 200 in 37ms (compile: 6ms, proxy.ts: 4ms, render: 27ms)
 GET /login 200 in 34ms (compile: 4ms, proxy.ts: 5ms, render: 25ms)
 GET /login 200 in 29ms (compile: 6ms, proxy.ts: 5ms, render: 19ms)
 GET /login 200 in 32ms (compile: 3ms, proxy.ts: 4ms, render: 25ms)
 GET /login 200 in 32ms (compile: 6ms, proxy.ts: 4ms, render: 22ms)
 GET /login 200 in 26ms (compile: 3ms, proxy.ts: 4ms, render: 19ms)
 GET /login 200 in 31ms (compile: 3ms, proxy.ts: 4ms, render: 24ms)
 GET /login 200 in 38ms (compile: 4ms, proxy.ts: 7ms, render: 26ms)
 GET /login 200 in 32ms (compile: 5ms, proxy.ts: 6ms, render: 21ms)
 GET /login 200 in 49ms (compile: 4ms, proxy.ts: 4ms, render: 41ms)
 GET /login 200 in 32ms (compile: 7ms, proxy.ts: 5ms, render: 20ms)
 GET /login 200 in 56ms (compile: 3ms, proxy.ts: 4ms, render: 49ms)
 GET /login 200 in 77ms (compile: 4ms, proxy.ts: 7ms, render: 66ms)
 GET /login 200 in 79ms (compile: 4ms, proxy.ts: 11ms, render: 64ms)
 GET /login 200 in 47ms (compile: 7ms, proxy.ts: 6ms, render: 34ms)
 GET /login 200 in 41ms (compile: 6ms, proxy.ts: 8ms, render: 27ms)
 GET /login 200 in 36ms (compile: 5ms, proxy.ts: 6ms, render: 26ms)
 GET /login 200 in 35ms (compile: 7ms, proxy.ts: 6ms, render: 23ms)
 GET /login 200 in 53ms (compile: 4ms, proxy.ts: 4ms, render: 45ms)
 GET /login 200 in 36ms (compile: 4ms, proxy.ts: 7ms, render: 25ms)
 GET /login 200 in 35ms (compile: 5ms, proxy.ts: 5ms, render: 25ms)
 GET /login 200 in 35ms (compile: 3ms, proxy.ts: 4ms, render: 27ms)
 GET /login 200 in 58ms (compile: 6ms, proxy.ts: 9ms, render: 43ms)
 GET /login 200 in 31ms (compile: 3ms, proxy.ts: 7ms, render: 22ms)
 GET /login 200 in 64ms (compile: 6ms, proxy.ts: 4ms, render: 54ms)
 GET /login 200 in 60ms (compile: 4ms, proxy.ts: 6ms, render: 50ms)
 GET /login 200 in 41ms (compile: 3ms, proxy.ts: 5ms, render: 34ms)
 GET /login 200 in 36ms (compile: 4ms, proxy.ts: 4ms, render: 28ms)
 GET /login 200 in 56ms (compile: 6ms, proxy.ts: 7ms, render: 43ms)
 GET /login 200 in 52ms (compile: 3ms, proxy.ts: 6ms, render: 43ms)
 GET /login 200 in 33ms (compile: 3ms, proxy.ts: 7ms, render: 23ms)
 GET /login 200 in 35ms (compile: 4ms, proxy.ts: 4ms, render: 27ms)
 GET /login 200 in 28ms (compile: 3ms, proxy.ts: 4ms, render: 21ms)
 GET /login 200 in 31ms (compile: 4ms, proxy.ts: 4ms, render: 23ms)
 GET /login 200 in 32ms (compile: 4ms, proxy.ts: 5ms, render: 23ms)
 GET /login 200 in 32ms (compile: 5ms, proxy.ts: 4ms, render: 22ms)
 GET /login 200 in 38ms (compile: 3ms, proxy.ts: 4ms, render: 31ms)
 GET /login 200 in 35ms (compile: 4ms, proxy.ts: 8ms, render: 24ms)
 GET /login 200 in 30ms (compile: 6ms, proxy.ts: 4ms, render: 20ms)
 GET /login 200 in 26ms (compile: 3ms, proxy.ts: 4ms, render: 20ms)
 GET /login 200 in 29ms (compile: 5ms, proxy.ts: 4ms, render: 20ms)
 GET /login 200 in 32ms (compile: 4ms, proxy.ts: 5ms, render: 23ms)
 GET /login 200 in 32ms (compile: 6ms, proxy.ts: 5ms, render: 22ms)
 GET /login 200 in 37ms (compile: 4ms, proxy.ts: 6ms, render: 28ms)
 GET /login 200 in 32ms (compile: 3ms, proxy.ts: 5ms, render: 24ms)
 GET /login 200 in 32ms (compile: 4ms, proxy.ts: 5ms, render: 22ms)
 GET /login 200 in 54ms (compile: 4ms, proxy.ts: 5ms, render: 45ms)
 GET /login 200 in 39ms (compile: 4ms, proxy.ts: 6ms, render: 30ms)
 GET /login 200 in 37ms (compile: 4ms, proxy.ts: 7ms, render: 26ms)
 GET /login 200 in 35ms (compile: 7ms, proxy.ts: 5ms, render: 23ms)
 GET /login 200 in 66ms (compile: 4ms, proxy.ts: 5ms, render: 57ms)
 GET /login 200 in 60ms (compile: 5ms, proxy.ts: 5ms, render: 50ms)
 GET /login 200 in 55ms (compile: 4ms, proxy.ts: 5ms, render: 45ms)
 GET /login 200 in 62ms (compile: 3ms, proxy.ts: 6ms, render: 53ms)
 GET /login 200 in 43ms (compile: 4ms, proxy.ts: 8ms, render: 31ms)
 GET /login 200 in 35ms (compile: 6ms, proxy.ts: 6ms, render: 23ms)
 GET /login 200 in 37ms (compile: 5ms, proxy.ts: 5ms, render: 27ms)
 GET /login 200 in 42ms (compile: 4ms, proxy.ts: 6ms, render: 32ms)
 GET /login 200 in 33ms (compile: 4ms, proxy.ts: 5ms, render: 24ms)
 GET /login 200 in 32ms (compile: 4ms, proxy.ts: 6ms, render: 23ms)
 GET /login 200 in 71ms (compile: 8ms, proxy.ts: 5ms, render: 59ms)
 GET /login 200 in 36ms (compile: 3ms, proxy.ts: 5ms, render: 28ms)
 GET /login 200 in 63ms (compile: 4ms, proxy.ts: 7ms, render: 52ms)
 GET /login 200 in 63ms (compile: 6ms, proxy.ts: 8ms, render: 49ms)
 GET /login 200 in 33ms (compile: 3ms, proxy.ts: 7ms, render: 23ms)
 GET /login 200 in 38ms (compile: 7ms, proxy.ts: 4ms, render: 26ms)
 GET /login 200 in 59ms (compile: 5ms, proxy.ts: 6ms, render: 48ms)
 GET /login 200 in 60ms (compile: 3ms, proxy.ts: 6ms, render: 51ms)
 GET /login 200 in 62ms (compile: 5ms, proxy.ts: 8ms, render: 49ms)
 GET /login 200 in 40ms (compile: 4ms, proxy.ts: 8ms, render: 29ms)
 GET /login 200 in 33ms (compile: 6ms, proxy.ts: 4ms, render: 23ms)
 GET /login 200 in 61ms (compile: 5ms, proxy.ts: 5ms, render: 51ms)
 GET /login 200 in 61ms (compile: 4ms, proxy.ts: 9ms, render: 47ms)
 GET /login 200 in 65ms (compile: 3ms, proxy.ts: 6ms, render: 56ms)
 GET /login 200 in 84ms (compile: 7ms, proxy.ts: 5ms, render: 72ms)
 GET /login 200 in 69ms (compile: 9ms, proxy.ts: 11ms, render: 49ms)
 GET /login 200 in 33ms (compile: 6ms, proxy.ts: 5ms, render: 23ms)
 GET /login 200 in 41ms (compile: 3ms, proxy.ts: 4ms, render: 34ms)
 GET /login 200 in 40ms (compile: 6ms, proxy.ts: 4ms, render: 30ms)
 GET /login 200 in 38ms (compile: 6ms, proxy.ts: 9ms, render: 23ms)
 GET /login 200 in 33ms (compile: 3ms, proxy.ts: 5ms, render: 25ms)
 GET /login 200 in 36ms (compile: 6ms, proxy.ts: 5ms, render: 25ms)
 GET /login 200 in 34ms (compile: 5ms, proxy.ts: 4ms, render: 25ms)
 GET /login 200 in 38ms (compile: 4ms, proxy.ts: 5ms, render: 29ms)
 GET /login 200 in 41ms (compile: 5ms, proxy.ts: 10ms, render: 26ms)
 GET /login 200 in 32ms (compile: 4ms, proxy.ts: 7ms, render: 20ms)
 GET /login 200 in 56ms (compile: 4ms, proxy.ts: 4ms, render: 47ms)
 GET /login 200 in 39ms (compile: 4ms, proxy.ts: 6ms, render: 29ms)
 GET /login 200 in 50ms (compile: 4ms, proxy.ts: 8ms, render: 38ms)
 GET /login 200 in 32ms (compile: 4ms, proxy.ts: 5ms, render: 23ms)
 GET /login 200 in 37ms (compile: 4ms, proxy.ts: 6ms, render: 27ms)
 GET /login 200 in 36ms (compile: 6ms, proxy.ts: 5ms, render: 25ms)
 GET /login 200 in 36ms (compile: 6ms, proxy.ts: 5ms, render: 25ms)
 GET /login 200 in 37ms (compile: 4ms, proxy.ts: 5ms, render: 27ms)
 GET /login 200 in 44ms (compile: 6ms, proxy.ts: 7ms, render: 32ms)
 GET /login 200 in 36ms (compile: 3ms, proxy.ts: 3ms, render: 29ms)
 GET /login 200 in 33ms (compile: 5ms, proxy.ts: 7ms, render: 21ms)
 GET /login 200 in 48ms (compile: 5ms, proxy.ts: 4ms, render: 40ms)
 GET /login 200 in 33ms (compile: 3ms, proxy.ts: 5ms, render: 25ms)
 GET /login 200 in 37ms (compile: 6ms, proxy.ts: 6ms, render: 26ms)
 GET /login 200 in 31ms (compile: 7ms, proxy.ts: 5ms, render: 20ms)
 GET /login 200 in 35ms (compile: 3ms, proxy.ts: 5ms, render: 27ms)
 GET /login 200 in 32ms (compile: 5ms, proxy.ts: 7ms, render: 20ms)
 GET /login 200 in 33ms (compile: 5ms, proxy.ts: 5ms, render: 23ms)
 GET /login 200 in 32ms (compile: 4ms, proxy.ts: 4ms, render: 24ms)
 GET /login 200 in 59ms (compile: 6ms, proxy.ts: 7ms, render: 47ms)
 GET /login 200 in 33ms (compile: 5ms, proxy.ts: 5ms, render: 22ms)
 GET /login 200 in 32ms (compile: 4ms, proxy.ts: 4ms, render: 24ms)
 GET /login 200 in 36ms (compile: 4ms, proxy.ts: 7ms, render: 25ms)
 GET /login 200 in 36ms (compile: 5ms, proxy.ts: 6ms, render: 25ms)
 GET /login 200 in 34ms (compile: 4ms, proxy.ts: 5ms, render: 25ms)
 GET /login 200 in 44ms (compile: 4ms, proxy.ts: 6ms, render: 34ms)
 GET /login 200 in 58ms (compile: 5ms, proxy.ts: 5ms, render: 48ms)
 GET /login 200 in 35ms (compile: 4ms, proxy.ts: 5ms, render: 26ms)
 GET /login 200 in 57ms (compile: 3ms, proxy.ts: 7ms, render: 47ms)
 GET /login 200 in 58ms (compile: 4ms, proxy.ts: 6ms, render: 49ms)
 GET /login 200 in 59ms (compile: 4ms, proxy.ts: 5ms, render: 51ms)
 GET /login 200 in 40ms (compile: 6ms, proxy.ts: 7ms, render: 28ms)
 GET /login 200 in 63ms (compile: 5ms, proxy.ts: 6ms, render: 51ms)
 GET /login 200 in 64ms (compile: 3ms, proxy.ts: 7ms, render: 53ms)
 GET /login 200 in 77ms (compile: 4ms, proxy.ts: 6ms, render: 67ms)
 GET /login 200 in 80ms (compile: 5ms, proxy.ts: 7ms, render: 67ms)
 GET /login 200 in 50ms (compile: 7ms, proxy.ts: 7ms, render: 37ms)
 GET /login 200 in 237ms (compile: 11ms, proxy.ts: 9ms, render: 216ms)
 GET /login 200 in 210ms (compile: 8ms, proxy.ts: 9ms, render: 194ms)
 GET /login 200 in 98ms (compile: 18ms, proxy.ts: 8ms, render: 72ms)
 GET /login 200 in 65ms (compile: 4ms, proxy.ts: 8ms, render: 53ms)
 GET /login 200 in 71ms (compile: 4ms, proxy.ts: 8ms, render: 59ms)
 GET /login 200 in 49ms (compile: 7ms, proxy.ts: 12ms, render: 30ms)
 GET /login 200 in 40ms (compile: 5ms, proxy.ts: 5ms, render: 30ms)
 GET /login 200 in 37ms (compile: 4ms, proxy.ts: 5ms, render: 28ms)
 GET /login 200 in 41ms (compile: 5ms, proxy.ts: 8ms, render: 27ms)
 GET /login 200 in 64ms (compile: 5ms, proxy.ts: 8ms, render: 51ms)
 GET /login 200 in 61ms (compile: 4ms, proxy.ts: 6ms, render: 52ms)
 GET /login 200 in 41ms (compile: 3ms, proxy.ts: 8ms, render: 31ms)
 GET /login 200 in 43ms (compile: 6ms, proxy.ts: 5ms, render: 32ms)
 GET /login 200 in 33ms (compile: 4ms, proxy.ts: 7ms, render: 22ms)
 GET /login 200 in 60ms (compile: 5ms, proxy.ts: 5ms, render: 51ms)
 GET /login 200 in 64ms (compile: 4ms, proxy.ts: 7ms, render: 53ms)
 GET /login 200 in 56ms (compile: 4ms, proxy.ts: 8ms, render: 44ms)
 GET /login 200 in 91ms (compile: 11ms, proxy.ts: 15ms, render: 64ms)
 GET /login 200 in 65ms (compile: 4ms, proxy.ts: 8ms, render: 52ms)
 GET /login 200 in 36ms (compile: 5ms, proxy.ts: 10ms, render: 21ms)
 GET /login 200 in 29ms (compile: 4ms, proxy.ts: 4ms, render: 22ms)
 GET /login 200 in 87ms (compile: 8ms, proxy.ts: 3ms, render: 75ms)
 GET /login 200 in 79ms (compile: 4ms, proxy.ts: 5ms, render: 70ms)
 GET /login 200 in 55ms (compile: 6ms, proxy.ts: 6ms, render: 43ms)
 GET /login 200 in 59ms (compile: 4ms, proxy.ts: 7ms, render: 48ms)
 GET /login 200 in 78ms (compile: 4ms, proxy.ts: 9ms, render: 65ms)
 GET /login 200 in 58ms (compile: 5ms, proxy.ts: 12ms, render: 41ms)
 GET /login 200 in 66ms (compile: 8ms, proxy.ts: 8ms, render: 51ms)
 GET /login 200 in 53ms (compile: 4ms, proxy.ts: 7ms, render: 41ms)
 GET /login 200 in 30ms (compile: 3ms, proxy.ts: 7ms, render: 19ms)
 GET /login 200 in 23ms (compile: 3ms, proxy.ts: 3ms, render: 17ms)
 GET /login 200 in 23ms (compile: 3ms, proxy.ts: 3ms, render: 17ms)
 GET /login 200 in 24ms (compile: 3ms, proxy.ts: 3ms, render: 17ms)
 GET /login 200 in 29ms (compile: 5ms, proxy.ts: 4ms, render: 21ms)
 GET /login 200 in 32ms (compile: 5ms, proxy.ts: 5ms, render: 22ms)
 GET /login 200 in 56ms (compile: 3ms, proxy.ts: 3ms, render: 50ms)
 GET /login 200 in 50ms (compile: 4ms, proxy.ts: 5ms, render: 41ms)
 GET /login 200 in 42ms (compile: 3ms, proxy.ts: 6ms, render: 33ms)
 GET /login 200 in 57ms (compile: 5ms, proxy.ts: 5ms, render: 48ms)
 GET /login 200 in 54ms (compile: 4ms, proxy.ts: 6ms, render: 43ms)
 GET /login 200 in 51ms (compile: 4ms, proxy.ts: 4ms, render: 43ms)
 GET /login 200 in 49ms (compile: 3ms, proxy.ts: 4ms, render: 41ms)
 GET /login 200 in 31ms (compile: 4ms, proxy.ts: 5ms, render: 22ms)
 GET /login 200 in 33ms (compile: 4ms, proxy.ts: 4ms, render: 25ms)
 GET /login 200 in 34ms (compile: 4ms, proxy.ts: 5ms, render: 25ms)
 GET /login 200 in 35ms (compile: 4ms, proxy.ts: 6ms, render: 25ms)
 GET /login 200 in 37ms (compile: 4ms, proxy.ts: 5ms, render: 29ms)
 GET /login 200 in 38ms (compile: 4ms, proxy.ts: 9ms, render: 25ms)
 GET /login 200 in 32ms (compile: 4ms, proxy.ts: 5ms, render: 23ms)
 GET /login 200 in 34ms (compile: 5ms, proxy.ts: 5ms, render: 25ms)
 GET /login 200 in 57ms (compile: 5ms, proxy.ts: 6ms, render: 46ms)
 GET /login 200 in 39ms (compile: 6ms, proxy.ts: 5ms, render: 28ms)
 GET /login 200 in 33ms (compile: 7ms, proxy.ts: 5ms, render: 22ms)
 GET /login 200 in 34ms (compile: 4ms, proxy.ts: 5ms, render: 25ms)
 GET /login 200 in 47ms (compile: 4ms, proxy.ts: 6ms, render: 37ms)
 GET /login 200 in 38ms (compile: 5ms, proxy.ts: 5ms, render: 28ms)
 GET /login 200 in 37ms (compile: 5ms, proxy.ts: 6ms, render: 26ms)
 GET /login 200 in 37ms (compile: 5ms, proxy.ts: 5ms, render: 26ms)
 GET /login 200 in 67ms (compile: 6ms, proxy.ts: 5ms, render: 55ms)
 GET /login 200 in 42ms (compile: 6ms, proxy.ts: 9ms, render: 27ms)
 GET /login 200 in 38ms (compile: 7ms, proxy.ts: 5ms, render: 25ms)
 GET /login 200 in 38ms (compile: 7ms, proxy.ts: 4ms, render: 26ms)
 GET /login 200 in 34ms (compile: 4ms, proxy.ts: 5ms, render: 25ms)
 GET /login 200 in 57ms (compile: 5ms, proxy.ts: 5ms, render: 47ms)
 GET /login 200 in 32ms (compile: 3ms, proxy.ts: 7ms, render: 22ms)
 GET /login 200 in 35ms (compile: 7ms, proxy.ts: 4ms, render: 24ms)
 GET /login 200 in 35ms (compile: 4ms, proxy.ts: 5ms, render: 26ms)
 GET /login 200 in 58ms (compile: 4ms, proxy.ts: 6ms, render: 48ms)
 GET /login 200 in 34ms (compile: 4ms, proxy.ts: 7ms, render: 23ms)
 GET /login 200 in 33ms (compile: 5ms, proxy.ts: 4ms, render: 24ms)
 GET /login 200 in 37ms (compile: 4ms, proxy.ts: 4ms, render: 29ms)
 GET /login 200 in 38ms (compile: 3ms, proxy.ts: 5ms, render: 31ms)
 GET /login 200 in 55ms (compile: 3ms, proxy.ts: 4ms, render: 49ms)
 GET /login 200 in 36ms (compile: 5ms, proxy.ts: 5ms, render: 26ms)
 GET /login 200 in 29ms (compile: 3ms, proxy.ts: 7ms, render: 20ms)
 GET /login 200 in 53ms (compile: 3ms, proxy.ts: 4ms, render: 46ms)
 GET /login 200 in 34ms (compile: 3ms, proxy.ts: 9ms, render: 22ms)
 GET /login 200 in 44ms (compile: 3ms, proxy.ts: 3ms, render: 38ms)
 GET /login 200 in 29ms (compile: 3ms, proxy.ts: 6ms, render: 20ms)
 GET /login 200 in 55ms (compile: 4ms, proxy.ts: 3ms, render: 47ms)
 GET /login 200 in 34ms (compile: 6ms, proxy.ts: 6ms, render: 22ms)
 GET /login 200 in 27ms (compile: 5ms, proxy.ts: 3ms, render: 19ms)
 GET /login 200 in 30ms (compile: 4ms, proxy.ts: 6ms, render: 20ms)
 GET /login 200 in 36ms (compile: 3ms, proxy.ts: 5ms, render: 28ms)
 GET /login 200 in 38ms (compile: 3ms, proxy.ts: 5ms, render: 30ms)
 GET /login 200 in 28ms (compile: 4ms, proxy.ts: 3ms, render: 21ms)
 GET /login 200 in 58ms (compile: 7ms, proxy.ts: 5ms, render: 46ms)
 GET /login 200 in 36ms (compile: 4ms, proxy.ts: 5ms, render: 27ms)
 GET /login 200 in 45ms (compile: 4ms, proxy.ts: 5ms, render: 36ms)
 GET /login 200 in 48ms (compile: 4ms, proxy.ts: 6ms, render: 38ms)
 GET /login 200 in 34ms (compile: 4ms, proxy.ts: 8ms, render: 21ms)
 GET /login 200 in 33ms (compile: 3ms, proxy.ts: 4ms, render: 26ms)
 GET /login 200 in 64ms (compile: 6ms, proxy.ts: 8ms, render: 50ms)
 GET /login 200 in 57ms (compile: 4ms, proxy.ts: 8ms, render: 45ms)
 GET /login 200 in 32ms (compile: 3ms, proxy.ts: 7ms, render: 21ms)
 GET /login 200 in 57ms (compile: 4ms, proxy.ts: 4ms, render: 49ms)
 GET /login 200 in 61ms (compile: 4ms, proxy.ts: 6ms, render: 50ms)
 GET /login 200 in 44ms (compile: 4ms, proxy.ts: 8ms, render: 31ms)
 GET /login 200 in 64ms (compile: 6ms, proxy.ts: 7ms, render: 51ms)
 GET /login 200 in 34ms (compile: 4ms, proxy.ts: 10ms, render: 20ms)
✓ Compiled in 344ms
 GET /test-portfolio-allocation 200 in 1282ms (compile: 1017ms, proxy.ts: 75ms, render: 190ms)
 GET /test-portfolio-allocation 404 in 98ms (compile: 41ms, proxy.ts: 7ms, render: 50ms)
 GET /test-portfolio-allocation 404 in 52ms (compile: 13ms, proxy.ts: 7ms, render: 32ms)
 GET /test-portfolio-allocation 404 in 35ms (compile: 7ms, proxy.ts: 4ms, render: 24ms)
 GET /test-badges 200 in 442ms (compile: 398ms, proxy.ts: 5ms, render: 39ms)
 GET /test-portfolio-allocation 200 in 49ms (compile: 5ms, proxy.ts: 5ms, render: 39ms)
⨯ Error: ENOENT: no such file or directory, open 'C:\Users\janpa\cd\development\fin\.next\dev\server\app\test-portfolio-allocation\page\build-manifest.json'
    at ignore-listed frames {
  errno: -4058,
  code: 'ENOENT',
  syscall: 'open',
  path: 'C:\\Users\\janpa\\cd\\development\\fin\\.next\\dev\\server\\app\\test-portfolio-allocation\\page\\build-manifest.json'
}
⨯ Error: ENOENT: no such file or directory, open 'C:\Users\janpa\cd\development\fin\.next\dev\server\pages\_app\build-manifest.json'
    at ignore-listed frames {
  errno: -4058,
  code: 'ENOENT',
  syscall: 'open',
  path: 'C:\\Users\\janpa\\cd\\development\\fin\\.next\\dev\\server\\pages\\_app\\build-manifest.json'
}
Error: ENOENT: no such file or directory, open 'C:\Users\janpa\cd\development\fin\.next\dev\server\app\test-portfolio-allocation\page\build-manifest.json'
    at ignore-listed frames {
  errno: -4058,
  code: 'ENOENT',
  syscall: 'open',
  path: 'C:\\Users\\janpa\\cd\\development\\fin\\.next\\dev\\server\\app\\test-portfolio-allocation\\page\\build-manifest.json'
}
⨯ Error: ENOENT: no such file or directory, open 'C:\Users\janpa\cd\development\fin\.next\dev\server\pages\_app\build-manifest.json'
    at ignore-listed frames {
  errno: -4058,
  code: 'ENOENT',
  syscall: 'open',
  path: 'C:\\Users\\janpa\\cd\\development\\fin\\.next\\dev\\server\\pages\\_app\\build-manifest.json'
}
Error: ENOENT: no such file or directory, open 'C:\Users\janpa\cd\development\fin\.next\dev\server\pages\_app\build-manifest.json'
    at ignore-listed frames {
  errno: -4058,
  code: 'ENOENT',
  syscall: 'open',
  path: 'C:\\Users\\janpa\\cd\\development\\fin\\.next\\dev\\server\\pages\\_app\\build-manifest.json'
}
✓ Compiled in 183ms
✓ Compiled in 886ms
✓ Compiled in 191ms
✓ Compiled in 222ms
✓ Compiled in 256ms
✓ Compiled in 425ms
✓ Compiled in 380ms
Terminated
