
> fin@0.2.0 dev
> next dev -p 3150

▲ Next.js 16.1.6 (Turbopack)
- Local:         http://localhost:3150
- Network:       http://192.168.86.37:3150
- Environments: .env.local
- Experiments (use with caution):
  ⨯ turbopackFileSystemCacheForDev

✓ Starting...
✓ Ready in 1014ms
 GET /api/health 200 in 849ms (compile: 421ms, proxy.ts: 138ms, render: 290ms)
 GET /test-asset-crud 200 in 3.5s (compile: 3.0s, proxy.ts: 9ms, render: 441ms)
⨯ Error: Cannot find module '../../chunks/ssr/[turbopack]_runtime.js'
Require stack:
- C:\Users\janpa\cd\development\fin\.next\dev\server\app\login\page.js
- C:\Users\janpa\cd\development\fin\node_modules\next\dist\server\require.js
- C:\Users\janpa\cd\development\fin\node_modules\next\dist\server\load-components.js
- C:\Users\janpa\cd\development\fin\node_modules\next\dist\build\utils.js
- C:\Users\janpa\cd\development\fin\node_modules\next\dist\build\swc\options.js
- C:\Users\janpa\cd\development\fin\node_modules\next\dist\build\swc\index.js
- C:\Users\janpa\cd\development\fin\node_modules\next\dist\build\next-config-ts\transpile-config.js
- C:\Users\janpa\cd\development\fin\node_modules\next\dist\server\config.js
- C:\Users\janpa\cd\development\fin\node_modules\next\dist\server\next.js
- C:\Users\janpa\cd\development\fin\node_modules\next\dist\server\lib\start-server.js
    at Object.<anonymous> (C:\Users\janpa\cd\development\fin\.next\dev\server\app\login\page.js:1:7) {
  code: 'MODULE_NOT_FOUND',
  requireStack: [Array],
  page: '/login'
}
⨯ Error: Cannot find module '../chunks/ssr/[turbopack]_runtime.js'
Require stack:
- C:\Users\janpa\cd\development\fin\.next\dev\server\pages\_document.js
- C:\Users\janpa\cd\development\fin\node_modules\next\dist\server\require.js
- C:\Users\janpa\cd\development\fin\node_modules\next\dist\server\load-components.js
- C:\Users\janpa\cd\development\fin\node_modules\next\dist\build\utils.js
- C:\Users\janpa\cd\development\fin\node_modules\next\dist\build\swc\options.js
- C:\Users\janpa\cd\development\fin\node_modules\next\dist\build\swc\index.js
- C:\Users\janpa\cd\development\fin\node_modules\next\dist\build\next-config-ts\transpile-config.js
- C:\Users\janpa\cd\development\fin\node_modules\next\dist\server\config.js
- C:\Users\janpa\cd\development\fin\node_modules\next\dist\server\next.js
- C:\Users\janpa\cd\development\fin\node_modules\next\dist\server\lib\start-server.js
    at Object.<anonymous> (C:\Users\janpa\cd\development\fin\.next\dev\server\pages\_document.js:1:7) {
  code: 'MODULE_NOT_FOUND',
  requireStack: [Array]
}
 GET /login?redirectTo=%2Fcore%2Fassets 500 in 1790ms (compile: 1649ms, proxy.ts: 6ms, render: 135ms)
⚠ Fast Refresh had to perform a full reload due to a runtime error.
⚠ Fast Refresh had to perform a full reload when ./node_modules/next/dist/shared/lib/router/router.js changed. Read more: https://nextjs.org/docs/messages/fast-refresh-reload
⚠ Fast Refresh had to perform a full reload due to a runtime error.
⚠ Fast Refresh had to perform a full reload due to a runtime error.
⚠ Fast Refresh had to perform a full reload when ./node_modules/next/dist/shared/lib/router/router.js changed. Read more: https://nextjs.org/docs/messages/fast-refresh-reload
⚠ Fast Refresh had to perform a full reload due to a runtime error.
✓ Compiled in 1992ms
⨯ Error: ENOENT: no such file or directory, open 'C:\Users\janpa\cd\development\fin\.next\dev\server\app\login\page\build-manifest.json'
    at ignore-listed frames {
  errno: -4058,
  code: 'ENOENT',
  syscall: 'open',
  path: 'C:\\Users\\janpa\\cd\\development\\fin\\.next\\dev\\server\\app\\login\\page\\build-manifest.json'
}
⨯ Error: Cannot find module '../chunks/ssr/[turbopack]_runtime.js'
Require stack:
- C:\Users\janpa\cd\development\fin\.next\dev\server\pages\_document.js
- C:\Users\janpa\cd\development\fin\node_modules\next\dist\server\require.js
- C:\Users\janpa\cd\development\fin\node_modules\next\dist\server\load-components.js
- C:\Users\janpa\cd\development\fin\node_modules\next\dist\build\utils.js
- C:\Users\janpa\cd\development\fin\node_modules\next\dist\build\swc\options.js
- C:\Users\janpa\cd\development\fin\node_modules\next\dist\build\swc\index.js
- C:\Users\janpa\cd\development\fin\node_modules\next\dist\build\next-config-ts\transpile-config.js
- C:\Users\janpa\cd\development\fin\node_modules\next\dist\server\config.js
- C:\Users\janpa\cd\development\fin\node_modules\next\dist\server\next.js
- C:\Users\janpa\cd\development\fin\node_modules\next\dist\server\lib\start-server.js
    at Object.<anonymous> (C:\Users\janpa\cd\development\fin\.next\dev\server\pages\_document.js:1:7) {
  code: 'MODULE_NOT_FOUND',
  requireStack: [Array]
}
 GET /login?redirectTo=%2Fcore%2Fassets 500 in 710ms (compile: 248ms, proxy.ts: 445ms, render: 17ms)
⨯ Error: ENOENT: no such file or directory, open 'C:\Users\janpa\cd\development\fin\.next\dev\server\app\login\page\build-manifest.json'
    at ignore-listed frames {
  errno: -4058,
  code: 'ENOENT',
  syscall: 'open',
  path: 'C:\\Users\\janpa\\cd\\development\\fin\\.next\\dev\\server\\app\\login\\page\\build-manifest.json'
}
✓ Compiled in 712ms
⨯ Error: ENOENT: no such file or directory, open 'C:\Users\janpa\cd\development\fin\.next\dev\server\app\login\page\build-manifest.json'
    at ignore-listed frames {
  errno: -4058,
  code: 'ENOENT',
  syscall: 'open',
  path: 'C:\\Users\\janpa\\cd\\development\\fin\\.next\\dev\\server\\app\\login\\page\\build-manifest.json'
}
⨯ Error: ENOENT: no such file or directory, open 'C:\Users\janpa\cd\development\fin\.next\dev\server\app\login\page\build-manifest.json'
    at ignore-listed frames {
  errno: -4058,
  code: 'ENOENT',
  syscall: 'open',
  path: 'C:\\Users\\janpa\\cd\\development\\fin\\.next\\dev\\server\\app\\login\\page\\build-manifest.json'
}
⨯ Error: Cannot find module '../chunks/ssr/[turbopack]_runtime.js'
Require stack:
- C:\Users\janpa\cd\development\fin\.next\dev\server\pages\_document.js
- C:\Users\janpa\cd\development\fin\node_modules\next\dist\server\require.js
- C:\Users\janpa\cd\development\fin\node_modules\next\dist\server\load-components.js
- C:\Users\janpa\cd\development\fin\node_modules\next\dist\build\utils.js
- C:\Users\janpa\cd\development\fin\node_modules\next\dist\build\swc\options.js
- C:\Users\janpa\cd\development\fin\node_modules\next\dist\build\swc\index.js
- C:\Users\janpa\cd\development\fin\node_modules\next\dist\build\next-config-ts\transpile-config.js
- C:\Users\janpa\cd\development\fin\node_modules\next\dist\server\config.js
- C:\Users\janpa\cd\development\fin\node_modules\next\dist\server\next.js
- C:\Users\janpa\cd\development\fin\node_modules\next\dist\server\lib\start-server.js
    at Object.<anonymous> (C:\Users\janpa\cd\development\fin\.next\dev\server\pages\_document.js:1:7) {
  code: 'MODULE_NOT_FOUND',
  requireStack: [Array]
}
 GET /login?redirectTo=%2Fcore%2Fassets 500 in 75ms (compile: 62ms, proxy.ts: 6ms, render: 8ms)
⨯ Error: ENOENT: no such file or directory, open 'C:\Users\janpa\cd\development\fin\.next\dev\server\app\login\page\build-manifest.json'
    at ignore-listed frames {
  errno: -4058,
  code: 'ENOENT',
  syscall: 'open',
  path: 'C:\\Users\\janpa\\cd\\development\\fin\\.next\\dev\\server\\app\\login\\page\\build-manifest.json'
}
⨯ Error: Cannot find module '../chunks/ssr/[turbopack]_runtime.js'
Require stack:
- C:\Users\janpa\cd\development\fin\.next\dev\server\pages\_document.js
- C:\Users\janpa\cd\development\fin\node_modules\next\dist\server\require.js
- C:\Users\janpa\cd\development\fin\node_modules\next\dist\server\load-components.js
- C:\Users\janpa\cd\development\fin\node_modules\next\dist\build\utils.js
- C:\Users\janpa\cd\development\fin\node_modules\next\dist\build\swc\options.js
- C:\Users\janpa\cd\development\fin\node_modules\next\dist\build\swc\index.js
- C:\Users\janpa\cd\development\fin\node_modules\next\dist\build\next-config-ts\transpile-config.js
- C:\Users\janpa\cd\development\fin\node_modules\next\dist\server\config.js
- C:\Users\janpa\cd\development\fin\node_modules\next\dist\server\next.js
- C:\Users\janpa\cd\development\fin\node_modules\next\dist\server\lib\start-server.js
    at Object.<anonymous> (C:\Users\janpa\cd\development\fin\.next\dev\server\pages\_document.js:1:7) {
  code: 'MODULE_NOT_FOUND',
  requireStack: [Array]
}
 GET /login?redirectTo=%2Fcore%2Fassets 500 in 66ms (compile: 52ms, proxy.ts: 6ms, render: 8ms)
⨯ Error: ENOENT: no such file or directory, open 'C:\Users\janpa\cd\development\fin\.next\dev\server\app\login\page\build-manifest.json'
    at ignore-listed frames {
  errno: -4058,
  code: 'ENOENT',
  syscall: 'open',
  path: 'C:\\Users\\janpa\\cd\\development\\fin\\.next\\dev\\server\\app\\login\\page\\build-manifest.json'
}
⨯ Error: Cannot find module '../chunks/ssr/[turbopack]_runtime.js'
Require stack:
- C:\Users\janpa\cd\development\fin\.next\dev\server\pages\_document.js
- C:\Users\janpa\cd\development\fin\node_modules\next\dist\server\require.js
- C:\Users\janpa\cd\development\fin\node_modules\next\dist\server\load-components.js
- C:\Users\janpa\cd\development\fin\node_modules\next\dist\build\utils.js
- C:\Users\janpa\cd\development\fin\node_modules\next\dist\build\swc\options.js
- C:\Users\janpa\cd\development\fin\node_modules\next\dist\build\swc\index.js
- C:\Users\janpa\cd\development\fin\node_modules\next\dist\build\next-config-ts\transpile-config.js
- C:\Users\janpa\cd\development\fin\node_modules\next\dist\server\config.js
- C:\Users\janpa\cd\development\fin\node_modules\next\dist\server\next.js
- C:\Users\janpa\cd\development\fin\node_modules\next\dist\server\lib\start-server.js
    at Object.<anonymous> (C:\Users\janpa\cd\development\fin\.next\dev\server\pages\_document.js:1:7) {
  code: 'MODULE_NOT_FOUND',
  requireStack: [Array]
}
 GET /login?redirectTo=%2Fcore%2Fassets 500 in 82ms (compile: 68ms, proxy.ts: 5ms, render: 9ms)
⨯ Error: ENOENT: no such file or directory, open 'C:\Users\janpa\cd\development\fin\.next\dev\server\app\login\page\build-manifest.json'
    at ignore-listed frames {
  errno: -4058,
  code: 'ENOENT',
  syscall: 'open',
  path: 'C:\\Users\\janpa\\cd\\development\\fin\\.next\\dev\\server\\app\\login\\page\\build-manifest.json'
}
⨯ Error: Cannot find module '../chunks/ssr/[turbopack]_runtime.js'
Require stack:
- C:\Users\janpa\cd\development\fin\.next\dev\server\pages\_document.js
- C:\Users\janpa\cd\development\fin\node_modules\next\dist\server\require.js
- C:\Users\janpa\cd\development\fin\node_modules\next\dist\server\load-components.js
- C:\Users\janpa\cd\development\fin\node_modules\next\dist\build\utils.js
- C:\Users\janpa\cd\development\fin\node_modules\next\dist\build\swc\options.js
- C:\Users\janpa\cd\development\fin\node_modules\next\dist\build\swc\index.js
- C:\Users\janpa\cd\development\fin\node_modules\next\dist\build\next-config-ts\transpile-config.js
- C:\Users\janpa\cd\development\fin\node_modules\next\dist\server\config.js
- C:\Users\janpa\cd\development\fin\node_modules\next\dist\server\next.js
- C:\Users\janpa\cd\development\fin\node_modules\next\dist\server\lib\start-server.js
    at Object.<anonymous> (C:\Users\janpa\cd\development\fin\.next\dev\server\pages\_document.js:1:7) {
  code: 'MODULE_NOT_FOUND',
  requireStack: [Array]
}
 GET /login?redirectTo=%2Fcore%2Fassets 500 in 80ms (compile: 62ms, proxy.ts: 7ms, render: 11ms)
⨯ Error: ENOENT: no such file or directory, open 'C:\Users\janpa\cd\development\fin\.next\dev\server\app\login\page\build-manifest.json'
    at ignore-listed frames {
  errno: -4058,
  code: 'ENOENT',
  syscall: 'open',
  path: 'C:\\Users\\janpa\\cd\\development\\fin\\.next\\dev\\server\\app\\login\\page\\build-manifest.json'
}
⨯ Error: Cannot find module '../chunks/ssr/[turbopack]_runtime.js'
Require stack:
- C:\Users\janpa\cd\development\fin\.next\dev\server\pages\_document.js
- C:\Users\janpa\cd\development\fin\node_modules\next\dist\server\require.js
- C:\Users\janpa\cd\development\fin\node_modules\next\dist\server\load-components.js
- C:\Users\janpa\cd\development\fin\node_modules\next\dist\build\utils.js
- C:\Users\janpa\cd\development\fin\node_modules\next\dist\build\swc\options.js
- C:\Users\janpa\cd\development\fin\node_modules\next\dist\build\swc\index.js
- C:\Users\janpa\cd\development\fin\node_modules\next\dist\build\next-config-ts\transpile-config.js
- C:\Users\janpa\cd\development\fin\node_modules\next\dist\server\config.js
- C:\Users\janpa\cd\development\fin\node_modules\next\dist\server\next.js
- C:\Users\janpa\cd\development\fin\node_modules\next\dist\server\lib\start-server.js
    at Object.<anonymous> (C:\Users\janpa\cd\development\fin\.next\dev\server\pages\_document.js:1:7) {
  code: 'MODULE_NOT_FOUND',
  requireStack: [Array]
}
 GET /login?redirectTo=%2Fcore%2Fassets 500 in 67ms (compile: 50ms, proxy.ts: 6ms, render: 12ms)
⨯ Error: ENOENT: no such file or directory, open 'C:\Users\janpa\cd\development\fin\.next\dev\server\app\login\page\build-manifest.json'
    at ignore-listed frames {
  errno: -4058,
  code: 'ENOENT',
  syscall: 'open',
  path: 'C:\\Users\\janpa\\cd\\development\\fin\\.next\\dev\\server\\app\\login\\page\\build-manifest.json'
}
⨯ Error: Cannot find module '../chunks/ssr/[turbopack]_runtime.js'
Require stack:
- C:\Users\janpa\cd\development\fin\.next\dev\server\pages\_document.js
- C:\Users\janpa\cd\development\fin\node_modules\next\dist\server\require.js
- C:\Users\janpa\cd\development\fin\node_modules\next\dist\server\load-components.js
- C:\Users\janpa\cd\development\fin\node_modules\next\dist\build\utils.js
- C:\Users\janpa\cd\development\fin\node_modules\next\dist\build\swc\options.js
- C:\Users\janpa\cd\development\fin\node_modules\next\dist\build\swc\index.js
- C:\Users\janpa\cd\development\fin\node_modules\next\dist\build\next-config-ts\transpile-config.js
- C:\Users\janpa\cd\development\fin\node_modules\next\dist\server\config.js
- C:\Users\janpa\cd\development\fin\node_modules\next\dist\server\next.js
- C:\Users\janpa\cd\development\fin\node_modules\next\dist\server\lib\start-server.js
    at Object.<anonymous> (C:\Users\janpa\cd\development\fin\.next\dev\server\pages\_document.js:1:7) {
  code: 'MODULE_NOT_FOUND',
  requireStack: [Array]
}
 GET /login?redirectTo=%2Fcore%2Fassets 500 in 62ms (compile: 50ms, proxy.ts: 5ms, render: 6ms)
⨯ Error: ENOENT: no such file or directory, open 'C:\Users\janpa\cd\development\fin\.next\dev\server\app\login\page\build-manifest.json'
    at ignore-listed frames {
  errno: -4058,
  code: 'ENOENT',
  syscall: 'open',
  path: 'C:\\Users\\janpa\\cd\\development\\fin\\.next\\dev\\server\\app\\login\\page\\build-manifest.json'
}
⨯ Error: Cannot find module '../chunks/ssr/[turbopack]_runtime.js'
Require stack:
- C:\Users\janpa\cd\development\fin\.next\dev\server\pages\_document.js
- C:\Users\janpa\cd\development\fin\node_modules\next\dist\server\require.js
- C:\Users\janpa\cd\development\fin\node_modules\next\dist\server\load-components.js
- C:\Users\janpa\cd\development\fin\node_modules\next\dist\build\utils.js
- C:\Users\janpa\cd\development\fin\node_modules\next\dist\build\swc\options.js
- C:\Users\janpa\cd\development\fin\node_modules\next\dist\build\swc\index.js
- C:\Users\janpa\cd\development\fin\node_modules\next\dist\build\next-config-ts\transpile-config.js
- C:\Users\janpa\cd\development\fin\node_modules\next\dist\server\config.js
- C:\Users\janpa\cd\development\fin\node_modules\next\dist\server\next.js
- C:\Users\janpa\cd\development\fin\node_modules\next\dist\server\lib\start-server.js
    at Object.<anonymous> (C:\Users\janpa\cd\development\fin\.next\dev\server\pages\_document.js:1:7) {
  code: 'MODULE_NOT_FOUND',
  requireStack: [Array]
}
 GET /login?redirectTo=%2Fcore%2Fassets 500 in 63ms (compile: 48ms, proxy.ts: 5ms, render: 9ms)
⨯ Error: ENOENT: no such file or directory, open 'C:\Users\janpa\cd\development\fin\.next\dev\server\app\login\page\build-manifest.json'
    at ignore-listed frames {
  errno: -4058,
  code: 'ENOENT',
  syscall: 'open',
  path: 'C:\\Users\\janpa\\cd\\development\\fin\\.next\\dev\\server\\app\\login\\page\\build-manifest.json'
}
⨯ Error: Cannot find module '../chunks/ssr/[turbopack]_runtime.js'
Require stack:
- C:\Users\janpa\cd\development\fin\.next\dev\server\pages\_document.js
- C:\Users\janpa\cd\development\fin\node_modules\next\dist\server\require.js
- C:\Users\janpa\cd\development\fin\node_modules\next\dist\server\load-components.js
- C:\Users\janpa\cd\development\fin\node_modules\next\dist\build\utils.js
- C:\Users\janpa\cd\development\fin\node_modules\next\dist\build\swc\options.js
- C:\Users\janpa\cd\development\fin\node_modules\next\dist\build\swc\index.js
- C:\Users\janpa\cd\development\fin\node_modules\next\dist\build\next-config-ts\transpile-config.js
- C:\Users\janpa\cd\development\fin\node_modules\next\dist\server\config.js
- C:\Users\janpa\cd\development\fin\node_modules\next\dist\server\next.js
- C:\Users\janpa\cd\development\fin\node_modules\next\dist\server\lib\start-server.js
    at Object.<anonymous> (C:\Users\janpa\cd\development\fin\.next\dev\server\pages\_document.js:1:7) {
  code: 'MODULE_NOT_FOUND',
  requireStack: [Array]
}
 GET /login?redirectTo=%2Fcore%2Fassets 500 in 74ms (compile: 60ms, proxy.ts: 4ms, render: 10ms)
⨯ Error: ENOENT: no such file or directory, open 'C:\Users\janpa\cd\development\fin\.next\dev\server\app\login\page\build-manifest.json'
    at ignore-listed frames {
  errno: -4058,
  code: 'ENOENT',
  syscall: 'open',
  path: 'C:\\Users\\janpa\\cd\\development\\fin\\.next\\dev\\server\\app\\login\\page\\build-manifest.json'
}
⨯ Error: Cannot find module '../chunks/ssr/[turbopack]_runtime.js'
Require stack:
- C:\Users\janpa\cd\development\fin\.next\dev\server\pages\_document.js
- C:\Users\janpa\cd\development\fin\node_modules\next\dist\server\require.js
- C:\Users\janpa\cd\development\fin\node_modules\next\dist\server\load-components.js
- C:\Users\janpa\cd\development\fin\node_modules\next\dist\build\utils.js
- C:\Users\janpa\cd\development\fin\node_modules\next\dist\build\swc\options.js
- C:\Users\janpa\cd\development\fin\node_modules\next\dist\build\swc\index.js
- C:\Users\janpa\cd\development\fin\node_modules\next\dist\build\next-config-ts\transpile-config.js
- C:\Users\janpa\cd\development\fin\node_modules\next\dist\server\config.js
- C:\Users\janpa\cd\development\fin\node_modules\next\dist\server\next.js
- C:\Users\janpa\cd\development\fin\node_modules\next\dist\server\lib\start-server.js
    at Object.<anonymous> (C:\Users\janpa\cd\development\fin\.next\dev\server\pages\_document.js:1:7) {
  code: 'MODULE_NOT_FOUND',
  requireStack: [Array]
}
 GET /login?redirectTo=%2Fcore%2Fassets 500 in 64ms (compile: 51ms, proxy.ts: 4ms, render: 9ms)
⨯ Error: ENOENT: no such file or directory, open 'C:\Users\janpa\cd\development\fin\.next\dev\server\app\login\page\build-manifest.json'
    at ignore-listed frames {
  errno: -4058,
  code: 'ENOENT',
  syscall: 'open',
  path: 'C:\\Users\\janpa\\cd\\development\\fin\\.next\\dev\\server\\app\\login\\page\\build-manifest.json'
}
⨯ Error: Cannot find module '../chunks/ssr/[turbopack]_runtime.js'
Require stack:
- C:\Users\janpa\cd\development\fin\.next\dev\server\pages\_document.js
- C:\Users\janpa\cd\development\fin\node_modules\next\dist\server\require.js
- C:\Users\janpa\cd\development\fin\node_modules\next\dist\server\load-components.js
- C:\Users\janpa\cd\development\fin\node_modules\next\dist\build\utils.js
- C:\Users\janpa\cd\development\fin\node_modules\next\dist\build\swc\options.js
- C:\Users\janpa\cd\development\fin\node_modules\next\dist\build\swc\index.js
- C:\Users\janpa\cd\development\fin\node_modules\next\dist\build\next-config-ts\transpile-config.js
- C:\Users\janpa\cd\development\fin\node_modules\next\dist\server\config.js
- C:\Users\janpa\cd\development\fin\node_modules\next\dist\server\next.js
- C:\Users\janpa\cd\development\fin\node_modules\next\dist\server\lib\start-server.js
    at Object.<anonymous> (C:\Users\janpa\cd\development\fin\.next\dev\server\pages\_document.js:1:7) {
  code: 'MODULE_NOT_FOUND',
  requireStack: [Array]
}
 GET /login?redirectTo=%2Fcore%2Fassets 500 in 106ms (compile: 92ms, proxy.ts: 4ms, render: 10ms)
⨯ Error: ENOENT: no such file or directory, open 'C:\Users\janpa\cd\development\fin\.next\dev\server\app\login\page\build-manifest.json'
    at ignore-listed frames {
  errno: -4058,
  code: 'ENOENT',
  syscall: 'open',
  path: 'C:\\Users\\janpa\\cd\\development\\fin\\.next\\dev\\server\\app\\login\\page\\build-manifest.json'
}
⨯ Error: Cannot find module '../chunks/ssr/[turbopack]_runtime.js'
Require stack:
- C:\Users\janpa\cd\development\fin\.next\dev\server\pages\_document.js
- C:\Users\janpa\cd\development\fin\node_modules\next\dist\server\require.js
- C:\Users\janpa\cd\development\fin\node_modules\next\dist\server\load-components.js
- C:\Users\janpa\cd\development\fin\node_modules\next\dist\build\utils.js
- C:\Users\janpa\cd\development\fin\node_modules\next\dist\build\swc\options.js
- C:\Users\janpa\cd\development\fin\node_modules\next\dist\build\swc\index.js
- C:\Users\janpa\cd\development\fin\node_modules\next\dist\build\next-config-ts\transpile-config.js
- C:\Users\janpa\cd\development\fin\node_modules\next\dist\server\config.js
- C:\Users\janpa\cd\development\fin\node_modules\next\dist\server\next.js
- C:\Users\janpa\cd\development\fin\node_modules\next\dist\server\lib\start-server.js
    at Object.<anonymous> (C:\Users\janpa\cd\development\fin\.next\dev\server\pages\_document.js:1:7) {
  code: 'MODULE_NOT_FOUND',
  requireStack: [Array]
}
 GET /login?redirectTo=%2Fcore%2Fassets 500 in 103ms (compile: 85ms, proxy.ts: 3ms, render: 14ms)
⨯ Error: ENOENT: no such file or directory, open 'C:\Users\janpa\cd\development\fin\.next\dev\server\app\login\page\build-manifest.json'
    at ignore-listed frames {
  errno: -4058,
  code: 'ENOENT',
  syscall: 'open',
  path: 'C:\\Users\\janpa\\cd\\development\\fin\\.next\\dev\\server\\app\\login\\page\\build-manifest.json'
}
⨯ Error: Cannot find module '../chunks/ssr/[turbopack]_runtime.js'
Require stack:
- C:\Users\janpa\cd\development\fin\.next\dev\server\pages\_document.js
- C:\Users\janpa\cd\development\fin\node_modules\next\dist\server\require.js
- C:\Users\janpa\cd\development\fin\node_modules\next\dist\server\load-components.js
- C:\Users\janpa\cd\development\fin\node_modules\next\dist\build\utils.js
- C:\Users\janpa\cd\development\fin\node_modules\next\dist\build\swc\options.js
- C:\Users\janpa\cd\development\fin\node_modules\next\dist\build\swc\index.js
- C:\Users\janpa\cd\development\fin\node_modules\next\dist\build\next-config-ts\transpile-config.js
- C:\Users\janpa\cd\development\fin\node_modules\next\dist\server\config.js
- C:\Users\janpa\cd\development\fin\node_modules\next\dist\server\next.js
- C:\Users\janpa\cd\development\fin\node_modules\next\dist\server\lib\start-server.js
    at Object.<anonymous> (C:\Users\janpa\cd\development\fin\.next\dev\server\pages\_document.js:1:7) {
  code: 'MODULE_NOT_FOUND',
  requireStack: [Array]
}
 GET /login?redirectTo=%2Fcore%2Fassets 500 in 69ms (compile: 56ms, proxy.ts: 5ms, render: 8ms)
⨯ Error: ENOENT: no such file or directory, open 'C:\Users\janpa\cd\development\fin\.next\dev\server\app\login\page\build-manifest.json'
    at ignore-listed frames {
  errno: -4058,
  code: 'ENOENT',
  syscall: 'open',
  path: 'C:\\Users\\janpa\\cd\\development\\fin\\.next\\dev\\server\\app\\login\\page\\build-manifest.json'
}
⨯ Error: Cannot find module '../chunks/ssr/[turbopack]_runtime.js'
Require stack:
- C:\Users\janpa\cd\development\fin\.next\dev\server\pages\_document.js
- C:\Users\janpa\cd\development\fin\node_modules\next\dist\server\require.js
- C:\Users\janpa\cd\development\fin\node_modules\next\dist\server\load-components.js
- C:\Users\janpa\cd\development\fin\node_modules\next\dist\build\utils.js
- C:\Users\janpa\cd\development\fin\node_modules\next\dist\build\swc\options.js
- C:\Users\janpa\cd\development\fin\node_modules\next\dist\build\swc\index.js
- C:\Users\janpa\cd\development\fin\node_modules\next\dist\build\next-config-ts\transpile-config.js
- C:\Users\janpa\cd\development\fin\node_modules\next\dist\server\config.js
- C:\Users\janpa\cd\development\fin\node_modules\next\dist\server\next.js
- C:\Users\janpa\cd\development\fin\node_modules\next\dist\server\lib\start-server.js
    at Object.<anonymous> (C:\Users\janpa\cd\development\fin\.next\dev\server\pages\_document.js:1:7) {
  code: 'MODULE_NOT_FOUND',
  requireStack: [Array]
}
 GET /login?redirectTo=%2Fcore%2Fassets 500 in 70ms (compile: 56ms, proxy.ts: 4ms, render: 10ms)
⨯ Error: ENOENT: no such file or directory, open 'C:\Users\janpa\cd\development\fin\.next\dev\server\app\login\page\build-manifest.json'
    at ignore-listed frames {
  errno: -4058,
  code: 'ENOENT',
  syscall: 'open',
  path: 'C:\\Users\\janpa\\cd\\development\\fin\\.next\\dev\\server\\app\\login\\page\\build-manifest.json'
}
⨯ Error: Cannot find module '../chunks/ssr/[turbopack]_runtime.js'
Require stack:
- C:\Users\janpa\cd\development\fin\.next\dev\server\pages\_document.js
- C:\Users\janpa\cd\development\fin\node_modules\next\dist\server\require.js
- C:\Users\janpa\cd\development\fin\node_modules\next\dist\server\load-components.js
- C:\Users\janpa\cd\development\fin\node_modules\next\dist\build\utils.js
- C:\Users\janpa\cd\development\fin\node_modules\next\dist\build\swc\options.js
- C:\Users\janpa\cd\development\fin\node_modules\next\dist\build\swc\index.js
- C:\Users\janpa\cd\development\fin\node_modules\next\dist\build\next-config-ts\transpile-config.js
- C:\Users\janpa\cd\development\fin\node_modules\next\dist\server\config.js
- C:\Users\janpa\cd\development\fin\node_modules\next\dist\server\next.js
- C:\Users\janpa\cd\development\fin\node_modules\next\dist\server\lib\start-server.js
    at Object.<anonymous> (C:\Users\janpa\cd\development\fin\.next\dev\server\pages\_document.js:1:7) {
  code: 'MODULE_NOT_FOUND',
  requireStack: [Array]
}
 GET /login?redirectTo=%2Fcore%2Fassets 500 in 76ms (compile: 55ms, proxy.ts: 5ms, render: 17ms)
⨯ Error: ENOENT: no such file or directory, open 'C:\Users\janpa\cd\development\fin\.next\dev\server\app\login\page\build-manifest.json'
    at ignore-listed frames {
  errno: -4058,
  code: 'ENOENT',
  syscall: 'open',
  path: 'C:\\Users\\janpa\\cd\\development\\fin\\.next\\dev\\server\\app\\login\\page\\build-manifest.json'
}
⨯ Error: Cannot find module '../chunks/ssr/[turbopack]_runtime.js'
Require stack:
- C:\Users\janpa\cd\development\fin\.next\dev\server\pages\_document.js
- C:\Users\janpa\cd\development\fin\node_modules\next\dist\server\require.js
- C:\Users\janpa\cd\development\fin\node_modules\next\dist\server\load-components.js
- C:\Users\janpa\cd\development\fin\node_modules\next\dist\build\utils.js
- C:\Users\janpa\cd\development\fin\node_modules\next\dist\build\swc\options.js
- C:\Users\janpa\cd\development\fin\node_modules\next\dist\build\swc\index.js
- C:\Users\janpa\cd\development\fin\node_modules\next\dist\build\next-config-ts\transpile-config.js
- C:\Users\janpa\cd\development\fin\node_modules\next\dist\server\config.js
- C:\Users\janpa\cd\development\fin\node_modules\next\dist\server\next.js
- C:\Users\janpa\cd\development\fin\node_modules\next\dist\server\lib\start-server.js
    at Object.<anonymous> (C:\Users\janpa\cd\development\fin\.next\dev\server\pages\_document.js:1:7) {
  code: 'MODULE_NOT_FOUND',
  requireStack: [Array]
}
 GET /login?redirectTo=%2Fcore%2Fassets 500 in 66ms (compile: 47ms, proxy.ts: 4ms, render: 14ms)
⨯ Error: ENOENT: no such file or directory, open 'C:\Users\janpa\cd\development\fin\.next\dev\server\app\login\page\build-manifest.json'
    at ignore-listed frames {
  errno: -4058,
  code: 'ENOENT',
  syscall: 'open',
  path: 'C:\\Users\\janpa\\cd\\development\\fin\\.next\\dev\\server\\app\\login\\page\\build-manifest.json'
}
⨯ Error: Cannot find module '../chunks/ssr/[turbopack]_runtime.js'
Require stack:
- C:\Users\janpa\cd\development\fin\.next\dev\server\pages\_document.js
- C:\Users\janpa\cd\development\fin\node_modules\next\dist\server\require.js
- C:\Users\janpa\cd\development\fin\node_modules\next\dist\server\load-components.js
- C:\Users\janpa\cd\development\fin\node_modules\next\dist\build\utils.js
- C:\Users\janpa\cd\development\fin\node_modules\next\dist\build\swc\options.js
- C:\Users\janpa\cd\development\fin\node_modules\next\dist\build\swc\index.js
- C:\Users\janpa\cd\development\fin\node_modules\next\dist\build\next-config-ts\transpile-config.js
- C:\Users\janpa\cd\development\fin\node_modules\next\dist\server\config.js
- C:\Users\janpa\cd\development\fin\node_modules\next\dist\server\next.js
- C:\Users\janpa\cd\development\fin\node_modules\next\dist\server\lib\start-server.js
    at Object.<anonymous> (C:\Users\janpa\cd\development\fin\.next\dev\server\pages\_document.js:1:7) {
  code: 'MODULE_NOT_FOUND',
  requireStack: [Array]
}
 GET /login?redirectTo=%2Fcore%2Fassets 500 in 66ms (compile: 54ms, proxy.ts: 4ms, render: 9ms)
⨯ Error: ENOENT: no such file or directory, open 'C:\Users\janpa\cd\development\fin\.next\dev\server\app\login\page\build-manifest.json'
    at ignore-listed frames {
  errno: -4058,
  code: 'ENOENT',
  syscall: 'open',
  path: 'C:\\Users\\janpa\\cd\\development\\fin\\.next\\dev\\server\\app\\login\\page\\build-manifest.json'
}
⨯ Error: Cannot find module '../chunks/ssr/[turbopack]_runtime.js'
Require stack:
- C:\Users\janpa\cd\development\fin\.next\dev\server\pages\_document.js
- C:\Users\janpa\cd\development\fin\node_modules\next\dist\server\require.js
- C:\Users\janpa\cd\development\fin\node_modules\next\dist\server\load-components.js
- C:\Users\janpa\cd\development\fin\node_modules\next\dist\build\utils.js
- C:\Users\janpa\cd\development\fin\node_modules\next\dist\build\swc\options.js
- C:\Users\janpa\cd\development\fin\node_modules\next\dist\build\swc\index.js
- C:\Users\janpa\cd\development\fin\node_modules\next\dist\build\next-config-ts\transpile-config.js
- C:\Users\janpa\cd\development\fin\node_modules\next\dist\server\config.js
- C:\Users\janpa\cd\development\fin\node_modules\next\dist\server\next.js
- C:\Users\janpa\cd\development\fin\node_modules\next\dist\server\lib\start-server.js
    at Object.<anonymous> (C:\Users\janpa\cd\development\fin\.next\dev\server\pages\_document.js:1:7) {
  code: 'MODULE_NOT_FOUND',
  requireStack: [Array]
}
 GET /login?redirectTo=%2Fcore%2Fassets 500 in 63ms (compile: 49ms, proxy.ts: 4ms, render: 10ms)
⨯ Error: ENOENT: no such file or directory, open 'C:\Users\janpa\cd\development\fin\.next\dev\server\app\login\page\build-manifest.json'
    at ignore-listed frames {
  errno: -4058,
  code: 'ENOENT',
  syscall: 'open',
  path: 'C:\\Users\\janpa\\cd\\development\\fin\\.next\\dev\\server\\app\\login\\page\\build-manifest.json'
}
⨯ Error: Cannot find module '../chunks/ssr/[turbopack]_runtime.js'
Require stack:
- C:\Users\janpa\cd\development\fin\.next\dev\server\pages\_document.js
- C:\Users\janpa\cd\development\fin\node_modules\next\dist\server\require.js
- C:\Users\janpa\cd\development\fin\node_modules\next\dist\server\load-components.js
- C:\Users\janpa\cd\development\fin\node_modules\next\dist\build\utils.js
- C:\Users\janpa\cd\development\fin\node_modules\next\dist\build\swc\options.js
- C:\Users\janpa\cd\development\fin\node_modules\next\dist\build\swc\index.js
- C:\Users\janpa\cd\development\fin\node_modules\next\dist\build\next-config-ts\transpile-config.js
- C:\Users\janpa\cd\development\fin\node_modules\next\dist\server\config.js
- C:\Users\janpa\cd\development\fin\node_modules\next\dist\server\next.js
- C:\Users\janpa\cd\development\fin\node_modules\next\dist\server\lib\start-server.js
    at Object.<anonymous> (C:\Users\janpa\cd\development\fin\.next\dev\server\pages\_document.js:1:7) {
  code: 'MODULE_NOT_FOUND',
  requireStack: [Array]
}
 GET /login?redirectTo=%2Fcore%2Fassets 500 in 66ms (compile: 52ms, proxy.ts: 6ms, render: 8ms)
⨯ Error: ENOENT: no such file or directory, open 'C:\Users\janpa\cd\development\fin\.next\dev\server\app\login\page\build-manifest.json'
    at ignore-listed frames {
  errno: -4058,
  code: 'ENOENT',
  syscall: 'open',
  path: 'C:\\Users\\janpa\\cd\\development\\fin\\.next\\dev\\server\\app\\login\\page\\build-manifest.json'
}
⨯ Error: Cannot find module '../chunks/ssr/[turbopack]_runtime.js'
Require stack:
- C:\Users\janpa\cd\development\fin\.next\dev\server\pages\_document.js
- C:\Users\janpa\cd\development\fin\node_modules\next\dist\server\require.js
- C:\Users\janpa\cd\development\fin\node_modules\next\dist\server\load-components.js
- C:\Users\janpa\cd\development\fin\node_modules\next\dist\build\utils.js
- C:\Users\janpa\cd\development\fin\node_modules\next\dist\build\swc\options.js
- C:\Users\janpa\cd\development\fin\node_modules\next\dist\build\swc\index.js
- C:\Users\janpa\cd\development\fin\node_modules\next\dist\build\next-config-ts\transpile-config.js
- C:\Users\janpa\cd\development\fin\node_modules\next\dist\server\config.js
- C:\Users\janpa\cd\development\fin\node_modules\next\dist\server\next.js
- C:\Users\janpa\cd\development\fin\node_modules\next\dist\server\lib\start-server.js
    at Object.<anonymous> (C:\Users\janpa\cd\development\fin\.next\dev\server\pages\_document.js:1:7) {
  code: 'MODULE_NOT_FOUND',
  requireStack: [Array]
}
 GET /login?redirectTo=%2Fcore%2Fassets 500 in 64ms (compile: 51ms, proxy.ts: 6ms, render: 6ms)
⨯ Error: ENOENT: no such file or directory, open 'C:\Users\janpa\cd\development\fin\.next\dev\server\app\login\page\build-manifest.json'
    at ignore-listed frames {
  errno: -4058,
  code: 'ENOENT',
  syscall: 'open',
  path: 'C:\\Users\\janpa\\cd\\development\\fin\\.next\\dev\\server\\app\\login\\page\\build-manifest.json'
}
⨯ Error: Cannot find module '../chunks/ssr/[turbopack]_runtime.js'
Require stack:
- C:\Users\janpa\cd\development\fin\.next\dev\server\pages\_document.js
- C:\Users\janpa\cd\development\fin\node_modules\next\dist\server\require.js
- C:\Users\janpa\cd\development\fin\node_modules\next\dist\server\load-components.js
- C:\Users\janpa\cd\development\fin\node_modules\next\dist\build\utils.js
- C:\Users\janpa\cd\development\fin\node_modules\next\dist\build\swc\options.js
- C:\Users\janpa\cd\development\fin\node_modules\next\dist\build\swc\index.js
- C:\Users\janpa\cd\development\fin\node_modules\next\dist\build\next-config-ts\transpile-config.js
- C:\Users\janpa\cd\development\fin\node_modules\next\dist\server\config.js
- C:\Users\janpa\cd\development\fin\node_modules\next\dist\server\next.js
- C:\Users\janpa\cd\development\fin\node_modules\next\dist\server\lib\start-server.js
    at Object.<anonymous> (C:\Users\janpa\cd\development\fin\.next\dev\server\pages\_document.js:1:7) {
  code: 'MODULE_NOT_FOUND',
  requireStack: [Array]
}
 GET /login?redirectTo=%2Fcore%2Fassets 500 in 69ms (compile: 55ms, proxy.ts: 5ms, render: 9ms)
⨯ Error: ENOENT: no such file or directory, open 'C:\Users\janpa\cd\development\fin\.next\dev\server\app\login\page\build-manifest.json'
    at ignore-listed frames {
  errno: -4058,
  code: 'ENOENT',
  syscall: 'open',
  path: 'C:\\Users\\janpa\\cd\\development\\fin\\.next\\dev\\server\\app\\login\\page\\build-manifest.json'
}
⨯ Error: Cannot find module '../chunks/ssr/[turbopack]_runtime.js'
Require stack:
- C:\Users\janpa\cd\development\fin\.next\dev\server\pages\_document.js
- C:\Users\janpa\cd\development\fin\node_modules\next\dist\server\require.js
- C:\Users\janpa\cd\development\fin\node_modules\next\dist\server\load-components.js
- C:\Users\janpa\cd\development\fin\node_modules\next\dist\build\utils.js
- C:\Users\janpa\cd\development\fin\node_modules\next\dist\build\swc\options.js
- C:\Users\janpa\cd\development\fin\node_modules\next\dist\build\swc\index.js
- C:\Users\janpa\cd\development\fin\node_modules\next\dist\build\next-config-ts\transpile-config.js
- C:\Users\janpa\cd\development\fin\node_modules\next\dist\server\config.js
- C:\Users\janpa\cd\development\fin\node_modules\next\dist\server\next.js
- C:\Users\janpa\cd\development\fin\node_modules\next\dist\server\lib\start-server.js
    at Object.<anonymous> (C:\Users\janpa\cd\development\fin\.next\dev\server\pages\_document.js:1:7) {
  code: 'MODULE_NOT_FOUND',
  requireStack: [Array]
}
 GET /login?redirectTo=%2Fcore%2Fassets 500 in 78ms (compile: 62ms, proxy.ts: 6ms, render: 11ms)
⨯ Error: ENOENT: no such file or directory, open 'C:\Users\janpa\cd\development\fin\.next\dev\server\app\login\page\build-manifest.json'
    at ignore-listed frames {
  errno: -4058,
  code: 'ENOENT',
  syscall: 'open',
  path: 'C:\\Users\\janpa\\cd\\development\\fin\\.next\\dev\\server\\app\\login\\page\\build-manifest.json'
}
⨯ Error: Cannot find module '../chunks/ssr/[turbopack]_runtime.js'
Require stack:
- C:\Users\janpa\cd\development\fin\.next\dev\server\pages\_document.js
- C:\Users\janpa\cd\development\fin\node_modules\next\dist\server\require.js
- C:\Users\janpa\cd\development\fin\node_modules\next\dist\server\load-components.js
- C:\Users\janpa\cd\development\fin\node_modules\next\dist\build\utils.js
- C:\Users\janpa\cd\development\fin\node_modules\next\dist\build\swc\options.js
- C:\Users\janpa\cd\development\fin\node_modules\next\dist\build\swc\index.js
- C:\Users\janpa\cd\development\fin\node_modules\next\dist\build\next-config-ts\transpile-config.js
- C:\Users\janpa\cd\development\fin\node_modules\next\dist\server\config.js
- C:\Users\janpa\cd\development\fin\node_modules\next\dist\server\next.js
- C:\Users\janpa\cd\development\fin\node_modules\next\dist\server\lib\start-server.js
    at Object.<anonymous> (C:\Users\janpa\cd\development\fin\.next\dev\server\pages\_document.js:1:7) {
  code: 'MODULE_NOT_FOUND',
  requireStack: [Array]
}
 GET /login?redirectTo=%2Fcore%2Fassets 500 in 66ms (compile: 49ms, proxy.ts: 9ms, render: 8ms)
⨯ Error: ENOENT: no such file or directory, open 'C:\Users\janpa\cd\development\fin\.next\dev\server\app\login\page\build-manifest.json'
    at ignore-listed frames {
  errno: -4058,
  code: 'ENOENT',
  syscall: 'open',
  path: 'C:\\Users\\janpa\\cd\\development\\fin\\.next\\dev\\server\\app\\login\\page\\build-manifest.json'
}
⨯ Error: Cannot find module '../chunks/ssr/[turbopack]_runtime.js'
Require stack:
- C:\Users\janpa\cd\development\fin\.next\dev\server\pages\_document.js
- C:\Users\janpa\cd\development\fin\node_modules\next\dist\server\require.js
- C:\Users\janpa\cd\development\fin\node_modules\next\dist\server\load-components.js
- C:\Users\janpa\cd\development\fin\node_modules\next\dist\build\utils.js
- C:\Users\janpa\cd\development\fin\node_modules\next\dist\build\swc\options.js
- C:\Users\janpa\cd\development\fin\node_modules\next\dist\build\swc\index.js
- C:\Users\janpa\cd\development\fin\node_modules\next\dist\build\next-config-ts\transpile-config.js
- C:\Users\janpa\cd\development\fin\node_modules\next\dist\server\config.js
- C:\Users\janpa\cd\development\fin\node_modules\next\dist\server\next.js
- C:\Users\janpa\cd\development\fin\node_modules\next\dist\server\lib\start-server.js
    at Object.<anonymous> (C:\Users\janpa\cd\development\fin\.next\dev\server\pages\_document.js:1:7) {
  code: 'MODULE_NOT_FOUND',
  requireStack: [Array]
}
 GET /login?redirectTo=%2Fcore%2Fassets 500 in 59ms (compile: 46ms, proxy.ts: 5ms, render: 8ms)
⨯ Error: ENOENT: no such file or directory, open 'C:\Users\janpa\cd\development\fin\.next\dev\server\app\login\page\build-manifest.json'
    at ignore-listed frames {
  errno: -4058,
  code: 'ENOENT',
  syscall: 'open',
  path: 'C:\\Users\\janpa\\cd\\development\\fin\\.next\\dev\\server\\app\\login\\page\\build-manifest.json'
}
⨯ Error: Cannot find module '../chunks/ssr/[turbopack]_runtime.js'
Require stack:
- C:\Users\janpa\cd\development\fin\.next\dev\server\pages\_document.js
- C:\Users\janpa\cd\development\fin\node_modules\next\dist\server\require.js
- C:\Users\janpa\cd\development\fin\node_modules\next\dist\server\load-components.js
- C:\Users\janpa\cd\development\fin\node_modules\next\dist\build\utils.js
- C:\Users\janpa\cd\development\fin\node_modules\next\dist\build\swc\options.js
- C:\Users\janpa\cd\development\fin\node_modules\next\dist\build\swc\index.js
- C:\Users\janpa\cd\development\fin\node_modules\next\dist\build\next-config-ts\transpile-config.js
- C:\Users\janpa\cd\development\fin\node_modules\next\dist\server\config.js
- C:\Users\janpa\cd\development\fin\node_modules\next\dist\server\next.js
- C:\Users\janpa\cd\development\fin\node_modules\next\dist\server\lib\start-server.js
    at Object.<anonymous> (C:\Users\janpa\cd\development\fin\.next\dev\server\pages\_document.js:1:7) {
  code: 'MODULE_NOT_FOUND',
  requireStack: [Array]
}
 GET /login?redirectTo=%2Fcore%2Fassets 500 in 70ms (compile: 57ms, proxy.ts: 7ms, render: 7ms)
⨯ Error: ENOENT: no such file or directory, open 'C:\Users\janpa\cd\development\fin\.next\dev\server\app\login\page\build-manifest.json'
    at ignore-listed frames {
  errno: -4058,
  code: 'ENOENT',
  syscall: 'open',
  path: 'C:\\Users\\janpa\\cd\\development\\fin\\.next\\dev\\server\\app\\login\\page\\build-manifest.json'
}
⨯ Error: Cannot find module '../chunks/ssr/[turbopack]_runtime.js'
Require stack:
- C:\Users\janpa\cd\development\fin\.next\dev\server\pages\_document.js
- C:\Users\janpa\cd\development\fin\node_modules\next\dist\server\require.js
- C:\Users\janpa\cd\development\fin\node_modules\next\dist\server\load-components.js
- C:\Users\janpa\cd\development\fin\node_modules\next\dist\build\utils.js
- C:\Users\janpa\cd\development\fin\node_modules\next\dist\build\swc\options.js
- C:\Users\janpa\cd\development\fin\node_modules\next\dist\build\swc\index.js
- C:\Users\janpa\cd\development\fin\node_modules\next\dist\build\next-config-ts\transpile-config.js
- C:\Users\janpa\cd\development\fin\node_modules\next\dist\server\config.js
- C:\Users\janpa\cd\development\fin\node_modules\next\dist\server\next.js
- C:\Users\janpa\cd\development\fin\node_modules\next\dist\server\lib\start-server.js
    at Object.<anonymous> (C:\Users\janpa\cd\development\fin\.next\dev\server\pages\_document.js:1:7) {
  code: 'MODULE_NOT_FOUND',
  requireStack: [Array]
}
 GET /login?redirectTo=%2Fcore%2Fassets 500 in 71ms (compile: 51ms, proxy.ts: 7ms, render: 12ms)
⨯ Error: ENOENT: no such file or directory, open 'C:\Users\janpa\cd\development\fin\.next\dev\server\app\login\page\build-manifest.json'
    at ignore-listed frames {
  errno: -4058,
  code: 'ENOENT',
  syscall: 'open',
  path: 'C:\\Users\\janpa\\cd\\development\\fin\\.next\\dev\\server\\app\\login\\page\\build-manifest.json'
}
⨯ Error: Cannot find module '../chunks/ssr/[turbopack]_runtime.js'
Require stack:
- C:\Users\janpa\cd\development\fin\.next\dev\server\pages\_document.js
- C:\Users\janpa\cd\development\fin\node_modules\next\dist\server\require.js
- C:\Users\janpa\cd\development\fin\node_modules\next\dist\server\load-components.js
- C:\Users\janpa\cd\development\fin\node_modules\next\dist\build\utils.js
- C:\Users\janpa\cd\development\fin\node_modules\next\dist\build\swc\options.js
- C:\Users\janpa\cd\development\fin\node_modules\next\dist\build\swc\index.js
- C:\Users\janpa\cd\development\fin\node_modules\next\dist\build\next-config-ts\transpile-config.js
- C:\Users\janpa\cd\development\fin\node_modules\next\dist\server\config.js
- C:\Users\janpa\cd\development\fin\node_modules\next\dist\server\next.js
- C:\Users\janpa\cd\development\fin\node_modules\next\dist\server\lib\start-server.js
    at Object.<anonymous> (C:\Users\janpa\cd\development\fin\.next\dev\server\pages\_document.js:1:7) {
  code: 'MODULE_NOT_FOUND',
  requireStack: [Array]
}
 GET /login?redirectTo=%2Fcore%2Fassets 500 in 68ms (compile: 50ms, proxy.ts: 5ms, render: 13ms)
⨯ Error: ENOENT: no such file or directory, open 'C:\Users\janpa\cd\development\fin\.next\dev\server\app\login\page\build-manifest.json'
    at ignore-listed frames {
  errno: -4058,
  code: 'ENOENT',
  syscall: 'open',
  path: 'C:\\Users\\janpa\\cd\\development\\fin\\.next\\dev\\server\\app\\login\\page\\build-manifest.json'
}
⨯ Error: Cannot find module '../chunks/ssr/[turbopack]_runtime.js'
Require stack:
- C:\Users\janpa\cd\development\fin\.next\dev\server\pages\_document.js
- C:\Users\janpa\cd\development\fin\node_modules\next\dist\server\require.js
- C:\Users\janpa\cd\development\fin\node_modules\next\dist\server\load-components.js
- C:\Users\janpa\cd\development\fin\node_modules\next\dist\build\utils.js
- C:\Users\janpa\cd\development\fin\node_modules\next\dist\build\swc\options.js
- C:\Users\janpa\cd\development\fin\node_modules\next\dist\build\swc\index.js
- C:\Users\janpa\cd\development\fin\node_modules\next\dist\build\next-config-ts\transpile-config.js
- C:\Users\janpa\cd\development\fin\node_modules\next\dist\server\config.js
- C:\Users\janpa\cd\development\fin\node_modules\next\dist\server\next.js
- C:\Users\janpa\cd\development\fin\node_modules\next\dist\server\lib\start-server.js
    at Object.<anonymous> (C:\Users\janpa\cd\development\fin\.next\dev\server\pages\_document.js:1:7) {
  code: 'MODULE_NOT_FOUND',
  requireStack: [Array]
}
 GET /login?redirectTo=%2Fcore%2Fassets 500 in 64ms (compile: 49ms, proxy.ts: 7ms, render: 8ms)
⨯ Error: ENOENT: no such file or directory, open 'C:\Users\janpa\cd\development\fin\.next\dev\server\app\login\page\build-manifest.json'
    at ignore-listed frames {
  errno: -4058,
  code: 'ENOENT',
  syscall: 'open',
  path: 'C:\\Users\\janpa\\cd\\development\\fin\\.next\\dev\\server\\app\\login\\page\\build-manifest.json'
}
⨯ Error: Cannot find module '../chunks/ssr/[turbopack]_runtime.js'
Require stack:
- C:\Users\janpa\cd\development\fin\.next\dev\server\pages\_document.js
- C:\Users\janpa\cd\development\fin\node_modules\next\dist\server\require.js
- C:\Users\janpa\cd\development\fin\node_modules\next\dist\server\load-components.js
- C:\Users\janpa\cd\development\fin\node_modules\next\dist\build\utils.js
- C:\Users\janpa\cd\development\fin\node_modules\next\dist\build\swc\options.js
- C:\Users\janpa\cd\development\fin\node_modules\next\dist\build\swc\index.js
- C:\Users\janpa\cd\development\fin\node_modules\next\dist\build\next-config-ts\transpile-config.js
- C:\Users\janpa\cd\development\fin\node_modules\next\dist\server\config.js
- C:\Users\janpa\cd\development\fin\node_modules\next\dist\server\next.js
- C:\Users\janpa\cd\development\fin\node_modules\next\dist\server\lib\start-server.js
    at Object.<anonymous> (C:\Users\janpa\cd\development\fin\.next\dev\server\pages\_document.js:1:7) {
  code: 'MODULE_NOT_FOUND',
  requireStack: [Array]
}
 GET /login?redirectTo=%2Fcore%2Fassets 500 in 65ms (compile: 52ms, proxy.ts: 3ms, render: 9ms)
⨯ Error: ENOENT: no such file or directory, open 'C:\Users\janpa\cd\development\fin\.next\dev\server\app\login\page\build-manifest.json'
    at ignore-listed frames {
  errno: -4058,
  code: 'ENOENT',
  syscall: 'open',
  path: 'C:\\Users\\janpa\\cd\\development\\fin\\.next\\dev\\server\\app\\login\\page\\build-manifest.json'
}
⨯ Error: Cannot find module '../chunks/ssr/[turbopack]_runtime.js'
Require stack:
- C:\Users\janpa\cd\development\fin\.next\dev\server\pages\_document.js
- C:\Users\janpa\cd\development\fin\node_modules\next\dist\server\require.js
- C:\Users\janpa\cd\development\fin\node_modules\next\dist\server\load-components.js
- C:\Users\janpa\cd\development\fin\node_modules\next\dist\build\utils.js
- C:\Users\janpa\cd\development\fin\node_modules\next\dist\build\swc\options.js
- C:\Users\janpa\cd\development\fin\node_modules\next\dist\build\swc\index.js
- C:\Users\janpa\cd\development\fin\node_modules\next\dist\build\next-config-ts\transpile-config.js
- C:\Users\janpa\cd\development\fin\node_modules\next\dist\server\config.js
- C:\Users\janpa\cd\development\fin\node_modules\next\dist\server\next.js
- C:\Users\janpa\cd\development\fin\node_modules\next\dist\server\lib\start-server.js
    at Object.<anonymous> (C:\Users\janpa\cd\development\fin\.next\dev\server\pages\_document.js:1:7) {
  code: 'MODULE_NOT_FOUND',
  requireStack: [Array]
}
 GET /login?redirectTo=%2Fcore%2Fassets 500 in 59ms (compile: 45ms, proxy.ts: 7ms, render: 8ms)
⨯ Error: ENOENT: no such file or directory, open 'C:\Users\janpa\cd\development\fin\.next\dev\server\app\login\page\build-manifest.json'
    at ignore-listed frames {
  errno: -4058,
  code: 'ENOENT',
  syscall: 'open',
  path: 'C:\\Users\\janpa\\cd\\development\\fin\\.next\\dev\\server\\app\\login\\page\\build-manifest.json'
}
⨯ Error: Cannot find module '../chunks/ssr/[turbopack]_runtime.js'
Require stack:
- C:\Users\janpa\cd\development\fin\.next\dev\server\pages\_document.js
- C:\Users\janpa\cd\development\fin\node_modules\next\dist\server\require.js
- C:\Users\janpa\cd\development\fin\node_modules\next\dist\server\load-components.js
- C:\Users\janpa\cd\development\fin\node_modules\next\dist\build\utils.js
- C:\Users\janpa\cd\development\fin\node_modules\next\dist\build\swc\options.js
- C:\Users\janpa\cd\development\fin\node_modules\next\dist\build\swc\index.js
- C:\Users\janpa\cd\development\fin\node_modules\next\dist\build\next-config-ts\transpile-config.js
- C:\Users\janpa\cd\development\fin\node_modules\next\dist\server\config.js
- C:\Users\janpa\cd\development\fin\node_modules\next\dist\server\next.js
- C:\Users\janpa\cd\development\fin\node_modules\next\dist\server\lib\start-server.js
    at Object.<anonymous> (C:\Users\janpa\cd\development\fin\.next\dev\server\pages\_document.js:1:7) {
  code: 'MODULE_NOT_FOUND',
  requireStack: [Array]
}
 GET /login?redirectTo=%2Fcore%2Fassets 500 in 59ms (compile: 49ms, proxy.ts: 3ms, render: 6ms)
⨯ Error: ENOENT: no such file or directory, open 'C:\Users\janpa\cd\development\fin\.next\dev\server\app\login\page\build-manifest.json'
    at ignore-listed frames {
  errno: -4058,
  code: 'ENOENT',
  syscall: 'open',
  path: 'C:\\Users\\janpa\\cd\\development\\fin\\.next\\dev\\server\\app\\login\\page\\build-manifest.json'
}
⨯ Error: Cannot find module '../chunks/ssr/[turbopack]_runtime.js'
Require stack:
- C:\Users\janpa\cd\development\fin\.next\dev\server\pages\_document.js
- C:\Users\janpa\cd\development\fin\node_modules\next\dist\server\require.js
- C:\Users\janpa\cd\development\fin\node_modules\next\dist\server\load-components.js
- C:\Users\janpa\cd\development\fin\node_modules\next\dist\build\utils.js
- C:\Users\janpa\cd\development\fin\node_modules\next\dist\build\swc\options.js
- C:\Users\janpa\cd\development\fin\node_modules\next\dist\build\swc\index.js
- C:\Users\janpa\cd\development\fin\node_modules\next\dist\build\next-config-ts\transpile-config.js
- C:\Users\janpa\cd\development\fin\node_modules\next\dist\server\config.js
- C:\Users\janpa\cd\development\fin\node_modules\next\dist\server\next.js
- C:\Users\janpa\cd\development\fin\node_modules\next\dist\server\lib\start-server.js
    at Object.<anonymous> (C:\Users\janpa\cd\development\fin\.next\dev\server\pages\_document.js:1:7) {
  code: 'MODULE_NOT_FOUND',
  requireStack: [Array]
}
 GET /login?redirectTo=%2Fcore%2Fassets 500 in 73ms (compile: 58ms, proxy.ts: 5ms, render: 10ms)
⨯ Error: ENOENT: no such file or directory, open 'C:\Users\janpa\cd\development\fin\.next\dev\server\app\login\page\build-manifest.json'
    at ignore-listed frames {
  errno: -4058,
  code: 'ENOENT',
  syscall: 'open',
  path: 'C:\\Users\\janpa\\cd\\development\\fin\\.next\\dev\\server\\app\\login\\page\\build-manifest.json'
}
⨯ Error: Cannot find module '../chunks/ssr/[turbopack]_runtime.js'
Require stack:
- C:\Users\janpa\cd\development\fin\.next\dev\server\pages\_document.js
- C:\Users\janpa\cd\development\fin\node_modules\next\dist\server\require.js
- C:\Users\janpa\cd\development\fin\node_modules\next\dist\server\load-components.js
- C:\Users\janpa\cd\development\fin\node_modules\next\dist\build\utils.js
- C:\Users\janpa\cd\development\fin\node_modules\next\dist\build\swc\options.js
- C:\Users\janpa\cd\development\fin\node_modules\next\dist\build\swc\index.js
- C:\Users\janpa\cd\development\fin\node_modules\next\dist\build\next-config-ts\transpile-config.js
- C:\Users\janpa\cd\development\fin\node_modules\next\dist\server\config.js
- C:\Users\janpa\cd\development\fin\node_modules\next\dist\server\next.js
- C:\Users\janpa\cd\development\fin\node_modules\next\dist\server\lib\start-server.js
    at Object.<anonymous> (C:\Users\janpa\cd\development\fin\.next\dev\server\pages\_document.js:1:7) {
  code: 'MODULE_NOT_FOUND',
  requireStack: [Array]
}
 GET /login?redirectTo=%2Fcore%2Fassets 500 in 60ms (compile: 46ms, proxy.ts: 5ms, render: 9ms)
⨯ Error: ENOENT: no such file or directory, open 'C:\Users\janpa\cd\development\fin\.next\dev\server\app\login\page\build-manifest.json'
    at ignore-listed frames {
  errno: -4058,
  code: 'ENOENT',
  syscall: 'open',
  path: 'C:\\Users\\janpa\\cd\\development\\fin\\.next\\dev\\server\\app\\login\\page\\build-manifest.json'
}
⨯ Error: Cannot find module '../chunks/ssr/[turbopack]_runtime.js'
Require stack:
- C:\Users\janpa\cd\development\fin\.next\dev\server\pages\_document.js
- C:\Users\janpa\cd\development\fin\node_modules\next\dist\server\require.js
- C:\Users\janpa\cd\development\fin\node_modules\next\dist\server\load-components.js
- C:\Users\janpa\cd\development\fin\node_modules\next\dist\build\utils.js
- C:\Users\janpa\cd\development\fin\node_modules\next\dist\build\swc\options.js
- C:\Users\janpa\cd\development\fin\node_modules\next\dist\build\swc\index.js
- C:\Users\janpa\cd\development\fin\node_modules\next\dist\build\next-config-ts\transpile-config.js
- C:\Users\janpa\cd\development\fin\node_modules\next\dist\server\config.js
- C:\Users\janpa\cd\development\fin\node_modules\next\dist\server\next.js
- C:\Users\janpa\cd\development\fin\node_modules\next\dist\server\lib\start-server.js
    at Object.<anonymous> (C:\Users\janpa\cd\development\fin\.next\dev\server\pages\_document.js:1:7) {
  code: 'MODULE_NOT_FOUND',
  requireStack: [Array]
}
 GET /login?redirectTo=%2Fcore%2Fassets 500 in 62ms (compile: 47ms, proxy.ts: 4ms, render: 12ms)
⨯ Error: ENOENT: no such file or directory, open 'C:\Users\janpa\cd\development\fin\.next\dev\server\app\login\page\build-manifest.json'
    at ignore-listed frames {
  errno: -4058,
  code: 'ENOENT',
  syscall: 'open',
  path: 'C:\\Users\\janpa\\cd\\development\\fin\\.next\\dev\\server\\app\\login\\page\\build-manifest.json'
}
⨯ Error: Cannot find module '../chunks/ssr/[turbopack]_runtime.js'
Require stack:
- C:\Users\janpa\cd\development\fin\.next\dev\server\pages\_document.js
- C:\Users\janpa\cd\development\fin\node_modules\next\dist\server\require.js
- C:\Users\janpa\cd\development\fin\node_modules\next\dist\server\load-components.js
- C:\Users\janpa\cd\development\fin\node_modules\next\dist\build\utils.js
- C:\Users\janpa\cd\development\fin\node_modules\next\dist\build\swc\options.js
- C:\Users\janpa\cd\development\fin\node_modules\next\dist\build\swc\index.js
- C:\Users\janpa\cd\development\fin\node_modules\next\dist\build\next-config-ts\transpile-config.js
- C:\Users\janpa\cd\development\fin\node_modules\next\dist\server\config.js
- C:\Users\janpa\cd\development\fin\node_modules\next\dist\server\next.js
- C:\Users\janpa\cd\development\fin\node_modules\next\dist\server\lib\start-server.js
    at Object.<anonymous> (C:\Users\janpa\cd\development\fin\.next\dev\server\pages\_document.js:1:7) {
  code: 'MODULE_NOT_FOUND',
  requireStack: [Array]
}
 GET /login?redirectTo=%2Fcore%2Fassets 500 in 73ms (compile: 57ms, proxy.ts: 5ms, render: 11ms)
⨯ Error: ENOENT: no such file or directory, open 'C:\Users\janpa\cd\development\fin\.next\dev\server\app\login\page\build-manifest.json'
    at ignore-listed frames {
  errno: -4058,
  code: 'ENOENT',
  syscall: 'open',
  path: 'C:\\Users\\janpa\\cd\\development\\fin\\.next\\dev\\server\\app\\login\\page\\build-manifest.json'
}
⨯ Error: ENOENT: no such file or directory, open 'C:\Users\janpa\cd\development\fin\.next\dev\server\pages\_app\build-manifest.json'
    at ignore-listed frames {
  errno: -4058,
  code: 'ENOENT',
  syscall: 'open',
  path: 'C:\\Users\\janpa\\cd\\development\\fin\\.next\\dev\\server\\pages\\_app\\build-manifest.json'
}
Error: ENOENT: no such file or directory, open 'C:\Users\janpa\cd\development\fin\.next\dev\server\app\login\page\build-manifest.json'
    at ignore-listed frames {
  errno: -4058,
  code: 'ENOENT',
  syscall: 'open',
  path: 'C:\\Users\\janpa\\cd\\development\\fin\\.next\\dev\\server\\app\\login\\page\\build-manifest.json'
}
⨯ Error: ENOENT: no such file or directory, open 'C:\Users\janpa\cd\development\fin\.next\dev\server\pages\_app\build-manifest.json'
    at ignore-listed frames {
  errno: -4058,
  code: 'ENOENT',
  syscall: 'open',
  path: 'C:\\Users\\janpa\\cd\\development\\fin\\.next\\dev\\server\\pages\\_app\\build-manifest.json'
}
Error: ENOENT: no such file or directory, open 'C:\Users\janpa\cd\development\fin\.next\dev\server\pages\_app\build-manifest.json'
    at ignore-listed frames {
  errno: -4058,
  code: 'ENOENT',
  syscall: 'open',
  path: 'C:\\Users\\janpa\\cd\\development\\fin\\.next\\dev\\server\\pages\\_app\\build-manifest.json'
}
⨯ Error: ENOENT: no such file or directory, open 'C:\Users\janpa\cd\development\fin\.next\dev\server\app\login\page\build-manifest.json'
    at ignore-listed frames {
  errno: -4058,
  code: 'ENOENT',
  syscall: 'open',
  path: 'C:\\Users\\janpa\\cd\\development\\fin\\.next\\dev\\server\\app\\login\\page\\build-manifest.json'
}
⨯ Error: ENOENT: no such file or directory, open 'C:\Users\janpa\cd\development\fin\.next\dev\server\pages\_app\build-manifest.json'
    at ignore-listed frames {
  errno: -4058,
  code: 'ENOENT',
  syscall: 'open',
  path: 'C:\\Users\\janpa\\cd\\development\\fin\\.next\\dev\\server\\pages\\_app\\build-manifest.json'
}
Error: ENOENT: no such file or directory, open 'C:\Users\janpa\cd\development\fin\.next\dev\server\app\login\page\build-manifest.json'
    at ignore-listed frames {
  errno: -4058,
  code: 'ENOENT',
  syscall: 'open',
  path: 'C:\\Users\\janpa\\cd\\development\\fin\\.next\\dev\\server\\app\\login\\page\\build-manifest.json'
}
⨯ Error: ENOENT: no such file or directory, open 'C:\Users\janpa\cd\development\fin\.next\dev\server\pages\_app\build-manifest.json'
    at ignore-listed frames {
  errno: -4058,
  code: 'ENOENT',
  syscall: 'open',
  path: 'C:\\Users\\janpa\\cd\\development\\fin\\.next\\dev\\server\\pages\\_app\\build-manifest.json'
}
Error: ENOENT: no such file or directory, open 'C:\Users\janpa\cd\development\fin\.next\dev\server\pages\_app\build-manifest.json'
    at ignore-listed frames {
  errno: -4058,
  code: 'ENOENT',
  syscall: 'open',
  path: 'C:\\Users\\janpa\\cd\\development\\fin\\.next\\dev\\server\\pages\\_app\\build-manifest.json'
}
⨯ Error: ENOENT: no such file or directory, open 'C:\Users\janpa\cd\development\fin\.next\dev\server\app\login\page\build-manifest.json'
    at ignore-listed frames {
  errno: -4058,
  code: 'ENOENT',
  syscall: 'open',
  path: 'C:\\Users\\janpa\\cd\\development\\fin\\.next\\dev\\server\\app\\login\\page\\build-manifest.json'
}
⨯ Error: ENOENT: no such file or directory, open 'C:\Users\janpa\cd\development\fin\.next\dev\server\pages\_app\build-manifest.json'
    at ignore-listed frames {
  errno: -4058,
  code: 'ENOENT',
  syscall: 'open',
  path: 'C:\\Users\\janpa\\cd\\development\\fin\\.next\\dev\\server\\pages\\_app\\build-manifest.json'
}
Error: ENOENT: no such file or directory, open 'C:\Users\janpa\cd\development\fin\.next\dev\server\app\login\page\build-manifest.json'
    at ignore-listed frames {
  errno: -4058,
  code: 'ENOENT',
  syscall: 'open',
  path: 'C:\\Users\\janpa\\cd\\development\\fin\\.next\\dev\\server\\app\\login\\page\\build-manifest.json'
}
⨯ Error: ENOENT: no such file or directory, open 'C:\Users\janpa\cd\development\fin\.next\dev\server\pages\_app\build-manifest.json'
    at ignore-listed frames {
  errno: -4058,
  code: 'ENOENT',
  syscall: 'open',
  path: 'C:\\Users\\janpa\\cd\\development\\fin\\.next\\dev\\server\\pages\\_app\\build-manifest.json'
}
Error: ENOENT: no such file or directory, open 'C:\Users\janpa\cd\development\fin\.next\dev\server\pages\_app\build-manifest.json'
    at ignore-listed frames {
  errno: -4058,
  code: 'ENOENT',
  syscall: 'open',
  path: 'C:\\Users\\janpa\\cd\\development\\fin\\.next\\dev\\server\\pages\\_app\\build-manifest.json'
}
⨯ Error: ENOENT: no such file or directory, open 'C:\Users\janpa\cd\development\fin\.next\dev\server\app\login\page\build-manifest.json'
    at ignore-listed frames {
  errno: -4058,
  code: 'ENOENT',
  syscall: 'open',
  path: 'C:\\Users\\janpa\\cd\\development\\fin\\.next\\dev\\server\\app\\login\\page\\build-manifest.json'
}
⨯ Error: ENOENT: no such file or directory, open 'C:\Users\janpa\cd\development\fin\.next\dev\server\pages\_app\build-manifest.json'
    at ignore-listed frames {
  errno: -4058,
  code: 'ENOENT',
  syscall: 'open',
  path: 'C:\\Users\\janpa\\cd\\development\\fin\\.next\\dev\\server\\pages\\_app\\build-manifest.json'
}
Error: ENOENT: no such file or directory, open 'C:\Users\janpa\cd\development\fin\.next\dev\server\app\login\page\build-manifest.json'
    at ignore-listed frames {
  errno: -4058,
  code: 'ENOENT',
  syscall: 'open',
  path: 'C:\\Users\\janpa\\cd\\development\\fin\\.next\\dev\\server\\app\\login\\page\\build-manifest.json'
}
⨯ Error: ENOENT: no such file or directory, open 'C:\Users\janpa\cd\development\fin\.next\dev\server\pages\_app\build-manifest.json'
    at ignore-listed frames {
  errno: -4058,
  code: 'ENOENT',
  syscall: 'open',
  path: 'C:\\Users\\janpa\\cd\\development\\fin\\.next\\dev\\server\\pages\\_app\\build-manifest.json'
}
Error: ENOENT: no such file or directory, open 'C:\Users\janpa\cd\development\fin\.next\dev\server\pages\_app\build-manifest.json'
    at ignore-listed frames {
  errno: -4058,
  code: 'ENOENT',
  syscall: 'open',
  path: 'C:\\Users\\janpa\\cd\\development\\fin\\.next\\dev\\server\\pages\\_app\\build-manifest.json'
}
⨯ Error: ENOENT: no such file or directory, open 'C:\Users\janpa\cd\development\fin\.next\dev\server\app\login\page\build-manifest.json'
    at ignore-listed frames {
  errno: -4058,
  code: 'ENOENT',
  syscall: 'open',
  path: 'C:\\Users\\janpa\\cd\\development\\fin\\.next\\dev\\server\\app\\login\\page\\build-manifest.json'
}
⨯ Error: ENOENT: no such file or directory, open 'C:\Users\janpa\cd\development\fin\.next\dev\server\pages\_app\build-manifest.json'
    at ignore-listed frames {
  errno: -4058,
  code: 'ENOENT',
  syscall: 'open',
  path: 'C:\\Users\\janpa\\cd\\development\\fin\\.next\\dev\\server\\pages\\_app\\build-manifest.json'
}
Error: ENOENT: no such file or directory, open 'C:\Users\janpa\cd\development\fin\.next\dev\server\app\login\page\build-manifest.json'
    at ignore-listed frames {
  errno: -4058,
  code: 'ENOENT',
  syscall: 'open',
  path: 'C:\\Users\\janpa\\cd\\development\\fin\\.next\\dev\\server\\app\\login\\page\\build-manifest.json'
}
⨯ Error: ENOENT: no such file or directory, open 'C:\Users\janpa\cd\development\fin\.next\dev\server\pages\_app\build-manifest.json'
    at ignore-listed frames {
  errno: -4058,
  code: 'ENOENT',
  syscall: 'open',
  path: 'C:\\Users\\janpa\\cd\\development\\fin\\.next\\dev\\server\\pages\\_app\\build-manifest.json'
}
Error: ENOENT: no such file or directory, open 'C:\Users\janpa\cd\development\fin\.next\dev\server\pages\_app\build-manifest.json'
    at ignore-listed frames {
  errno: -4058,
  code: 'ENOENT',
  syscall: 'open',
  path: 'C:\\Users\\janpa\\cd\\development\\fin\\.next\\dev\\server\\pages\\_app\\build-manifest.json'
}
⨯ Error: ENOENT: no such file or directory, open 'C:\Users\janpa\cd\development\fin\.next\dev\server\app\login\page\build-manifest.json'
    at ignore-listed frames {
  errno: -4058,
  code: 'ENOENT',
  syscall: 'open',
  path: 'C:\\Users\\janpa\\cd\\development\\fin\\.next\\dev\\server\\app\\login\\page\\build-manifest.json'
}
⨯ Error: ENOENT: no such file or directory, open 'C:\Users\janpa\cd\development\fin\.next\dev\server\pages\_app\build-manifest.json'
    at ignore-listed frames {
  errno: -4058,
  code: 'ENOENT',
  syscall: 'open',
  path: 'C:\\Users\\janpa\\cd\\development\\fin\\.next\\dev\\server\\pages\\_app\\build-manifest.json'
}
Error: ENOENT: no such file or directory, open 'C:\Users\janpa\cd\development\fin\.next\dev\server\app\login\page\build-manifest.json'
    at ignore-listed frames {
  errno: -4058,
  code: 'ENOENT',
  syscall: 'open',
  path: 'C:\\Users\\janpa\\cd\\development\\fin\\.next\\dev\\server\\app\\login\\page\\build-manifest.json'
}
⨯ Error: ENOENT: no such file or directory, open 'C:\Users\janpa\cd\development\fin\.next\dev\server\pages\_app\build-manifest.json'
    at ignore-listed frames {
  errno: -4058,
  code: 'ENOENT',
  syscall: 'open',
  path: 'C:\\Users\\janpa\\cd\\development\\fin\\.next\\dev\\server\\pages\\_app\\build-manifest.json'
}
Error: ENOENT: no such file or directory, open 'C:\Users\janpa\cd\development\fin\.next\dev\server\pages\_app\build-manifest.json'
    at ignore-listed frames {
  errno: -4058,
  code: 'ENOENT',
  syscall: 'open',
  path: 'C:\\Users\\janpa\\cd\\development\\fin\\.next\\dev\\server\\pages\\_app\\build-manifest.json'
}
⨯ Error: ENOENT: no such file or directory, open 'C:\Users\janpa\cd\development\fin\.next\dev\server\app\login\page\build-manifest.json'
    at ignore-listed frames {
  errno: -4058,
  code: 'ENOENT',
  syscall: 'open',
  path: 'C:\\Users\\janpa\\cd\\development\\fin\\.next\\dev\\server\\app\\login\\page\\build-manifest.json'
}
⨯ Error: ENOENT: no such file or directory, open 'C:\Users\janpa\cd\development\fin\.next\dev\server\pages\_app\build-manifest.json'
    at ignore-listed frames {
  errno: -4058,
  code: 'ENOENT',
  syscall: 'open',
  path: 'C:\\Users\\janpa\\cd\\development\\fin\\.next\\dev\\server\\pages\\_app\\build-manifest.json'
}
Error: ENOENT: no such file or directory, open 'C:\Users\janpa\cd\development\fin\.next\dev\server\app\login\page\build-manifest.json'
    at ignore-listed frames {
  errno: -4058,
  code: 'ENOENT',
  syscall: 'open',
  path: 'C:\\Users\\janpa\\cd\\development\\fin\\.next\\dev\\server\\app\\login\\page\\build-manifest.json'
}
⨯ Error: ENOENT: no such file or directory, open 'C:\Users\janpa\cd\development\fin\.next\dev\server\pages\_app\build-manifest.json'
    at ignore-listed frames {
  errno: -4058,
  code: 'ENOENT',
  syscall: 'open',
  path: 'C:\\Users\\janpa\\cd\\development\\fin\\.next\\dev\\server\\pages\\_app\\build-manifest.json'
}
Error: ENOENT: no such file or directory, open 'C:\Users\janpa\cd\development\fin\.next\dev\server\pages\_app\build-manifest.json'
    at ignore-listed frames {
  errno: -4058,
  code: 'ENOENT',
  syscall: 'open',
  path: 'C:\\Users\\janpa\\cd\\development\\fin\\.next\\dev\\server\\pages\\_app\\build-manifest.json'
}
⨯ Error: ENOENT: no such file or directory, open 'C:\Users\janpa\cd\development\fin\.next\dev\server\app\login\page\build-manifest.json'
    at ignore-listed frames {
  errno: -4058,
  code: 'ENOENT',
  syscall: 'open',
  path: 'C:\\Users\\janpa\\cd\\development\\fin\\.next\\dev\\server\\app\\login\\page\\build-manifest.json'
}
⨯ Error: ENOENT: no such file or directory, open 'C:\Users\janpa\cd\development\fin\.next\dev\server\pages\_app\build-manifest.json'
    at ignore-listed frames {
  errno: -4058,
  code: 'ENOENT',
  syscall: 'open',
  path: 'C:\\Users\\janpa\\cd\\development\\fin\\.next\\dev\\server\\pages\\_app\\build-manifest.json'
}
Error: ENOENT: no such file or directory, open 'C:\Users\janpa\cd\development\fin\.next\dev\server\app\login\page\build-manifest.json'
    at ignore-listed frames {
  errno: -4058,
  code: 'ENOENT',
  syscall: 'open',
  path: 'C:\\Users\\janpa\\cd\\development\\fin\\.next\\dev\\server\\app\\login\\page\\build-manifest.json'
}
⨯ Error: ENOENT: no such file or directory, open 'C:\Users\janpa\cd\development\fin\.next\dev\server\pages\_app\build-manifest.json'
    at ignore-listed frames {
  errno: -4058,
  code: 'ENOENT',
  syscall: 'open',
  path: 'C:\\Users\\janpa\\cd\\development\\fin\\.next\\dev\\server\\pages\\_app\\build-manifest.json'
}
Error: ENOENT: no such file or directory, open 'C:\Users\janpa\cd\development\fin\.next\dev\server\pages\_app\build-manifest.json'
    at ignore-listed frames {
  errno: -4058,
  code: 'ENOENT',
  syscall: 'open',
  path: 'C:\\Users\\janpa\\cd\\development\\fin\\.next\\dev\\server\\pages\\_app\\build-manifest.json'
}
⨯ Error: ENOENT: no such file or directory, open 'C:\Users\janpa\cd\development\fin\.next\dev\server\app\login\page\build-manifest.json'
    at ignore-listed frames {
  errno: -4058,
  code: 'ENOENT',
  syscall: 'open',
  path: 'C:\\Users\\janpa\\cd\\development\\fin\\.next\\dev\\server\\app\\login\\page\\build-manifest.json'
}
⨯ Error: ENOENT: no such file or directory, open 'C:\Users\janpa\cd\development\fin\.next\dev\server\pages\_app\build-manifest.json'
    at ignore-listed frames {
  errno: -4058,
  code: 'ENOENT',
  syscall: 'open',
  path: 'C:\\Users\\janpa\\cd\\development\\fin\\.next\\dev\\server\\pages\\_app\\build-manifest.json'
}
Error: ENOENT: no such file or directory, open 'C:\Users\janpa\cd\development\fin\.next\dev\server\app\login\page\build-manifest.json'
    at ignore-listed frames {
  errno: -4058,
  code: 'ENOENT',
  syscall: 'open',
  path: 'C:\\Users\\janpa\\cd\\development\\fin\\.next\\dev\\server\\app\\login\\page\\build-manifest.json'
}
⨯ Error: ENOENT: no such file or directory, open 'C:\Users\janpa\cd\development\fin\.next\dev\server\pages\_app\build-manifest.json'
    at ignore-listed frames {
  errno: -4058,
  code: 'ENOENT',
  syscall: 'open',
  path: 'C:\\Users\\janpa\\cd\\development\\fin\\.next\\dev\\server\\pages\\_app\\build-manifest.json'
}
Error: ENOENT: no such file or directory, open 'C:\Users\janpa\cd\development\fin\.next\dev\server\pages\_app\build-manifest.json'
    at ignore-listed frames {
  errno: -4058,
  code: 'ENOENT',
  syscall: 'open',
  path: 'C:\\Users\\janpa\\cd\\development\\fin\\.next\\dev\\server\\pages\\_app\\build-manifest.json'
}
⨯ Error: ENOENT: no such file or directory, open 'C:\Users\janpa\cd\development\fin\.next\dev\server\app\login\page\build-manifest.json'
    at ignore-listed frames {
  errno: -4058,
  code: 'ENOENT',
  syscall: 'open',
  path: 'C:\\Users\\janpa\\cd\\development\\fin\\.next\\dev\\server\\app\\login\\page\\build-manifest.json'
}
⨯ Error: ENOENT: no such file or directory, open 'C:\Users\janpa\cd\development\fin\.next\dev\server\pages\_app\build-manifest.json'
    at ignore-listed frames {
  errno: -4058,
  code: 'ENOENT',
  syscall: 'open',
  path: 'C:\\Users\\janpa\\cd\\development\\fin\\.next\\dev\\server\\pages\\_app\\build-manifest.json'
}
Error: ENOENT: no such file or directory, open 'C:\Users\janpa\cd\development\fin\.next\dev\server\app\login\page\build-manifest.json'
    at ignore-listed frames {
  errno: -4058,
  code: 'ENOENT',
  syscall: 'open',
  path: 'C:\\Users\\janpa\\cd\\development\\fin\\.next\\dev\\server\\app\\login\\page\\build-manifest.json'
}
⨯ Error: ENOENT: no such file or directory, open 'C:\Users\janpa\cd\development\fin\.next\dev\server\pages\_app\build-manifest.json'
    at ignore-listed frames {
  errno: -4058,
  code: 'ENOENT',
  syscall: 'open',
  path: 'C:\\Users\\janpa\\cd\\development\\fin\\.next\\dev\\server\\pages\\_app\\build-manifest.json'
}
Error: ENOENT: no such file or directory, open 'C:\Users\janpa\cd\development\fin\.next\dev\server\pages\_app\build-manifest.json'
    at ignore-listed frames {
  errno: -4058,
  code: 'ENOENT',
  syscall: 'open',
  path: 'C:\\Users\\janpa\\cd\\development\\fin\\.next\\dev\\server\\pages\\_app\\build-manifest.json'
}
⨯ Error: ENOENT: no such file or directory, open 'C:\Users\janpa\cd\development\fin\.next\dev\server\app\login\page\build-manifest.json'
    at ignore-listed frames {
  errno: -4058,
  code: 'ENOENT',
  syscall: 'open',
  path: 'C:\\Users\\janpa\\cd\\development\\fin\\.next\\dev\\server\\app\\login\\page\\build-manifest.json'
}
⨯ Error: ENOENT: no such file or directory, open 'C:\Users\janpa\cd\development\fin\.next\dev\server\pages\_app\build-manifest.json'
    at ignore-listed frames {
  errno: -4058,
  code: 'ENOENT',
  syscall: 'open',
  path: 'C:\\Users\\janpa\\cd\\development\\fin\\.next\\dev\\server\\pages\\_app\\build-manifest.json'
}
Error: ENOENT: no such file or directory, open 'C:\Users\janpa\cd\development\fin\.next\dev\server\app\login\page\build-manifest.json'
    at ignore-listed frames {
  errno: -4058,
  code: 'ENOENT',
  syscall: 'open',
  path: 'C:\\Users\\janpa\\cd\\development\\fin\\.next\\dev\\server\\app\\login\\page\\build-manifest.json'
}
⨯ Error: ENOENT: no such file or directory, open 'C:\Users\janpa\cd\development\fin\.next\dev\server\pages\_app\build-manifest.json'
    at ignore-listed frames {
  errno: -4058,
  code: 'ENOENT',
  syscall: 'open',
  path: 'C:\\Users\\janpa\\cd\\development\\fin\\.next\\dev\\server\\pages\\_app\\build-manifest.json'
}
Error: ENOENT: no such file or directory, open 'C:\Users\janpa\cd\development\fin\.next\dev\server\pages\_app\build-manifest.json'
    at ignore-listed frames {
  errno: -4058,
  code: 'ENOENT',
  syscall: 'open',
  path: 'C:\\Users\\janpa\\cd\\development\\fin\\.next\\dev\\server\\pages\\_app\\build-manifest.json'
}
⨯ Error: ENOENT: no such file or directory, open 'C:\Users\janpa\cd\development\fin\.next\dev\server\app\login\page\build-manifest.json'
    at ignore-listed frames {
  errno: -4058,
  code: 'ENOENT',
  syscall: 'open',
  path: 'C:\\Users\\janpa\\cd\\development\\fin\\.next\\dev\\server\\app\\login\\page\\build-manifest.json'
}
⨯ Error: ENOENT: no such file or directory, open 'C:\Users\janpa\cd\development\fin\.next\dev\server\pages\_app\build-manifest.json'
    at ignore-listed frames {
  errno: -4058,
  code: 'ENOENT',
  syscall: 'open',
  path: 'C:\\Users\\janpa\\cd\\development\\fin\\.next\\dev\\server\\pages\\_app\\build-manifest.json'
}
Error: ENOENT: no such file or directory, open 'C:\Users\janpa\cd\development\fin\.next\dev\server\app\login\page\build-manifest.json'
    at ignore-listed frames {
  errno: -4058,
  code: 'ENOENT',
  syscall: 'open',
  path: 'C:\\Users\\janpa\\cd\\development\\fin\\.next\\dev\\server\\app\\login\\page\\build-manifest.json'
}
⨯ Error: ENOENT: no such file or directory, open 'C:\Users\janpa\cd\development\fin\.next\dev\server\pages\_app\build-manifest.json'
    at ignore-listed frames {
  errno: -4058,
  code: 'ENOENT',
  syscall: 'open',
  path: 'C:\\Users\\janpa\\cd\\development\\fin\\.next\\dev\\server\\pages\\_app\\build-manifest.json'
}
Error: ENOENT: no such file or directory, open 'C:\Users\janpa\cd\development\fin\.next\dev\server\pages\_app\build-manifest.json'
    at ignore-listed frames {
  errno: -4058,
  code: 'ENOENT',
  syscall: 'open',
  path: 'C:\\Users\\janpa\\cd\\development\\fin\\.next\\dev\\server\\pages\\_app\\build-manifest.json'
}
⨯ Error: ENOENT: no such file or directory, open 'C:\Users\janpa\cd\development\fin\.next\dev\server\app\login\page\build-manifest.json'
    at ignore-listed frames {
  errno: -4058,
  code: 'ENOENT',
  syscall: 'open',
  path: 'C:\\Users\\janpa\\cd\\development\\fin\\.next\\dev\\server\\app\\login\\page\\build-manifest.json'
}
⨯ Error: ENOENT: no such file or directory, open 'C:\Users\janpa\cd\development\fin\.next\dev\server\pages\_app\build-manifest.json'
    at ignore-listed frames {
  errno: -4058,
  code: 'ENOENT',
  syscall: 'open',
  path: 'C:\\Users\\janpa\\cd\\development\\fin\\.next\\dev\\server\\pages\\_app\\build-manifest.json'
}
Error: ENOENT: no such file or directory, open 'C:\Users\janpa\cd\development\fin\.next\dev\server\app\login\page\build-manifest.json'
    at ignore-listed frames {
  errno: -4058,
  code: 'ENOENT',
  syscall: 'open',
  path: 'C:\\Users\\janpa\\cd\\development\\fin\\.next\\dev\\server\\app\\login\\page\\build-manifest.json'
}
⨯ Error: ENOENT: no such file or directory, open 'C:\Users\janpa\cd\development\fin\.next\dev\server\pages\_app\build-manifest.json'
    at ignore-listed frames {
  errno: -4058,
  code: 'ENOENT',
  syscall: 'open',
  path: 'C:\\Users\\janpa\\cd\\development\\fin\\.next\\dev\\server\\pages\\_app\\build-manifest.json'
}
Error: ENOENT: no such file or directory, open 'C:\Users\janpa\cd\development\fin\.next\dev\server\pages\_app\build-manifest.json'
    at ignore-listed frames {
  errno: -4058,
  code: 'ENOENT',
  syscall: 'open',
  path: 'C:\\Users\\janpa\\cd\\development\\fin\\.next\\dev\\server\\pages\\_app\\build-manifest.json'
}
⨯ Error: ENOENT: no such file or directory, open 'C:\Users\janpa\cd\development\fin\.next\dev\server\app\login\page\build-manifest.json'
    at ignore-listed frames {
  errno: -4058,
  code: 'ENOENT',
  syscall: 'open',
  path: 'C:\\Users\\janpa\\cd\\development\\fin\\.next\\dev\\server\\app\\login\\page\\build-manifest.json'
}
⨯ Error: ENOENT: no such file or directory, open 'C:\Users\janpa\cd\development\fin\.next\dev\server\pages\_app\build-manifest.json'
    at ignore-listed frames {
  errno: -4058,
  code: 'ENOENT',
  syscall: 'open',
  path: 'C:\\Users\\janpa\\cd\\development\\fin\\.next\\dev\\server\\pages\\_app\\build-manifest.json'
}
Error: ENOENT: no such file or directory, open 'C:\Users\janpa\cd\development\fin\.next\dev\server\app\login\page\build-manifest.json'
    at ignore-listed frames {
  errno: -4058,
  code: 'ENOENT',
  syscall: 'open',
  path: 'C:\\Users\\janpa\\cd\\development\\fin\\.next\\dev\\server\\app\\login\\page\\build-manifest.json'
}
⨯ Error: ENOENT: no such file or directory, open 'C:\Users\janpa\cd\development\fin\.next\dev\server\pages\_app\build-manifest.json'
    at ignore-listed frames {
  errno: -4058,
  code: 'ENOENT',
  syscall: 'open',
  path: 'C:\\Users\\janpa\\cd\\development\\fin\\.next\\dev\\server\\pages\\_app\\build-manifest.json'
}
Error: ENOENT: no such file or directory, open 'C:\Users\janpa\cd\development\fin\.next\dev\server\pages\_app\build-manifest.json'
    at ignore-listed frames {
  errno: -4058,
  code: 'ENOENT',
  syscall: 'open',
  path: 'C:\\Users\\janpa\\cd\\development\\fin\\.next\\dev\\server\\pages\\_app\\build-manifest.json'
}
⨯ Error: ENOENT: no such file or directory, open 'C:\Users\janpa\cd\development\fin\.next\dev\server\app\login\page\build-manifest.json'
    at ignore-listed frames {
  errno: -4058,
  code: 'ENOENT',
  syscall: 'open',
  path: 'C:\\Users\\janpa\\cd\\development\\fin\\.next\\dev\\server\\app\\login\\page\\build-manifest.json'
}
⨯ Error: ENOENT: no such file or directory, open 'C:\Users\janpa\cd\development\fin\.next\dev\server\pages\_app\build-manifest.json'
    at ignore-listed frames {
  errno: -4058,
  code: 'ENOENT',
  syscall: 'open',
  path: 'C:\\Users\\janpa\\cd\\development\\fin\\.next\\dev\\server\\pages\\_app\\build-manifest.json'
}
Error: ENOENT: no such file or directory, open 'C:\Users\janpa\cd\development\fin\.next\dev\server\app\login\page\build-manifest.json'
    at ignore-listed frames {
  errno: -4058,
  code: 'ENOENT',
  syscall: 'open',
  path: 'C:\\Users\\janpa\\cd\\development\\fin\\.next\\dev\\server\\app\\login\\page\\build-manifest.json'
}
⨯ Error: ENOENT: no such file or directory, open 'C:\Users\janpa\cd\development\fin\.next\dev\server\pages\_app\build-manifest.json'
    at ignore-listed frames {
  errno: -4058,
  code: 'ENOENT',
  syscall: 'open',
  path: 'C:\\Users\\janpa\\cd\\development\\fin\\.next\\dev\\server\\pages\\_app\\build-manifest.json'
}
Error: ENOENT: no such file or directory, open 'C:\Users\janpa\cd\development\fin\.next\dev\server\pages\_app\build-manifest.json'
    at ignore-listed frames {
  errno: -4058,
  code: 'ENOENT',
  syscall: 'open',
  path: 'C:\\Users\\janpa\\cd\\development\\fin\\.next\\dev\\server\\pages\\_app\\build-manifest.json'
}
⨯ Error: ENOENT: no such file or directory, open 'C:\Users\janpa\cd\development\fin\.next\dev\server\app\login\page\build-manifest.json'
    at ignore-listed frames {
  errno: -4058,
  code: 'ENOENT',
  syscall: 'open',
  path: 'C:\\Users\\janpa\\cd\\development\\fin\\.next\\dev\\server\\app\\login\\page\\build-manifest.json'
}
⨯ Error: ENOENT: no such file or directory, open 'C:\Users\janpa\cd\development\fin\.next\dev\server\pages\_app\build-manifest.json'
    at ignore-listed frames {
  errno: -4058,
  code: 'ENOENT',
  syscall: 'open',
  path: 'C:\\Users\\janpa\\cd\\development\\fin\\.next\\dev\\server\\pages\\_app\\build-manifest.json'
}
Error: ENOENT: no such file or directory, open 'C:\Users\janpa\cd\development\fin\.next\dev\server\app\login\page\build-manifest.json'
    at ignore-listed frames {
  errno: -4058,
  code: 'ENOENT',
  syscall: 'open',
  path: 'C:\\Users\\janpa\\cd\\development\\fin\\.next\\dev\\server\\app\\login\\page\\build-manifest.json'
}
⨯ Error: ENOENT: no such file or directory, open 'C:\Users\janpa\cd\development\fin\.next\dev\server\pages\_app\build-manifest.json'
    at ignore-listed frames {
  errno: -4058,
  code: 'ENOENT',
  syscall: 'open',
  path: 'C:\\Users\\janpa\\cd\\development\\fin\\.next\\dev\\server\\pages\\_app\\build-manifest.json'
}
Error: ENOENT: no such file or directory, open 'C:\Users\janpa\cd\development\fin\.next\dev\server\pages\_app\build-manifest.json'
    at ignore-listed frames {
  errno: -4058,
  code: 'ENOENT',
  syscall: 'open',
  path: 'C:\\Users\\janpa\\cd\\development\\fin\\.next\\dev\\server\\pages\\_app\\build-manifest.json'
}
⨯ Error: ENOENT: no such file or directory, open 'C:\Users\janpa\cd\development\fin\.next\dev\server\app\login\page\build-manifest.json'
    at ignore-listed frames {
  errno: -4058,
  code: 'ENOENT',
  syscall: 'open',
  path: 'C:\\Users\\janpa\\cd\\development\\fin\\.next\\dev\\server\\app\\login\\page\\build-manifest.json'
}
⨯ Error: ENOENT: no such file or directory, open 'C:\Users\janpa\cd\development\fin\.next\dev\server\pages\_app\build-manifest.json'
    at ignore-listed frames {
  errno: -4058,
  code: 'ENOENT',
  syscall: 'open',
  path: 'C:\\Users\\janpa\\cd\\development\\fin\\.next\\dev\\server\\pages\\_app\\build-manifest.json'
}
Error: ENOENT: no such file or directory, open 'C:\Users\janpa\cd\development\fin\.next\dev\server\app\login\page\build-manifest.json'
    at ignore-listed frames {
  errno: -4058,
  code: 'ENOENT',
  syscall: 'open',
  path: 'C:\\Users\\janpa\\cd\\development\\fin\\.next\\dev\\server\\app\\login\\page\\build-manifest.json'
}
⨯ Error: ENOENT: no such file or directory, open 'C:\Users\janpa\cd\development\fin\.next\dev\server\pages\_app\build-manifest.json'
    at ignore-listed frames {
  errno: -4058,
  code: 'ENOENT',
  syscall: 'open',
  path: 'C:\\Users\\janpa\\cd\\development\\fin\\.next\\dev\\server\\pages\\_app\\build-manifest.json'
}
Error: ENOENT: no such file or directory, open 'C:\Users\janpa\cd\development\fin\.next\dev\server\pages\_app\build-manifest.json'
    at ignore-listed frames {
  errno: -4058,
  code: 'ENOENT',
  syscall: 'open',
  path: 'C:\\Users\\janpa\\cd\\development\\fin\\.next\\dev\\server\\pages\\_app\\build-manifest.json'
}
⨯ Error: ENOENT: no such file or directory, open 'C:\Users\janpa\cd\development\fin\.next\dev\server\app\login\page\build-manifest.json'
    at ignore-listed frames {
  errno: -4058,
  code: 'ENOENT',
  syscall: 'open',
  path: 'C:\\Users\\janpa\\cd\\development\\fin\\.next\\dev\\server\\app\\login\\page\\build-manifest.json'
}
⨯ Error: ENOENT: no such file or directory, open 'C:\Users\janpa\cd\development\fin\.next\dev\server\pages\_app\build-manifest.json'
    at ignore-listed frames {
  errno: -4058,
  code: 'ENOENT',
  syscall: 'open',
  path: 'C:\\Users\\janpa\\cd\\development\\fin\\.next\\dev\\server\\pages\\_app\\build-manifest.json'
}
Error: ENOENT: no such file or directory, open 'C:\Users\janpa\cd\development\fin\.next\dev\server\app\login\page\build-manifest.json'
    at ignore-listed frames {
  errno: -4058,
  code: 'ENOENT',
  syscall: 'open',
  path: 'C:\\Users\\janpa\\cd\\development\\fin\\.next\\dev\\server\\app\\login\\page\\build-manifest.json'
}
⨯ Error: ENOENT: no such file or directory, open 'C:\Users\janpa\cd\development\fin\.next\dev\server\pages\_app\build-manifest.json'
    at ignore-listed frames {
  errno: -4058,
  code: 'ENOENT',
  syscall: 'open',
  path: 'C:\\Users\\janpa\\cd\\development\\fin\\.next\\dev\\server\\pages\\_app\\build-manifest.json'
}
Error: ENOENT: no such file or directory, open 'C:\Users\janpa\cd\development\fin\.next\dev\server\pages\_app\build-manifest.json'
    at ignore-listed frames {
  errno: -4058,
  code: 'ENOENT',
  syscall: 'open',
  path: 'C:\\Users\\janpa\\cd\\development\\fin\\.next\\dev\\server\\pages\\_app\\build-manifest.json'
}
⨯ Error: ENOENT: no such file or directory, open 'C:\Users\janpa\cd\development\fin\.next\dev\server\app\login\page\build-manifest.json'
    at ignore-listed frames {
  errno: -4058,
  code: 'ENOENT',
  syscall: 'open',
  path: 'C:\\Users\\janpa\\cd\\development\\fin\\.next\\dev\\server\\app\\login\\page\\build-manifest.json'
}
⨯ Error: ENOENT: no such file or directory, open 'C:\Users\janpa\cd\development\fin\.next\dev\server\pages\_app\build-manifest.json'
    at ignore-listed frames {
  errno: -4058,
  code: 'ENOENT',
  syscall: 'open',
  path: 'C:\\Users\\janpa\\cd\\development\\fin\\.next\\dev\\server\\pages\\_app\\build-manifest.json'
}
Error: ENOENT: no such file or directory, open 'C:\Users\janpa\cd\development\fin\.next\dev\server\app\login\page\build-manifest.json'
    at ignore-listed frames {
  errno: -4058,
  code: 'ENOENT',
  syscall: 'open',
  path: 'C:\\Users\\janpa\\cd\\development\\fin\\.next\\dev\\server\\app\\login\\page\\build-manifest.json'
}
⨯ Error: ENOENT: no such file or directory, open 'C:\Users\janpa\cd\development\fin\.next\dev\server\pages\_app\build-manifest.json'
    at ignore-listed frames {
  errno: -4058,
  code: 'ENOENT',
  syscall: 'open',
  path: 'C:\\Users\\janpa\\cd\\development\\fin\\.next\\dev\\server\\pages\\_app\\build-manifest.json'
}
Error: ENOENT: no such file or directory, open 'C:\Users\janpa\cd\development\fin\.next\dev\server\pages\_app\build-manifest.json'
    at ignore-listed frames {
  errno: -4058,
  code: 'ENOENT',
  syscall: 'open',
  path: 'C:\\Users\\janpa\\cd\\development\\fin\\.next\\dev\\server\\pages\\_app\\build-manifest.json'
}
⨯ Error: ENOENT: no such file or directory, open 'C:\Users\janpa\cd\development\fin\.next\dev\server\app\login\page\build-manifest.json'
    at ignore-listed frames {
  errno: -4058,
  code: 'ENOENT',
  syscall: 'open',
  path: 'C:\\Users\\janpa\\cd\\development\\fin\\.next\\dev\\server\\app\\login\\page\\build-manifest.json'
}
⨯ Error: ENOENT: no such file or directory, open 'C:\Users\janpa\cd\development\fin\.next\dev\server\pages\_app\build-manifest.json'
    at ignore-listed frames {
  errno: -4058,
  code: 'ENOENT',
  syscall: 'open',
  path: 'C:\\Users\\janpa\\cd\\development\\fin\\.next\\dev\\server\\pages\\_app\\build-manifest.json'
}
Error: ENOENT: no such file or directory, open 'C:\Users\janpa\cd\development\fin\.next\dev\server\app\login\page\build-manifest.json'
    at ignore-listed frames {
  errno: -4058,
  code: 'ENOENT',
  syscall: 'open',
  path: 'C:\\Users\\janpa\\cd\\development\\fin\\.next\\dev\\server\\app\\login\\page\\build-manifest.json'
}
⨯ Error: ENOENT: no such file or directory, open 'C:\Users\janpa\cd\development\fin\.next\dev\server\pages\_app\build-manifest.json'
    at ignore-listed frames {
  errno: -4058,
  code: 'ENOENT',
  syscall: 'open',
  path: 'C:\\Users\\janpa\\cd\\development\\fin\\.next\\dev\\server\\pages\\_app\\build-manifest.json'
}
Error: ENOENT: no such file or directory, open 'C:\Users\janpa\cd\development\fin\.next\dev\server\pages\_app\build-manifest.json'
    at ignore-listed frames {
  errno: -4058,
  code: 'ENOENT',
  syscall: 'open',
  path: 'C:\\Users\\janpa\\cd\\development\\fin\\.next\\dev\\server\\pages\\_app\\build-manifest.json'
}
⨯ Error: ENOENT: no such file or directory, open 'C:\Users\janpa\cd\development\fin\.next\dev\server\app\login\page\build-manifest.json'
    at ignore-listed frames {
  errno: -4058,
  code: 'ENOENT',
  syscall: 'open',
  path: 'C:\\Users\\janpa\\cd\\development\\fin\\.next\\dev\\server\\app\\login\\page\\build-manifest.json'
}
⨯ Error: ENOENT: no such file or directory, open 'C:\Users\janpa\cd\development\fin\.next\dev\server\pages\_app\build-manifest.json'
    at ignore-listed frames {
  errno: -4058,
  code: 'ENOENT',
  syscall: 'open',
  path: 'C:\\Users\\janpa\\cd\\development\\fin\\.next\\dev\\server\\pages\\_app\\build-manifest.json'
}
Error: ENOENT: no such file or directory, open 'C:\Users\janpa\cd\development\fin\.next\dev\server\app\login\page\build-manifest.json'
    at ignore-listed frames {
  errno: -4058,
  code: 'ENOENT',
  syscall: 'open',
  path: 'C:\\Users\\janpa\\cd\\development\\fin\\.next\\dev\\server\\app\\login\\page\\build-manifest.json'
}
⨯ Error: ENOENT: no such file or directory, open 'C:\Users\janpa\cd\development\fin\.next\dev\server\pages\_app\build-manifest.json'
    at ignore-listed frames {
  errno: -4058,
  code: 'ENOENT',
  syscall: 'open',
  path: 'C:\\Users\\janpa\\cd\\development\\fin\\.next\\dev\\server\\pages\\_app\\build-manifest.json'
}
Error: ENOENT: no such file or directory, open 'C:\Users\janpa\cd\development\fin\.next\dev\server\pages\_app\build-manifest.json'
    at ignore-listed frames {
  errno: -4058,
  code: 'ENOENT',
  syscall: 'open',
  path: 'C:\\Users\\janpa\\cd\\development\\fin\\.next\\dev\\server\\pages\\_app\\build-manifest.json'
}
⨯ Error: ENOENT: no such file or directory, open 'C:\Users\janpa\cd\development\fin\.next\dev\server\app\login\page\build-manifest.json'
    at ignore-listed frames {
  errno: -4058,
  code: 'ENOENT',
  syscall: 'open',
  path: 'C:\\Users\\janpa\\cd\\development\\fin\\.next\\dev\\server\\app\\login\\page\\build-manifest.json'
}
⨯ Error: ENOENT: no such file or directory, open 'C:\Users\janpa\cd\development\fin\.next\dev\server\pages\_app\build-manifest.json'
    at ignore-listed frames {
  errno: -4058,
  code: 'ENOENT',
  syscall: 'open',
  path: 'C:\\Users\\janpa\\cd\\development\\fin\\.next\\dev\\server\\pages\\_app\\build-manifest.json'
}
Error: ENOENT: no such file or directory, open 'C:\Users\janpa\cd\development\fin\.next\dev\server\app\login\page\build-manifest.json'
    at ignore-listed frames {
  errno: -4058,
  code: 'ENOENT',
  syscall: 'open',
  path: 'C:\\Users\\janpa\\cd\\development\\fin\\.next\\dev\\server\\app\\login\\page\\build-manifest.json'
}
⨯ Error: ENOENT: no such file or directory, open 'C:\Users\janpa\cd\development\fin\.next\dev\server\pages\_app\build-manifest.json'
    at ignore-listed frames {
  errno: -4058,
  code: 'ENOENT',
  syscall: 'open',
  path: 'C:\\Users\\janpa\\cd\\development\\fin\\.next\\dev\\server\\pages\\_app\\build-manifest.json'
}
Error: ENOENT: no such file or directory, open 'C:\Users\janpa\cd\development\fin\.next\dev\server\pages\_app\build-manifest.json'
    at ignore-listed frames {
  errno: -4058,
  code: 'ENOENT',
  syscall: 'open',
  path: 'C:\\Users\\janpa\\cd\\development\\fin\\.next\\dev\\server\\pages\\_app\\build-manifest.json'
}
⨯ Error: ENOENT: no such file or directory, open 'C:\Users\janpa\cd\development\fin\.next\dev\server\app\login\page\build-manifest.json'
    at ignore-listed frames {
  errno: -4058,
  code: 'ENOENT',
  syscall: 'open',
  path: 'C:\\Users\\janpa\\cd\\development\\fin\\.next\\dev\\server\\app\\login\\page\\build-manifest.json'
}
⨯ Error: ENOENT: no such file or directory, open 'C:\Users\janpa\cd\development\fin\.next\dev\server\pages\_app\build-manifest.json'
    at ignore-listed frames {
  errno: -4058,
  code: 'ENOENT',
  syscall: 'open',
  path: 'C:\\Users\\janpa\\cd\\development\\fin\\.next\\dev\\server\\pages\\_app\\build-manifest.json'
}
Error: ENOENT: no such file or directory, open 'C:\Users\janpa\cd\development\fin\.next\dev\server\app\login\page\build-manifest.json'
    at ignore-listed frames {
  errno: -4058,
  code: 'ENOENT',
  syscall: 'open',
  path: 'C:\\Users\\janpa\\cd\\development\\fin\\.next\\dev\\server\\app\\login\\page\\build-manifest.json'
}
⨯ Error: ENOENT: no such file or directory, open 'C:\Users\janpa\cd\development\fin\.next\dev\server\pages\_app\build-manifest.json'
    at ignore-listed frames {
  errno: -4058,
  code: 'ENOENT',
  syscall: 'open',
  path: 'C:\\Users\\janpa\\cd\\development\\fin\\.next\\dev\\server\\pages\\_app\\build-manifest.json'
}
Error: ENOENT: no such file or directory, open 'C:\Users\janpa\cd\development\fin\.next\dev\server\pages\_app\build-manifest.json'
    at ignore-listed frames {
  errno: -4058,
  code: 'ENOENT',
  syscall: 'open',
  path: 'C:\\Users\\janpa\\cd\\development\\fin\\.next\\dev\\server\\pages\\_app\\build-manifest.json'
}
⨯ Error: ENOENT: no such file or directory, open 'C:\Users\janpa\cd\development\fin\.next\dev\server\app\login\page\build-manifest.json'
    at ignore-listed frames {
  errno: -4058,
  code: 'ENOENT',
  syscall: 'open',
  path: 'C:\\Users\\janpa\\cd\\development\\fin\\.next\\dev\\server\\app\\login\\page\\build-manifest.json'
}
⨯ Error: ENOENT: no such file or directory, open 'C:\Users\janpa\cd\development\fin\.next\dev\server\pages\_app\build-manifest.json'
    at ignore-listed frames {
  errno: -4058,
  code: 'ENOENT',
  syscall: 'open',
  path: 'C:\\Users\\janpa\\cd\\development\\fin\\.next\\dev\\server\\pages\\_app\\build-manifest.json'
}
Error: ENOENT: no such file or directory, open 'C:\Users\janpa\cd\development\fin\.next\dev\server\app\login\page\build-manifest.json'
    at ignore-listed frames {
  errno: -4058,
  code: 'ENOENT',
  syscall: 'open',
  path: 'C:\\Users\\janpa\\cd\\development\\fin\\.next\\dev\\server\\app\\login\\page\\build-manifest.json'
}
⨯ Error: ENOENT: no such file or directory, open 'C:\Users\janpa\cd\development\fin\.next\dev\server\pages\_app\build-manifest.json'
    at ignore-listed frames {
  errno: -4058,
  code: 'ENOENT',
  syscall: 'open',
  path: 'C:\\Users\\janpa\\cd\\development\\fin\\.next\\dev\\server\\pages\\_app\\build-manifest.json'
}
Error: ENOENT: no such file or directory, open 'C:\Users\janpa\cd\development\fin\.next\dev\server\pages\_app\build-manifest.json'
    at ignore-listed frames {
  errno: -4058,
  code: 'ENOENT',
  syscall: 'open',
  path: 'C:\\Users\\janpa\\cd\\development\\fin\\.next\\dev\\server\\pages\\_app\\build-manifest.json'
}
⨯ Error: ENOENT: no such file or directory, open 'C:\Users\janpa\cd\development\fin\.next\dev\server\app\login\page\build-manifest.json'
    at ignore-listed frames {
  errno: -4058,
  code: 'ENOENT',
  syscall: 'open',
  path: 'C:\\Users\\janpa\\cd\\development\\fin\\.next\\dev\\server\\app\\login\\page\\build-manifest.json'
}
⨯ Error: ENOENT: no such file or directory, open 'C:\Users\janpa\cd\development\fin\.next\dev\server\pages\_app\build-manifest.json'
    at ignore-listed frames {
  errno: -4058,
  code: 'ENOENT',
  syscall: 'open',
  path: 'C:\\Users\\janpa\\cd\\development\\fin\\.next\\dev\\server\\pages\\_app\\build-manifest.json'
}
Error: ENOENT: no such file or directory, open 'C:\Users\janpa\cd\development\fin\.next\dev\server\app\login\page\build-manifest.json'
    at ignore-listed frames {
  errno: -4058,
  code: 'ENOENT',
  syscall: 'open',
  path: 'C:\\Users\\janpa\\cd\\development\\fin\\.next\\dev\\server\\app\\login\\page\\build-manifest.json'
}
⨯ Error: ENOENT: no such file or directory, open 'C:\Users\janpa\cd\development\fin\.next\dev\server\pages\_app\build-manifest.json'
    at ignore-listed frames {
  errno: -4058,
  code: 'ENOENT',
  syscall: 'open',
  path: 'C:\\Users\\janpa\\cd\\development\\fin\\.next\\dev\\server\\pages\\_app\\build-manifest.json'
}
Error: ENOENT: no such file or directory, open 'C:\Users\janpa\cd\development\fin\.next\dev\server\pages\_app\build-manifest.json'
    at ignore-listed frames {
  errno: -4058,
  code: 'ENOENT',
  syscall: 'open',
  path: 'C:\\Users\\janpa\\cd\\development\\fin\\.next\\dev\\server\\pages\\_app\\build-manifest.json'
}
⨯ Error: ENOENT: no such file or directory, open 'C:\Users\janpa\cd\development\fin\.next\dev\server\app\login\page\build-manifest.json'
    at ignore-listed frames {
  errno: -4058,
  code: 'ENOENT',
  syscall: 'open',
  path: 'C:\\Users\\janpa\\cd\\development\\fin\\.next\\dev\\server\\app\\login\\page\\build-manifest.json'
}
⨯ Error: ENOENT: no such file or directory, open 'C:\Users\janpa\cd\development\fin\.next\dev\server\pages\_app\build-manifest.json'
    at ignore-listed frames {
  errno: -4058,
  code: 'ENOENT',
  syscall: 'open',
  path: 'C:\\Users\\janpa\\cd\\development\\fin\\.next\\dev\\server\\pages\\_app\\build-manifest.json'
}
Error: ENOENT: no such file or directory, open 'C:\Users\janpa\cd\development\fin\.next\dev\server\app\login\page\build-manifest.json'
    at ignore-listed frames {
  errno: -4058,
  code: 'ENOENT',
  syscall: 'open',
  path: 'C:\\Users\\janpa\\cd\\development\\fin\\.next\\dev\\server\\app\\login\\page\\build-manifest.json'
}
⨯ Error: ENOENT: no such file or directory, open 'C:\Users\janpa\cd\development\fin\.next\dev\server\pages\_app\build-manifest.json'
    at ignore-listed frames {
  errno: -4058,
  code: 'ENOENT',
  syscall: 'open',
  path: 'C:\\Users\\janpa\\cd\\development\\fin\\.next\\dev\\server\\pages\\_app\\build-manifest.json'
}
Error: ENOENT: no such file or directory, open 'C:\Users\janpa\cd\development\fin\.next\dev\server\pages\_app\build-manifest.json'
    at ignore-listed frames {
  errno: -4058,
  code: 'ENOENT',
  syscall: 'open',
  path: 'C:\\Users\\janpa\\cd\\development\\fin\\.next\\dev\\server\\pages\\_app\\build-manifest.json'
}
⨯ Error: ENOENT: no such file or directory, open 'C:\Users\janpa\cd\development\fin\.next\dev\server\app\login\page\build-manifest.json'
    at ignore-listed frames {
  errno: -4058,
  code: 'ENOENT',
  syscall: 'open',
  path: 'C:\\Users\\janpa\\cd\\development\\fin\\.next\\dev\\server\\app\\login\\page\\build-manifest.json'
}
⨯ Error: ENOENT: no such file or directory, open 'C:\Users\janpa\cd\development\fin\.next\dev\server\pages\_app\build-manifest.json'
    at ignore-listed frames {
  errno: -4058,
  code: 'ENOENT',
  syscall: 'open',
  path: 'C:\\Users\\janpa\\cd\\development\\fin\\.next\\dev\\server\\pages\\_app\\build-manifest.json'
}
Error: ENOENT: no such file or directory, open 'C:\Users\janpa\cd\development\fin\.next\dev\server\app\login\page\build-manifest.json'
    at ignore-listed frames {
  errno: -4058,
  code: 'ENOENT',
  syscall: 'open',
  path: 'C:\\Users\\janpa\\cd\\development\\fin\\.next\\dev\\server\\app\\login\\page\\build-manifest.json'
}
⨯ Error: ENOENT: no such file or directory, open 'C:\Users\janpa\cd\development\fin\.next\dev\server\pages\_app\build-manifest.json'
    at ignore-listed frames {
  errno: -4058,
  code: 'ENOENT',
  syscall: 'open',
  path: 'C:\\Users\\janpa\\cd\\development\\fin\\.next\\dev\\server\\pages\\_app\\build-manifest.json'
}
Error: ENOENT: no such file or directory, open 'C:\Users\janpa\cd\development\fin\.next\dev\server\pages\_app\build-manifest.json'
    at ignore-listed frames {
  errno: -4058,
  code: 'ENOENT',
  syscall: 'open',
  path: 'C:\\Users\\janpa\\cd\\development\\fin\\.next\\dev\\server\\pages\\_app\\build-manifest.json'
}
⨯ Error: ENOENT: no such file or directory, open 'C:\Users\janpa\cd\development\fin\.next\dev\server\app\login\page\build-manifest.json'
    at ignore-listed frames {
  errno: -4058,
  code: 'ENOENT',
  syscall: 'open',
  path: 'C:\\Users\\janpa\\cd\\development\\fin\\.next\\dev\\server\\app\\login\\page\\build-manifest.json'
}
⨯ Error: ENOENT: no such file or directory, open 'C:\Users\janpa\cd\development\fin\.next\dev\server\pages\_app\build-manifest.json'
    at ignore-listed frames {
  errno: -4058,
  code: 'ENOENT',
  syscall: 'open',
  path: 'C:\\Users\\janpa\\cd\\development\\fin\\.next\\dev\\server\\pages\\_app\\build-manifest.json'
}
Error: ENOENT: no such file or directory, open 'C:\Users\janpa\cd\development\fin\.next\dev\server\app\login\page\build-manifest.json'
    at ignore-listed frames {
  errno: -4058,
  code: 'ENOENT',
  syscall: 'open',
  path: 'C:\\Users\\janpa\\cd\\development\\fin\\.next\\dev\\server\\app\\login\\page\\build-manifest.json'
}
⨯ Error: ENOENT: no such file or directory, open 'C:\Users\janpa\cd\development\fin\.next\dev\server\pages\_app\build-manifest.json'
    at ignore-listed frames {
  errno: -4058,
  code: 'ENOENT',
  syscall: 'open',
  path: 'C:\\Users\\janpa\\cd\\development\\fin\\.next\\dev\\server\\pages\\_app\\build-manifest.json'
}
Error: ENOENT: no such file or directory, open 'C:\Users\janpa\cd\development\fin\.next\dev\server\pages\_app\build-manifest.json'
    at ignore-listed frames {
  errno: -4058,
  code: 'ENOENT',
  syscall: 'open',
  path: 'C:\\Users\\janpa\\cd\\development\\fin\\.next\\dev\\server\\pages\\_app\\build-manifest.json'
}
⨯ Error: ENOENT: no such file or directory, open 'C:\Users\janpa\cd\development\fin\.next\dev\server\app\login\page\build-manifest.json'
    at ignore-listed frames {
  errno: -4058,
  code: 'ENOENT',
  syscall: 'open',
  path: 'C:\\Users\\janpa\\cd\\development\\fin\\.next\\dev\\server\\app\\login\\page\\build-manifest.json'
}
⨯ Error: ENOENT: no such file or directory, open 'C:\Users\janpa\cd\development\fin\.next\dev\server\pages\_app\build-manifest.json'
    at ignore-listed frames {
  errno: -4058,
  code: 'ENOENT',
  syscall: 'open',
  path: 'C:\\Users\\janpa\\cd\\development\\fin\\.next\\dev\\server\\pages\\_app\\build-manifest.json'
}
Error: ENOENT: no such file or directory, open 'C:\Users\janpa\cd\development\fin\.next\dev\server\app\login\page\build-manifest.json'
    at ignore-listed frames {
  errno: -4058,
  code: 'ENOENT',
  syscall: 'open',
  path: 'C:\\Users\\janpa\\cd\\development\\fin\\.next\\dev\\server\\app\\login\\page\\build-manifest.json'
}
⨯ Error: ENOENT: no such file or directory, open 'C:\Users\janpa\cd\development\fin\.next\dev\server\pages\_app\build-manifest.json'
    at ignore-listed frames {
  errno: -4058,
  code: 'ENOENT',
  syscall: 'open',
  path: 'C:\\Users\\janpa\\cd\\development\\fin\\.next\\dev\\server\\pages\\_app\\build-manifest.json'
}
Error: ENOENT: no such file or directory, open 'C:\Users\janpa\cd\development\fin\.next\dev\server\pages\_app\build-manifest.json'
    at ignore-listed frames {
  errno: -4058,
  code: 'ENOENT',
  syscall: 'open',
  path: 'C:\\Users\\janpa\\cd\\development\\fin\\.next\\dev\\server\\pages\\_app\\build-manifest.json'
}
⨯ Error: ENOENT: no such file or directory, open 'C:\Users\janpa\cd\development\fin\.next\dev\server\app\login\page\build-manifest.json'
    at ignore-listed frames {
  errno: -4058,
  code: 'ENOENT',
  syscall: 'open',
  path: 'C:\\Users\\janpa\\cd\\development\\fin\\.next\\dev\\server\\app\\login\\page\\build-manifest.json'
}
⨯ Error: ENOENT: no such file or directory, open 'C:\Users\janpa\cd\development\fin\.next\dev\server\pages\_app\build-manifest.json'
    at ignore-listed frames {
  errno: -4058,
  code: 'ENOENT',
  syscall: 'open',
  path: 'C:\\Users\\janpa\\cd\\development\\fin\\.next\\dev\\server\\pages\\_app\\build-manifest.json'
}
Error: ENOENT: no such file or directory, open 'C:\Users\janpa\cd\development\fin\.next\dev\server\app\login\page\build-manifest.json'
    at ignore-listed frames {
  errno: -4058,
  code: 'ENOENT',
  syscall: 'open',
  path: 'C:\\Users\\janpa\\cd\\development\\fin\\.next\\dev\\server\\app\\login\\page\\build-manifest.json'
}
⨯ Error: ENOENT: no such file or directory, open 'C:\Users\janpa\cd\development\fin\.next\dev\server\pages\_app\build-manifest.json'
    at ignore-listed frames {
  errno: -4058,
  code: 'ENOENT',
  syscall: 'open',
  path: 'C:\\Users\\janpa\\cd\\development\\fin\\.next\\dev\\server\\pages\\_app\\build-manifest.json'
}
Error: ENOENT: no such file or directory, open 'C:\Users\janpa\cd\development\fin\.next\dev\server\pages\_app\build-manifest.json'
    at ignore-listed frames {
  errno: -4058,
  code: 'ENOENT',
  syscall: 'open',
  path: 'C:\\Users\\janpa\\cd\\development\\fin\\.next\\dev\\server\\pages\\_app\\build-manifest.json'
}
⨯ Error: ENOENT: no such file or directory, open 'C:\Users\janpa\cd\development\fin\.next\dev\server\app\login\page\build-manifest.json'
    at ignore-listed frames {
  errno: -4058,
  code: 'ENOENT',
  syscall: 'open',
  path: 'C:\\Users\\janpa\\cd\\development\\fin\\.next\\dev\\server\\app\\login\\page\\build-manifest.json'
}
⨯ Error: ENOENT: no such file or directory, open 'C:\Users\janpa\cd\development\fin\.next\dev\server\pages\_app\build-manifest.json'
    at ignore-listed frames {
  errno: -4058,
  code: 'ENOENT',
  syscall: 'open',
  path: 'C:\\Users\\janpa\\cd\\development\\fin\\.next\\dev\\server\\pages\\_app\\build-manifest.json'
}
Error: ENOENT: no such file or directory, open 'C:\Users\janpa\cd\development\fin\.next\dev\server\app\login\page\build-manifest.json'
    at ignore-listed frames {
  errno: -4058,
  code: 'ENOENT',
  syscall: 'open',
  path: 'C:\\Users\\janpa\\cd\\development\\fin\\.next\\dev\\server\\app\\login\\page\\build-manifest.json'
}
⨯ Error: ENOENT: no such file or directory, open 'C:\Users\janpa\cd\development\fin\.next\dev\server\pages\_app\build-manifest.json'
    at ignore-listed frames {
  errno: -4058,
  code: 'ENOENT',
  syscall: 'open',
  path: 'C:\\Users\\janpa\\cd\\development\\fin\\.next\\dev\\server\\pages\\_app\\build-manifest.json'
}
Error: ENOENT: no such file or directory, open 'C:\Users\janpa\cd\development\fin\.next\dev\server\pages\_app\build-manifest.json'
    at ignore-listed frames {
  errno: -4058,
  code: 'ENOENT',
  syscall: 'open',
  path: 'C:\\Users\\janpa\\cd\\development\\fin\\.next\\dev\\server\\pages\\_app\\build-manifest.json'
}
⨯ Error: ENOENT: no such file or directory, open 'C:\Users\janpa\cd\development\fin\.next\dev\server\app\login\page\build-manifest.json'
    at ignore-listed frames {
  errno: -4058,
  code: 'ENOENT',
  syscall: 'open',
  path: 'C:\\Users\\janpa\\cd\\development\\fin\\.next\\dev\\server\\app\\login\\page\\build-manifest.json'
}
⨯ Error: ENOENT: no such file or directory, open 'C:\Users\janpa\cd\development\fin\.next\dev\server\pages\_app\build-manifest.json'
    at ignore-listed frames {
  errno: -4058,
  code: 'ENOENT',
  syscall: 'open',
  path: 'C:\\Users\\janpa\\cd\\development\\fin\\.next\\dev\\server\\pages\\_app\\build-manifest.json'
}
Error: ENOENT: no such file or directory, open 'C:\Users\janpa\cd\development\fin\.next\dev\server\app\login\page\build-manifest.json'
    at ignore-listed frames {
  errno: -4058,
  code: 'ENOENT',
  syscall: 'open',
  path: 'C:\\Users\\janpa\\cd\\development\\fin\\.next\\dev\\server\\app\\login\\page\\build-manifest.json'
}
⨯ Error: ENOENT: no such file or directory, open 'C:\Users\janpa\cd\development\fin\.next\dev\server\pages\_app\build-manifest.json'
    at ignore-listed frames {
  errno: -4058,
  code: 'ENOENT',
  syscall: 'open',
  path: 'C:\\Users\\janpa\\cd\\development\\fin\\.next\\dev\\server\\pages\\_app\\build-manifest.json'
}
Error: ENOENT: no such file or directory, open 'C:\Users\janpa\cd\development\fin\.next\dev\server\pages\_app\build-manifest.json'
    at ignore-listed frames {
  errno: -4058,
  code: 'ENOENT',
  syscall: 'open',
  path: 'C:\\Users\\janpa\\cd\\development\\fin\\.next\\dev\\server\\pages\\_app\\build-manifest.json'
}
⨯ Error: ENOENT: no such file or directory, open 'C:\Users\janpa\cd\development\fin\.next\dev\server\app\login\page\build-manifest.json'
    at ignore-listed frames {
  errno: -4058,
  code: 'ENOENT',
  syscall: 'open',
  path: 'C:\\Users\\janpa\\cd\\development\\fin\\.next\\dev\\server\\app\\login\\page\\build-manifest.json'
}
⨯ Error: ENOENT: no such file or directory, open 'C:\Users\janpa\cd\development\fin\.next\dev\server\pages\_app\build-manifest.json'
    at ignore-listed frames {
  errno: -4058,
  code: 'ENOENT',
  syscall: 'open',
  path: 'C:\\Users\\janpa\\cd\\development\\fin\\.next\\dev\\server\\pages\\_app\\build-manifest.json'
}
Error: ENOENT: no such file or directory, open 'C:\Users\janpa\cd\development\fin\.next\dev\server\app\login\page\build-manifest.json'
    at ignore-listed frames {
  errno: -4058,
  code: 'ENOENT',
  syscall: 'open',
  path: 'C:\\Users\\janpa\\cd\\development\\fin\\.next\\dev\\server\\app\\login\\page\\build-manifest.json'
}
⨯ Error: ENOENT: no such file or directory, open 'C:\Users\janpa\cd\development\fin\.next\dev\server\pages\_app\build-manifest.json'
    at ignore-listed frames {
  errno: -4058,
  code: 'ENOENT',
  syscall: 'open',
  path: 'C:\\Users\\janpa\\cd\\development\\fin\\.next\\dev\\server\\pages\\_app\\build-manifest.json'
}
Error: ENOENT: no such file or directory, open 'C:\Users\janpa\cd\development\fin\.next\dev\server\pages\_app\build-manifest.json'
    at ignore-listed frames {
  errno: -4058,
  code: 'ENOENT',
  syscall: 'open',
  path: 'C:\\Users\\janpa\\cd\\development\\fin\\.next\\dev\\server\\pages\\_app\\build-manifest.json'
}
⨯ Error: ENOENT: no such file or directory, open 'C:\Users\janpa\cd\development\fin\.next\dev\server\app\login\page\build-manifest.json'
    at ignore-listed frames {
  errno: -4058,
  code: 'ENOENT',
  syscall: 'open',
  path: 'C:\\Users\\janpa\\cd\\development\\fin\\.next\\dev\\server\\app\\login\\page\\build-manifest.json'
}
⨯ Error: ENOENT: no such file or directory, open 'C:\Users\janpa\cd\development\fin\.next\dev\server\pages\_app\build-manifest.json'
    at ignore-listed frames {
  errno: -4058,
  code: 'ENOENT',
  syscall: 'open',
  path: 'C:\\Users\\janpa\\cd\\development\\fin\\.next\\dev\\server\\pages\\_app\\build-manifest.json'
}
Error: ENOENT: no such file or directory, open 'C:\Users\janpa\cd\development\fin\.next\dev\server\app\login\page\build-manifest.json'
    at ignore-listed frames {
  errno: -4058,
  code: 'ENOENT',
  syscall: 'open',
  path: 'C:\\Users\\janpa\\cd\\development\\fin\\.next\\dev\\server\\app\\login\\page\\build-manifest.json'
}
⨯ Error: ENOENT: no such file or directory, open 'C:\Users\janpa\cd\development\fin\.next\dev\server\pages\_app\build-manifest.json'
    at ignore-listed frames {
  errno: -4058,
  code: 'ENOENT',
  syscall: 'open',
  path: 'C:\\Users\\janpa\\cd\\development\\fin\\.next\\dev\\server\\pages\\_app\\build-manifest.json'
}
Error: ENOENT: no such file or directory, open 'C:\Users\janpa\cd\development\fin\.next\dev\server\pages\_app\build-manifest.json'
    at ignore-listed frames {
  errno: -4058,
  code: 'ENOENT',
  syscall: 'open',
  path: 'C:\\Users\\janpa\\cd\\development\\fin\\.next\\dev\\server\\pages\\_app\\build-manifest.json'
}
⨯ Error: ENOENT: no such file or directory, open 'C:\Users\janpa\cd\development\fin\.next\dev\server\app\login\page\build-manifest.json'
    at ignore-listed frames {
  errno: -4058,
  code: 'ENOENT',
  syscall: 'open',
  path: 'C:\\Users\\janpa\\cd\\development\\fin\\.next\\dev\\server\\app\\login\\page\\build-manifest.json'
}
⨯ Error: ENOENT: no such file or directory, open 'C:\Users\janpa\cd\development\fin\.next\dev\server\pages\_app\build-manifest.json'
    at ignore-listed frames {
  errno: -4058,
  code: 'ENOENT',
  syscall: 'open',
  path: 'C:\\Users\\janpa\\cd\\development\\fin\\.next\\dev\\server\\pages\\_app\\build-manifest.json'
}
Error: ENOENT: no such file or directory, open 'C:\Users\janpa\cd\development\fin\.next\dev\server\app\login\page\build-manifest.json'
    at ignore-listed frames {
  errno: -4058,
  code: 'ENOENT',
  syscall: 'open',
  path: 'C:\\Users\\janpa\\cd\\development\\fin\\.next\\dev\\server\\app\\login\\page\\build-manifest.json'
}
⨯ Error: ENOENT: no such file or directory, open 'C:\Users\janpa\cd\development\fin\.next\dev\server\pages\_app\build-manifest.json'
    at ignore-listed frames {
  errno: -4058,
  code: 'ENOENT',
  syscall: 'open',
  path: 'C:\\Users\\janpa\\cd\\development\\fin\\.next\\dev\\server\\pages\\_app\\build-manifest.json'
}
Error: ENOENT: no such file or directory, open 'C:\Users\janpa\cd\development\fin\.next\dev\server\pages\_app\build-manifest.json'
    at ignore-listed frames {
  errno: -4058,
  code: 'ENOENT',
  syscall: 'open',
  path: 'C:\\Users\\janpa\\cd\\development\\fin\\.next\\dev\\server\\pages\\_app\\build-manifest.json'
}
⨯ Error: ENOENT: no such file or directory, open 'C:\Users\janpa\cd\development\fin\.next\dev\server\app\login\page\build-manifest.json'
    at ignore-listed frames {
  errno: -4058,
  code: 'ENOENT',
  syscall: 'open',
  path: 'C:\\Users\\janpa\\cd\\development\\fin\\.next\\dev\\server\\app\\login\\page\\build-manifest.json'
}
⨯ Error: ENOENT: no such file or directory, open 'C:\Users\janpa\cd\development\fin\.next\dev\server\pages\_app\build-manifest.json'
    at ignore-listed frames {
  errno: -4058,
  code: 'ENOENT',
  syscall: 'open',
  path: 'C:\\Users\\janpa\\cd\\development\\fin\\.next\\dev\\server\\pages\\_app\\build-manifest.json'
}
Error: ENOENT: no such file or directory, open 'C:\Users\janpa\cd\development\fin\.next\dev\server\app\login\page\build-manifest.json'
    at ignore-listed frames {
  errno: -4058,
  code: 'ENOENT',
  syscall: 'open',
  path: 'C:\\Users\\janpa\\cd\\development\\fin\\.next\\dev\\server\\app\\login\\page\\build-manifest.json'
}
⨯ Error: ENOENT: no such file or directory, open 'C:\Users\janpa\cd\development\fin\.next\dev\server\pages\_app\build-manifest.json'
    at ignore-listed frames {
  errno: -4058,
  code: 'ENOENT',
  syscall: 'open',
  path: 'C:\\Users\\janpa\\cd\\development\\fin\\.next\\dev\\server\\pages\\_app\\build-manifest.json'
}
Error: ENOENT: no such file or directory, open 'C:\Users\janpa\cd\development\fin\.next\dev\server\pages\_app\build-manifest.json'
    at ignore-listed frames {
  errno: -4058,
  code: 'ENOENT',
  syscall: 'open',
  path: 'C:\\Users\\janpa\\cd\\development\\fin\\.next\\dev\\server\\pages\\_app\\build-manifest.json'
}
⨯ Error: ENOENT: no such file or directory, open 'C:\Users\janpa\cd\development\fin\.next\dev\server\app\login\page\build-manifest.json'
    at ignore-listed frames {
  errno: -4058,
  code: 'ENOENT',
  syscall: 'open',
  path: 'C:\\Users\\janpa\\cd\\development\\fin\\.next\\dev\\server\\app\\login\\page\\build-manifest.json'
}
⨯ Error: ENOENT: no such file or directory, open 'C:\Users\janpa\cd\development\fin\.next\dev\server\pages\_app\build-manifest.json'
    at ignore-listed frames {
  errno: -4058,
  code: 'ENOENT',
  syscall: 'open',
  path: 'C:\\Users\\janpa\\cd\\development\\fin\\.next\\dev\\server\\pages\\_app\\build-manifest.json'
}
Error: ENOENT: no such file or directory, open 'C:\Users\janpa\cd\development\fin\.next\dev\server\app\login\page\build-manifest.json'
    at ignore-listed frames {
  errno: -4058,
  code: 'ENOENT',
  syscall: 'open',
  path: 'C:\\Users\\janpa\\cd\\development\\fin\\.next\\dev\\server\\app\\login\\page\\build-manifest.json'
}
⨯ Error: ENOENT: no such file or directory, open 'C:\Users\janpa\cd\development\fin\.next\dev\server\pages\_app\build-manifest.json'
    at ignore-listed frames {
  errno: -4058,
  code: 'ENOENT',
  syscall: 'open',
  path: 'C:\\Users\\janpa\\cd\\development\\fin\\.next\\dev\\server\\pages\\_app\\build-manifest.json'
}
Error: ENOENT: no such file or directory, open 'C:\Users\janpa\cd\development\fin\.next\dev\server\pages\_app\build-manifest.json'
    at ignore-listed frames {
  errno: -4058,
  code: 'ENOENT',
  syscall: 'open',
  path: 'C:\\Users\\janpa\\cd\\development\\fin\\.next\\dev\\server\\pages\\_app\\build-manifest.json'
}
⨯ Error: ENOENT: no such file or directory, open 'C:\Users\janpa\cd\development\fin\.next\dev\server\app\login\page\build-manifest.json'
    at ignore-listed frames {
  errno: -4058,
  code: 'ENOENT',
  syscall: 'open',
  path: 'C:\\Users\\janpa\\cd\\development\\fin\\.next\\dev\\server\\app\\login\\page\\build-manifest.json'
}
⨯ Error: ENOENT: no such file or directory, open 'C:\Users\janpa\cd\development\fin\.next\dev\server\pages\_app\build-manifest.json'
    at ignore-listed frames {
  errno: -4058,
  code: 'ENOENT',
  syscall: 'open',
  path: 'C:\\Users\\janpa\\cd\\development\\fin\\.next\\dev\\server\\pages\\_app\\build-manifest.json'
}
Error: ENOENT: no such file or directory, open 'C:\Users\janpa\cd\development\fin\.next\dev\server\app\login\page\build-manifest.json'
    at ignore-listed frames {
  errno: -4058,
  code: 'ENOENT',
  syscall: 'open',
  path: 'C:\\Users\\janpa\\cd\\development\\fin\\.next\\dev\\server\\app\\login\\page\\build-manifest.json'
}
⨯ Error: ENOENT: no such file or directory, open 'C:\Users\janpa\cd\development\fin\.next\dev\server\pages\_app\build-manifest.json'
    at ignore-listed frames {
  errno: -4058,
  code: 'ENOENT',
  syscall: 'open',
  path: 'C:\\Users\\janpa\\cd\\development\\fin\\.next\\dev\\server\\pages\\_app\\build-manifest.json'
}
Error: ENOENT: no such file or directory, open 'C:\Users\janpa\cd\development\fin\.next\dev\server\pages\_app\build-manifest.json'
    at ignore-listed frames {
  errno: -4058,
  code: 'ENOENT',
  syscall: 'open',
  path: 'C:\\Users\\janpa\\cd\\development\\fin\\.next\\dev\\server\\pages\\_app\\build-manifest.json'
}
⨯ Error: ENOENT: no such file or directory, open 'C:\Users\janpa\cd\development\fin\.next\dev\server\app\login\page\build-manifest.json'
    at ignore-listed frames {
  errno: -4058,
  code: 'ENOENT',
  syscall: 'open',
  path: 'C:\\Users\\janpa\\cd\\development\\fin\\.next\\dev\\server\\app\\login\\page\\build-manifest.json'
}
⨯ Error: ENOENT: no such file or directory, open 'C:\Users\janpa\cd\development\fin\.next\dev\server\pages\_app\build-manifest.json'
    at ignore-listed frames {
  errno: -4058,
  code: 'ENOENT',
  syscall: 'open',
  path: 'C:\\Users\\janpa\\cd\\development\\fin\\.next\\dev\\server\\pages\\_app\\build-manifest.json'
}
Error: ENOENT: no such file or directory, open 'C:\Users\janpa\cd\development\fin\.next\dev\server\app\login\page\build-manifest.json'
    at ignore-listed frames {
  errno: -4058,
  code: 'ENOENT',
  syscall: 'open',
  path: 'C:\\Users\\janpa\\cd\\development\\fin\\.next\\dev\\server\\app\\login\\page\\build-manifest.json'
}
⨯ Error: ENOENT: no such file or directory, open 'C:\Users\janpa\cd\development\fin\.next\dev\server\pages\_app\build-manifest.json'
    at ignore-listed frames {
  errno: -4058,
  code: 'ENOENT',
  syscall: 'open',
  path: 'C:\\Users\\janpa\\cd\\development\\fin\\.next\\dev\\server\\pages\\_app\\build-manifest.json'
}
Error: ENOENT: no such file or directory, open 'C:\Users\janpa\cd\development\fin\.next\dev\server\pages\_app\build-manifest.json'
    at ignore-listed frames {
  errno: -4058,
  code: 'ENOENT',
  syscall: 'open',
  path: 'C:\\Users\\janpa\\cd\\development\\fin\\.next\\dev\\server\\pages\\_app\\build-manifest.json'
}
⨯ Error: ENOENT: no such file or directory, open 'C:\Users\janpa\cd\development\fin\.next\dev\server\app\login\page\build-manifest.json'
    at ignore-listed frames {
  errno: -4058,
  code: 'ENOENT',
  syscall: 'open',
  path: 'C:\\Users\\janpa\\cd\\development\\fin\\.next\\dev\\server\\app\\login\\page\\build-manifest.json'
}
⨯ Error: ENOENT: no such file or directory, open 'C:\Users\janpa\cd\development\fin\.next\dev\server\pages\_app\build-manifest.json'
    at ignore-listed frames {
  errno: -4058,
  code: 'ENOENT',
  syscall: 'open',
  path: 'C:\\Users\\janpa\\cd\\development\\fin\\.next\\dev\\server\\pages\\_app\\build-manifest.json'
}
Error: ENOENT: no such file or directory, open 'C:\Users\janpa\cd\development\fin\.next\dev\server\app\login\page\build-manifest.json'
    at ignore-listed frames {
  errno: -4058,
  code: 'ENOENT',
  syscall: 'open',
  path: 'C:\\Users\\janpa\\cd\\development\\fin\\.next\\dev\\server\\app\\login\\page\\build-manifest.json'
}
⨯ Error: ENOENT: no such file or directory, open 'C:\Users\janpa\cd\development\fin\.next\dev\server\pages\_app\build-manifest.json'
    at ignore-listed frames {
  errno: -4058,
  code: 'ENOENT',
  syscall: 'open',
  path: 'C:\\Users\\janpa\\cd\\development\\fin\\.next\\dev\\server\\pages\\_app\\build-manifest.json'
}
Error: ENOENT: no such file or directory, open 'C:\Users\janpa\cd\development\fin\.next\dev\server\pages\_app\build-manifest.json'
    at ignore-listed frames {
  errno: -4058,
  code: 'ENOENT',
  syscall: 'open',
  path: 'C:\\Users\\janpa\\cd\\development\\fin\\.next\\dev\\server\\pages\\_app\\build-manifest.json'
}
⨯ Error: ENOENT: no such file or directory, open 'C:\Users\janpa\cd\development\fin\.next\dev\server\app\login\page\build-manifest.json'
    at ignore-listed frames {
  errno: -4058,
  code: 'ENOENT',
  syscall: 'open',
  path: 'C:\\Users\\janpa\\cd\\development\\fin\\.next\\dev\\server\\app\\login\\page\\build-manifest.json'
}
⨯ Error: ENOENT: no such file or directory, open 'C:\Users\janpa\cd\development\fin\.next\dev\server\pages\_app\build-manifest.json'
    at ignore-listed frames {
  errno: -4058,
  code: 'ENOENT',
  syscall: 'open',
  path: 'C:\\Users\\janpa\\cd\\development\\fin\\.next\\dev\\server\\pages\\_app\\build-manifest.json'
}
Error: ENOENT: no such file or directory, open 'C:\Users\janpa\cd\development\fin\.next\dev\server\app\login\page\build-manifest.json'
    at ignore-listed frames {
  errno: -4058,
  code: 'ENOENT',
  syscall: 'open',
  path: 'C:\\Users\\janpa\\cd\\development\\fin\\.next\\dev\\server\\app\\login\\page\\build-manifest.json'
}
⨯ Error: ENOENT: no such file or directory, open 'C:\Users\janpa\cd\development\fin\.next\dev\server\pages\_app\build-manifest.json'
    at ignore-listed frames {
  errno: -4058,
  code: 'ENOENT',
  syscall: 'open',
  path: 'C:\\Users\\janpa\\cd\\development\\fin\\.next\\dev\\server\\pages\\_app\\build-manifest.json'
}
Error: ENOENT: no such file or directory, open 'C:\Users\janpa\cd\development\fin\.next\dev\server\pages\_app\build-manifest.json'
    at ignore-listed frames {
  errno: -4058,
  code: 'ENOENT',
  syscall: 'open',
  path: 'C:\\Users\\janpa\\cd\\development\\fin\\.next\\dev\\server\\pages\\_app\\build-manifest.json'
}
⨯ Error: ENOENT: no such file or directory, open 'C:\Users\janpa\cd\development\fin\.next\dev\server\app\login\page\build-manifest.json'
    at ignore-listed frames {
  errno: -4058,
  code: 'ENOENT',
  syscall: 'open',
  path: 'C:\\Users\\janpa\\cd\\development\\fin\\.next\\dev\\server\\app\\login\\page\\build-manifest.json'
}
⨯ Error: ENOENT: no such file or directory, open 'C:\Users\janpa\cd\development\fin\.next\dev\server\pages\_app\build-manifest.json'
    at ignore-listed frames {
  errno: -4058,
  code: 'ENOENT',
  syscall: 'open',
  path: 'C:\\Users\\janpa\\cd\\development\\fin\\.next\\dev\\server\\pages\\_app\\build-manifest.json'
}
Error: ENOENT: no such file or directory, open 'C:\Users\janpa\cd\development\fin\.next\dev\server\app\login\page\build-manifest.json'
    at ignore-listed frames {
  errno: -4058,
  code: 'ENOENT',
  syscall: 'open',
  path: 'C:\\Users\\janpa\\cd\\development\\fin\\.next\\dev\\server\\app\\login\\page\\build-manifest.json'
}
⨯ Error: ENOENT: no such file or directory, open 'C:\Users\janpa\cd\development\fin\.next\dev\server\pages\_app\build-manifest.json'
    at ignore-listed frames {
  errno: -4058,
  code: 'ENOENT',
  syscall: 'open',
  path: 'C:\\Users\\janpa\\cd\\development\\fin\\.next\\dev\\server\\pages\\_app\\build-manifest.json'
}
Error: ENOENT: no such file or directory, open 'C:\Users\janpa\cd\development\fin\.next\dev\server\pages\_app\build-manifest.json'
    at ignore-listed frames {
  errno: -4058,
  code: 'ENOENT',
  syscall: 'open',
  path: 'C:\\Users\\janpa\\cd\\development\\fin\\.next\\dev\\server\\pages\\_app\\build-manifest.json'
}
⨯ Error: ENOENT: no such file or directory, open 'C:\Users\janpa\cd\development\fin\.next\dev\server\app\login\page\build-manifest.json'
    at ignore-listed frames {
  errno: -4058,
  code: 'ENOENT',
  syscall: 'open',
  path: 'C:\\Users\\janpa\\cd\\development\\fin\\.next\\dev\\server\\app\\login\\page\\build-manifest.json'
}
⨯ Error: ENOENT: no such file or directory, open 'C:\Users\janpa\cd\development\fin\.next\dev\server\pages\_app\build-manifest.json'
    at ignore-listed frames {
  errno: -4058,
  code: 'ENOENT',
  syscall: 'open',
  path: 'C:\\Users\\janpa\\cd\\development\\fin\\.next\\dev\\server\\pages\\_app\\build-manifest.json'
}
Error: ENOENT: no such file or directory, open 'C:\Users\janpa\cd\development\fin\.next\dev\server\app\login\page\build-manifest.json'
    at ignore-listed frames {
  errno: -4058,
  code: 'ENOENT',
  syscall: 'open',
  path: 'C:\\Users\\janpa\\cd\\development\\fin\\.next\\dev\\server\\app\\login\\page\\build-manifest.json'
}
⨯ Error: ENOENT: no such file or directory, open 'C:\Users\janpa\cd\development\fin\.next\dev\server\pages\_app\build-manifest.json'
    at ignore-listed frames {
  errno: -4058,
  code: 'ENOENT',
  syscall: 'open',
  path: 'C:\\Users\\janpa\\cd\\development\\fin\\.next\\dev\\server\\pages\\_app\\build-manifest.json'
}
Error: ENOENT: no such file or directory, open 'C:\Users\janpa\cd\development\fin\.next\dev\server\pages\_app\build-manifest.json'
    at ignore-listed frames {
  errno: -4058,
  code: 'ENOENT',
  syscall: 'open',
  path: 'C:\\Users\\janpa\\cd\\development\\fin\\.next\\dev\\server\\pages\\_app\\build-manifest.json'
}
⨯ Error: ENOENT: no such file or directory, open 'C:\Users\janpa\cd\development\fin\.next\dev\server\app\login\page\build-manifest.json'
    at ignore-listed frames {
  errno: -4058,
  code: 'ENOENT',
  syscall: 'open',
  path: 'C:\\Users\\janpa\\cd\\development\\fin\\.next\\dev\\server\\app\\login\\page\\build-manifest.json'
}
⨯ Error: ENOENT: no such file or directory, open 'C:\Users\janpa\cd\development\fin\.next\dev\server\pages\_app\build-manifest.json'
    at ignore-listed frames {
  errno: -4058,
  code: 'ENOENT',
  syscall: 'open',
  path: 'C:\\Users\\janpa\\cd\\development\\fin\\.next\\dev\\server\\pages\\_app\\build-manifest.json'
}
Error: ENOENT: no such file or directory, open 'C:\Users\janpa\cd\development\fin\.next\dev\server\app\login\page\build-manifest.json'
    at ignore-listed frames {
  errno: -4058,
  code: 'ENOENT',
  syscall: 'open',
  path: 'C:\\Users\\janpa\\cd\\development\\fin\\.next\\dev\\server\\app\\login\\page\\build-manifest.json'
}
⨯ Error: ENOENT: no such file or directory, open 'C:\Users\janpa\cd\development\fin\.next\dev\server\pages\_app\build-manifest.json'
    at ignore-listed frames {
  errno: -4058,
  code: 'ENOENT',
  syscall: 'open',
  path: 'C:\\Users\\janpa\\cd\\development\\fin\\.next\\dev\\server\\pages\\_app\\build-manifest.json'
}
Error: ENOENT: no such file or directory, open 'C:\Users\janpa\cd\development\fin\.next\dev\server\pages\_app\build-manifest.json'
    at ignore-listed frames {
  errno: -4058,
  code: 'ENOENT',
  syscall: 'open',
  path: 'C:\\Users\\janpa\\cd\\development\\fin\\.next\\dev\\server\\pages\\_app\\build-manifest.json'
}
⨯ Error: ENOENT: no such file or directory, open 'C:\Users\janpa\cd\development\fin\.next\dev\server\app\login\page\build-manifest.json'
    at ignore-listed frames {
  errno: -4058,
  code: 'ENOENT',
  syscall: 'open',
  path: 'C:\\Users\\janpa\\cd\\development\\fin\\.next\\dev\\server\\app\\login\\page\\build-manifest.json'
}
⨯ Error: ENOENT: no such file or directory, open 'C:\Users\janpa\cd\development\fin\.next\dev\server\pages\_app\build-manifest.json'
    at ignore-listed frames {
  errno: -4058,
  code: 'ENOENT',
  syscall: 'open',
  path: 'C:\\Users\\janpa\\cd\\development\\fin\\.next\\dev\\server\\pages\\_app\\build-manifest.json'
}
Error: ENOENT: no such file or directory, open 'C:\Users\janpa\cd\development\fin\.next\dev\server\app\login\page\build-manifest.json'
    at ignore-listed frames {
  errno: -4058,
  code: 'ENOENT',
  syscall: 'open',
  path: 'C:\\Users\\janpa\\cd\\development\\fin\\.next\\dev\\server\\app\\login\\page\\build-manifest.json'
}
⨯ Error: ENOENT: no such file or directory, open 'C:\Users\janpa\cd\development\fin\.next\dev\server\pages\_app\build-manifest.json'
    at ignore-listed frames {
  errno: -4058,
  code: 'ENOENT',
  syscall: 'open',
  path: 'C:\\Users\\janpa\\cd\\development\\fin\\.next\\dev\\server\\pages\\_app\\build-manifest.json'
}
Error: ENOENT: no such file or directory, open 'C:\Users\janpa\cd\development\fin\.next\dev\server\pages\_app\build-manifest.json'
    at ignore-listed frames {
  errno: -4058,
  code: 'ENOENT',
  syscall: 'open',
  path: 'C:\\Users\\janpa\\cd\\development\\fin\\.next\\dev\\server\\pages\\_app\\build-manifest.json'
}
⨯ Error: ENOENT: no such file or directory, open 'C:\Users\janpa\cd\development\fin\.next\dev\server\app\login\page\build-manifest.json'
    at ignore-listed frames {
  errno: -4058,
  code: 'ENOENT',
  syscall: 'open',
  path: 'C:\\Users\\janpa\\cd\\development\\fin\\.next\\dev\\server\\app\\login\\page\\build-manifest.json'
}
⨯ Error: ENOENT: no such file or directory, open 'C:\Users\janpa\cd\development\fin\.next\dev\server\pages\_app\build-manifest.json'
    at ignore-listed frames {
  errno: -4058,
  code: 'ENOENT',
  syscall: 'open',
  path: 'C:\\Users\\janpa\\cd\\development\\fin\\.next\\dev\\server\\pages\\_app\\build-manifest.json'
}
Error: ENOENT: no such file or directory, open 'C:\Users\janpa\cd\development\fin\.next\dev\server\app\login\page\build-manifest.json'
    at ignore-listed frames {
  errno: -4058,
  code: 'ENOENT',
  syscall: 'open',
  path: 'C:\\Users\\janpa\\cd\\development\\fin\\.next\\dev\\server\\app\\login\\page\\build-manifest.json'
}
⨯ Error: ENOENT: no such file or directory, open 'C:\Users\janpa\cd\development\fin\.next\dev\server\pages\_app\build-manifest.json'
    at ignore-listed frames {
  errno: -4058,
  code: 'ENOENT',
  syscall: 'open',
  path: 'C:\\Users\\janpa\\cd\\development\\fin\\.next\\dev\\server\\pages\\_app\\build-manifest.json'
}
Error: ENOENT: no such file or directory, open 'C:\Users\janpa\cd\development\fin\.next\dev\server\pages\_app\build-manifest.json'
    at ignore-listed frames {
  errno: -4058,
  code: 'ENOENT',
  syscall: 'open',
  path: 'C:\\Users\\janpa\\cd\\development\\fin\\.next\\dev\\server\\pages\\_app\\build-manifest.json'
}
⨯ Error: ENOENT: no such file or directory, open 'C:\Users\janpa\cd\development\fin\.next\dev\server\app\login\page\build-manifest.json'
    at ignore-listed frames {
  errno: -4058,
  code: 'ENOENT',
  syscall: 'open',
  path: 'C:\\Users\\janpa\\cd\\development\\fin\\.next\\dev\\server\\app\\login\\page\\build-manifest.json'
}
⨯ Error: ENOENT: no such file or directory, open 'C:\Users\janpa\cd\development\fin\.next\dev\server\pages\_app\build-manifest.json'
    at ignore-listed frames {
  errno: -4058,
  code: 'ENOENT',
  syscall: 'open',
  path: 'C:\\Users\\janpa\\cd\\development\\fin\\.next\\dev\\server\\pages\\_app\\build-manifest.json'
}
Error: ENOENT: no such file or directory, open 'C:\Users\janpa\cd\development\fin\.next\dev\server\app\login\page\build-manifest.json'
    at ignore-listed frames {
  errno: -4058,
  code: 'ENOENT',
  syscall: 'open',
  path: 'C:\\Users\\janpa\\cd\\development\\fin\\.next\\dev\\server\\app\\login\\page\\build-manifest.json'
}
⨯ Error: ENOENT: no such file or directory, open 'C:\Users\janpa\cd\development\fin\.next\dev\server\pages\_app\build-manifest.json'
    at ignore-listed frames {
  errno: -4058,
  code: 'ENOENT',
  syscall: 'open',
  path: 'C:\\Users\\janpa\\cd\\development\\fin\\.next\\dev\\server\\pages\\_app\\build-manifest.json'
}
Error: ENOENT: no such file or directory, open 'C:\Users\janpa\cd\development\fin\.next\dev\server\pages\_app\build-manifest.json'
    at ignore-listed frames {
  errno: -4058,
  code: 'ENOENT',
  syscall: 'open',
  path: 'C:\\Users\\janpa\\cd\\development\\fin\\.next\\dev\\server\\pages\\_app\\build-manifest.json'
}
⨯ Error: ENOENT: no such file or directory, open 'C:\Users\janpa\cd\development\fin\.next\dev\server\app\login\page\build-manifest.json'
    at ignore-listed frames {
  errno: -4058,
  code: 'ENOENT',
  syscall: 'open',
  path: 'C:\\Users\\janpa\\cd\\development\\fin\\.next\\dev\\server\\app\\login\\page\\build-manifest.json'
}
⨯ Error: ENOENT: no such file or directory, open 'C:\Users\janpa\cd\development\fin\.next\dev\server\pages\_app\build-manifest.json'
    at ignore-listed frames {
  errno: -4058,
  code: 'ENOENT',
  syscall: 'open',
  path: 'C:\\Users\\janpa\\cd\\development\\fin\\.next\\dev\\server\\pages\\_app\\build-manifest.json'
}
Error: ENOENT: no such file or directory, open 'C:\Users\janpa\cd\development\fin\.next\dev\server\app\login\page\build-manifest.json'
    at ignore-listed frames {
  errno: -4058,
  code: 'ENOENT',
  syscall: 'open',
  path: 'C:\\Users\\janpa\\cd\\development\\fin\\.next\\dev\\server\\app\\login\\page\\build-manifest.json'
}
⨯ Error: ENOENT: no such file or directory, open 'C:\Users\janpa\cd\development\fin\.next\dev\server\pages\_app\build-manifest.json'
    at ignore-listed frames {
  errno: -4058,
  code: 'ENOENT',
  syscall: 'open',
  path: 'C:\\Users\\janpa\\cd\\development\\fin\\.next\\dev\\server\\pages\\_app\\build-manifest.json'
}
Error: ENOENT: no such file or directory, open 'C:\Users\janpa\cd\development\fin\.next\dev\server\pages\_app\build-manifest.json'
    at ignore-listed frames {
  errno: -4058,
  code: 'ENOENT',
  syscall: 'open',
  path: 'C:\\Users\\janpa\\cd\\development\\fin\\.next\\dev\\server\\pages\\_app\\build-manifest.json'
}
⨯ Error: ENOENT: no such file or directory, open 'C:\Users\janpa\cd\development\fin\.next\dev\server\app\login\page\build-manifest.json'
    at ignore-listed frames {
  errno: -4058,
  code: 'ENOENT',
  syscall: 'open',
  path: 'C:\\Users\\janpa\\cd\\development\\fin\\.next\\dev\\server\\app\\login\\page\\build-manifest.json'
}
⨯ Error: ENOENT: no such file or directory, open 'C:\Users\janpa\cd\development\fin\.next\dev\server\pages\_app\build-manifest.json'
    at ignore-listed frames {
  errno: -4058,
  code: 'ENOENT',
  syscall: 'open',
  path: 'C:\\Users\\janpa\\cd\\development\\fin\\.next\\dev\\server\\pages\\_app\\build-manifest.json'
}
Error: ENOENT: no such file or directory, open 'C:\Users\janpa\cd\development\fin\.next\dev\server\app\login\page\build-manifest.json'
    at ignore-listed frames {
  errno: -4058,
  code: 'ENOENT',
  syscall: 'open',
  path: 'C:\\Users\\janpa\\cd\\development\\fin\\.next\\dev\\server\\app\\login\\page\\build-manifest.json'
}
⨯ Error: ENOENT: no such file or directory, open 'C:\Users\janpa\cd\development\fin\.next\dev\server\pages\_app\build-manifest.json'
    at ignore-listed frames {
  errno: -4058,
  code: 'ENOENT',
  syscall: 'open',
  path: 'C:\\Users\\janpa\\cd\\development\\fin\\.next\\dev\\server\\pages\\_app\\build-manifest.json'
}
Error: ENOENT: no such file or directory, open 'C:\Users\janpa\cd\development\fin\.next\dev\server\pages\_app\build-manifest.json'
    at ignore-listed frames {
  errno: -4058,
  code: 'ENOENT',
  syscall: 'open',
  path: 'C:\\Users\\janpa\\cd\\development\\fin\\.next\\dev\\server\\pages\\_app\\build-manifest.json'
}
⨯ Error: ENOENT: no such file or directory, open 'C:\Users\janpa\cd\development\fin\.next\dev\server\app\login\page\build-manifest.json'
    at ignore-listed frames {
  errno: -4058,
  code: 'ENOENT',
  syscall: 'open',
  path: 'C:\\Users\\janpa\\cd\\development\\fin\\.next\\dev\\server\\app\\login\\page\\build-manifest.json'
}
⨯ Error: ENOENT: no such file or directory, open 'C:\Users\janpa\cd\development\fin\.next\dev\server\pages\_app\build-manifest.json'
    at ignore-listed frames {
  errno: -4058,
  code: 'ENOENT',
  syscall: 'open',
  path: 'C:\\Users\\janpa\\cd\\development\\fin\\.next\\dev\\server\\pages\\_app\\build-manifest.json'
}
Error: ENOENT: no such file or directory, open 'C:\Users\janpa\cd\development\fin\.next\dev\server\app\login\page\build-manifest.json'
    at ignore-listed frames {
  errno: -4058,
  code: 'ENOENT',
  syscall: 'open',
  path: 'C:\\Users\\janpa\\cd\\development\\fin\\.next\\dev\\server\\app\\login\\page\\build-manifest.json'
}
⨯ Error: ENOENT: no such file or directory, open 'C:\Users\janpa\cd\development\fin\.next\dev\server\pages\_app\build-manifest.json'
    at ignore-listed frames {
  errno: -4058,
  code: 'ENOENT',
  syscall: 'open',
  path: 'C:\\Users\\janpa\\cd\\development\\fin\\.next\\dev\\server\\pages\\_app\\build-manifest.json'
}
Error: ENOENT: no such file or directory, open 'C:\Users\janpa\cd\development\fin\.next\dev\server\pages\_app\build-manifest.json'
    at ignore-listed frames {
  errno: -4058,
  code: 'ENOENT',
  syscall: 'open',
  path: 'C:\\Users\\janpa\\cd\\development\\fin\\.next\\dev\\server\\pages\\_app\\build-manifest.json'
}
⨯ Error: ENOENT: no such file or directory, open 'C:\Users\janpa\cd\development\fin\.next\dev\server\app\login\page\build-manifest.json'
    at ignore-listed frames {
  errno: -4058,
  code: 'ENOENT',
  syscall: 'open',
  path: 'C:\\Users\\janpa\\cd\\development\\fin\\.next\\dev\\server\\app\\login\\page\\build-manifest.json'
}
⨯ Error: ENOENT: no such file or directory, open 'C:\Users\janpa\cd\development\fin\.next\dev\server\pages\_app\build-manifest.json'
    at ignore-listed frames {
  errno: -4058,
  code: 'ENOENT',
  syscall: 'open',
  path: 'C:\\Users\\janpa\\cd\\development\\fin\\.next\\dev\\server\\pages\\_app\\build-manifest.json'
}
Error: ENOENT: no such file or directory, open 'C:\Users\janpa\cd\development\fin\.next\dev\server\app\login\page\build-manifest.json'
    at ignore-listed frames {
  errno: -4058,
  code: 'ENOENT',
  syscall: 'open',
  path: 'C:\\Users\\janpa\\cd\\development\\fin\\.next\\dev\\server\\app\\login\\page\\build-manifest.json'
}
⨯ Error: ENOENT: no such file or directory, open 'C:\Users\janpa\cd\development\fin\.next\dev\server\pages\_app\build-manifest.json'
    at ignore-listed frames {
  errno: -4058,
  code: 'ENOENT',
  syscall: 'open',
  path: 'C:\\Users\\janpa\\cd\\development\\fin\\.next\\dev\\server\\pages\\_app\\build-manifest.json'
}
Error: ENOENT: no such file or directory, open 'C:\Users\janpa\cd\development\fin\.next\dev\server\pages\_app\build-manifest.json'
    at ignore-listed frames {
  errno: -4058,
  code: 'ENOENT',
  syscall: 'open',
  path: 'C:\\Users\\janpa\\cd\\development\\fin\\.next\\dev\\server\\pages\\_app\\build-manifest.json'
}
⨯ Error: ENOENT: no such file or directory, open 'C:\Users\janpa\cd\development\fin\.next\dev\server\app\login\page\build-manifest.json'
    at ignore-listed frames {
  errno: -4058,
  code: 'ENOENT',
  syscall: 'open',
  path: 'C:\\Users\\janpa\\cd\\development\\fin\\.next\\dev\\server\\app\\login\\page\\build-manifest.json'
}
⨯ Error: ENOENT: no such file or directory, open 'C:\Users\janpa\cd\development\fin\.next\dev\server\pages\_app\build-manifest.json'
    at ignore-listed frames {
  errno: -4058,
  code: 'ENOENT',
  syscall: 'open',
  path: 'C:\\Users\\janpa\\cd\\development\\fin\\.next\\dev\\server\\pages\\_app\\build-manifest.json'
}
Error: ENOENT: no such file or directory, open 'C:\Users\janpa\cd\development\fin\.next\dev\server\app\login\page\build-manifest.json'
    at ignore-listed frames {
  errno: -4058,
  code: 'ENOENT',
  syscall: 'open',
  path: 'C:\\Users\\janpa\\cd\\development\\fin\\.next\\dev\\server\\app\\login\\page\\build-manifest.json'
}
⨯ Error: ENOENT: no such file or directory, open 'C:\Users\janpa\cd\development\fin\.next\dev\server\pages\_app\build-manifest.json'
    at ignore-listed frames {
  errno: -4058,
  code: 'ENOENT',
  syscall: 'open',
  path: 'C:\\Users\\janpa\\cd\\development\\fin\\.next\\dev\\server\\pages\\_app\\build-manifest.json'
}
Error: ENOENT: no such file or directory, open 'C:\Users\janpa\cd\development\fin\.next\dev\server\pages\_app\build-manifest.json'
    at ignore-listed frames {
  errno: -4058,
  code: 'ENOENT',
  syscall: 'open',
  path: 'C:\\Users\\janpa\\cd\\development\\fin\\.next\\dev\\server\\pages\\_app\\build-manifest.json'
}
⨯ Error: ENOENT: no such file or directory, open 'C:\Users\janpa\cd\development\fin\.next\dev\server\app\login\page\build-manifest.json'
    at ignore-listed frames {
  errno: -4058,
  code: 'ENOENT',
  syscall: 'open',
  path: 'C:\\Users\\janpa\\cd\\development\\fin\\.next\\dev\\server\\app\\login\\page\\build-manifest.json'
}
⨯ Error: ENOENT: no such file or directory, open 'C:\Users\janpa\cd\development\fin\.next\dev\server\pages\_app\build-manifest.json'
    at ignore-listed frames {
  errno: -4058,
  code: 'ENOENT',
  syscall: 'open',
  path: 'C:\\Users\\janpa\\cd\\development\\fin\\.next\\dev\\server\\pages\\_app\\build-manifest.json'
}
Error: ENOENT: no such file or directory, open 'C:\Users\janpa\cd\development\fin\.next\dev\server\app\login\page\build-manifest.json'
    at ignore-listed frames {
  errno: -4058,
  code: 'ENOENT',
  syscall: 'open',
  path: 'C:\\Users\\janpa\\cd\\development\\fin\\.next\\dev\\server\\app\\login\\page\\build-manifest.json'
}
⨯ Error: ENOENT: no such file or directory, open 'C:\Users\janpa\cd\development\fin\.next\dev\server\pages\_app\build-manifest.json'
    at ignore-listed frames {
  errno: -4058,
  code: 'ENOENT',
  syscall: 'open',
  path: 'C:\\Users\\janpa\\cd\\development\\fin\\.next\\dev\\server\\pages\\_app\\build-manifest.json'
}
Error: ENOENT: no such file or directory, open 'C:\Users\janpa\cd\development\fin\.next\dev\server\pages\_app\build-manifest.json'
    at ignore-listed frames {
  errno: -4058,
  code: 'ENOENT',
  syscall: 'open',
  path: 'C:\\Users\\janpa\\cd\\development\\fin\\.next\\dev\\server\\pages\\_app\\build-manifest.json'
}
⨯ Error: ENOENT: no such file or directory, open 'C:\Users\janpa\cd\development\fin\.next\dev\server\app\login\page\build-manifest.json'
    at ignore-listed frames {
  errno: -4058,
  code: 'ENOENT',
  syscall: 'open',
  path: 'C:\\Users\\janpa\\cd\\development\\fin\\.next\\dev\\server\\app\\login\\page\\build-manifest.json'
}
⨯ Error: ENOENT: no such file or directory, open 'C:\Users\janpa\cd\development\fin\.next\dev\server\pages\_app\build-manifest.json'
    at ignore-listed frames {
  errno: -4058,
  code: 'ENOENT',
  syscall: 'open',
  path: 'C:\\Users\\janpa\\cd\\development\\fin\\.next\\dev\\server\\pages\\_app\\build-manifest.json'
}
Error: ENOENT: no such file or directory, open 'C:\Users\janpa\cd\development\fin\.next\dev\server\app\login\page\build-manifest.json'
    at ignore-listed frames {
  errno: -4058,
  code: 'ENOENT',
  syscall: 'open',
  path: 'C:\\Users\\janpa\\cd\\development\\fin\\.next\\dev\\server\\app\\login\\page\\build-manifest.json'
}
⨯ Error: ENOENT: no such file or directory, open 'C:\Users\janpa\cd\development\fin\.next\dev\server\pages\_app\build-manifest.json'
    at ignore-listed frames {
  errno: -4058,
  code: 'ENOENT',
  syscall: 'open',
  path: 'C:\\Users\\janpa\\cd\\development\\fin\\.next\\dev\\server\\pages\\_app\\build-manifest.json'
}
Error: ENOENT: no such file or directory, open 'C:\Users\janpa\cd\development\fin\.next\dev\server\pages\_app\build-manifest.json'
    at ignore-listed frames {
  errno: -4058,
  code: 'ENOENT',
  syscall: 'open',
  path: 'C:\\Users\\janpa\\cd\\development\\fin\\.next\\dev\\server\\pages\\_app\\build-manifest.json'
}
⨯ Error: ENOENT: no such file or directory, open 'C:\Users\janpa\cd\development\fin\.next\dev\server\app\login\page\build-manifest.json'
    at ignore-listed frames {
  errno: -4058,
  code: 'ENOENT',
  syscall: 'open',
  path: 'C:\\Users\\janpa\\cd\\development\\fin\\.next\\dev\\server\\app\\login\\page\\build-manifest.json'
}
⨯ Error: ENOENT: no such file or directory, open 'C:\Users\janpa\cd\development\fin\.next\dev\server\pages\_app\build-manifest.json'
    at ignore-listed frames {
  errno: -4058,
  code: 'ENOENT',
  syscall: 'open',
  path: 'C:\\Users\\janpa\\cd\\development\\fin\\.next\\dev\\server\\pages\\_app\\build-manifest.json'
}
Error: ENOENT: no such file or directory, open 'C:\Users\janpa\cd\development\fin\.next\dev\server\app\login\page\build-manifest.json'
    at ignore-listed frames {
  errno: -4058,
  code: 'ENOENT',
  syscall: 'open',
  path: 'C:\\Users\\janpa\\cd\\development\\fin\\.next\\dev\\server\\app\\login\\page\\build-manifest.json'
}
⨯ Error: ENOENT: no such file or directory, open 'C:\Users\janpa\cd\development\fin\.next\dev\server\pages\_app\build-manifest.json'
    at ignore-listed frames {
  errno: -4058,
  code: 'ENOENT',
  syscall: 'open',
  path: 'C:\\Users\\janpa\\cd\\development\\fin\\.next\\dev\\server\\pages\\_app\\build-manifest.json'
}
Error: ENOENT: no such file or directory, open 'C:\Users\janpa\cd\development\fin\.next\dev\server\pages\_app\build-manifest.json'
    at ignore-listed frames {
  errno: -4058,
  code: 'ENOENT',
  syscall: 'open',
  path: 'C:\\Users\\janpa\\cd\\development\\fin\\.next\\dev\\server\\pages\\_app\\build-manifest.json'
}
⨯ Error: ENOENT: no such file or directory, open 'C:\Users\janpa\cd\development\fin\.next\dev\server\app\login\page\build-manifest.json'
    at ignore-listed frames {
  errno: -4058,
  code: 'ENOENT',
  syscall: 'open',
  path: 'C:\\Users\\janpa\\cd\\development\\fin\\.next\\dev\\server\\app\\login\\page\\build-manifest.json'
}
⨯ Error: ENOENT: no such file or directory, open 'C:\Users\janpa\cd\development\fin\.next\dev\server\pages\_app\build-manifest.json'
    at ignore-listed frames {
  errno: -4058,
  code: 'ENOENT',
  syscall: 'open',
  path: 'C:\\Users\\janpa\\cd\\development\\fin\\.next\\dev\\server\\pages\\_app\\build-manifest.json'
}
Error: ENOENT: no such file or directory, open 'C:\Users\janpa\cd\development\fin\.next\dev\server\app\login\page\build-manifest.json'
    at ignore-listed frames {
  errno: -4058,
  code: 'ENOENT',
  syscall: 'open',
  path: 'C:\\Users\\janpa\\cd\\development\\fin\\.next\\dev\\server\\app\\login\\page\\build-manifest.json'
}
⨯ Error: ENOENT: no such file or directory, open 'C:\Users\janpa\cd\development\fin\.next\dev\server\pages\_app\build-manifest.json'
    at ignore-listed frames {
  errno: -4058,
  code: 'ENOENT',
  syscall: 'open',
  path: 'C:\\Users\\janpa\\cd\\development\\fin\\.next\\dev\\server\\pages\\_app\\build-manifest.json'
}
Error: ENOENT: no such file or directory, open 'C:\Users\janpa\cd\development\fin\.next\dev\server\pages\_app\build-manifest.json'
    at ignore-listed frames {
  errno: -4058,
  code: 'ENOENT',
  syscall: 'open',
  path: 'C:\\Users\\janpa\\cd\\development\\fin\\.next\\dev\\server\\pages\\_app\\build-manifest.json'
}
⨯ Error: ENOENT: no such file or directory, open 'C:\Users\janpa\cd\development\fin\.next\dev\server\app\login\page\build-manifest.json'
    at ignore-listed frames {
  errno: -4058,
  code: 'ENOENT',
  syscall: 'open',
  path: 'C:\\Users\\janpa\\cd\\development\\fin\\.next\\dev\\server\\app\\login\\page\\build-manifest.json'
}
⨯ Error: ENOENT: no such file or directory, open 'C:\Users\janpa\cd\development\fin\.next\dev\server\pages\_app\build-manifest.json'
    at ignore-listed frames {
  errno: -4058,
  code: 'ENOENT',
  syscall: 'open',
  path: 'C:\\Users\\janpa\\cd\\development\\fin\\.next\\dev\\server\\pages\\_app\\build-manifest.json'
}
Error: ENOENT: no such file or directory, open 'C:\Users\janpa\cd\development\fin\.next\dev\server\app\login\page\build-manifest.json'
    at ignore-listed frames {
  errno: -4058,
  code: 'ENOENT',
  syscall: 'open',
  path: 'C:\\Users\\janpa\\cd\\development\\fin\\.next\\dev\\server\\app\\login\\page\\build-manifest.json'
}
⨯ Error: ENOENT: no such file or directory, open 'C:\Users\janpa\cd\development\fin\.next\dev\server\pages\_app\build-manifest.json'
    at ignore-listed frames {
  errno: -4058,
  code: 'ENOENT',
  syscall: 'open',
  path: 'C:\\Users\\janpa\\cd\\development\\fin\\.next\\dev\\server\\pages\\_app\\build-manifest.json'
}
Error: ENOENT: no such file or directory, open 'C:\Users\janpa\cd\development\fin\.next\dev\server\pages\_app\build-manifest.json'
    at ignore-listed frames {
  errno: -4058,
  code: 'ENOENT',
  syscall: 'open',
  path: 'C:\\Users\\janpa\\cd\\development\\fin\\.next\\dev\\server\\pages\\_app\\build-manifest.json'
}
⨯ Error: ENOENT: no such file or directory, open 'C:\Users\janpa\cd\development\fin\.next\dev\server\app\login\page\build-manifest.json'
    at ignore-listed frames {
  errno: -4058,
  code: 'ENOENT',
  syscall: 'open',
  path: 'C:\\Users\\janpa\\cd\\development\\fin\\.next\\dev\\server\\app\\login\\page\\build-manifest.json'
}
⨯ Error: ENOENT: no such file or directory, open 'C:\Users\janpa\cd\development\fin\.next\dev\server\pages\_app\build-manifest.json'
    at ignore-listed frames {
  errno: -4058,
  code: 'ENOENT',
  syscall: 'open',
  path: 'C:\\Users\\janpa\\cd\\development\\fin\\.next\\dev\\server\\pages\\_app\\build-manifest.json'
}
Error: ENOENT: no such file or directory, open 'C:\Users\janpa\cd\development\fin\.next\dev\server\app\login\page\build-manifest.json'
    at ignore-listed frames {
  errno: -4058,
  code: 'ENOENT',
  syscall: 'open',
  path: 'C:\\Users\\janpa\\cd\\development\\fin\\.next\\dev\\server\\app\\login\\page\\build-manifest.json'
}
⨯ Error: ENOENT: no such file or directory, open 'C:\Users\janpa\cd\development\fin\.next\dev\server\pages\_app\build-manifest.json'
    at ignore-listed frames {
  errno: -4058,
  code: 'ENOENT',
  syscall: 'open',
  path: 'C:\\Users\\janpa\\cd\\development\\fin\\.next\\dev\\server\\pages\\_app\\build-manifest.json'
}
Error: ENOENT: no such file or directory, open 'C:\Users\janpa\cd\development\fin\.next\dev\server\pages\_app\build-manifest.json'
    at ignore-listed frames {
  errno: -4058,
  code: 'ENOENT',
  syscall: 'open',
  path: 'C:\\Users\\janpa\\cd\\development\\fin\\.next\\dev\\server\\pages\\_app\\build-manifest.json'
}
⨯ Error: ENOENT: no such file or directory, open 'C:\Users\janpa\cd\development\fin\.next\dev\server\app\login\page\build-manifest.json'
    at ignore-listed frames {
  errno: -4058,
  code: 'ENOENT',
  syscall: 'open',
  path: 'C:\\Users\\janpa\\cd\\development\\fin\\.next\\dev\\server\\app\\login\\page\\build-manifest.json'
}
⨯ Error: ENOENT: no such file or directory, open 'C:\Users\janpa\cd\development\fin\.next\dev\server\pages\_app\build-manifest.json'
    at ignore-listed frames {
  errno: -4058,
  code: 'ENOENT',
  syscall: 'open',
  path: 'C:\\Users\\janpa\\cd\\development\\fin\\.next\\dev\\server\\pages\\_app\\build-manifest.json'
}
Error: ENOENT: no such file or directory, open 'C:\Users\janpa\cd\development\fin\.next\dev\server\app\login\page\build-manifest.json'
    at ignore-listed frames {
  errno: -4058,
  code: 'ENOENT',
  syscall: 'open',
  path: 'C:\\Users\\janpa\\cd\\development\\fin\\.next\\dev\\server\\app\\login\\page\\build-manifest.json'
}
⨯ Error: ENOENT: no such file or directory, open 'C:\Users\janpa\cd\development\fin\.next\dev\server\pages\_app\build-manifest.json'
    at ignore-listed frames {
  errno: -4058,
  code: 'ENOENT',
  syscall: 'open',
  path: 'C:\\Users\\janpa\\cd\\development\\fin\\.next\\dev\\server\\pages\\_app\\build-manifest.json'
}
Error: ENOENT: no such file or directory, open 'C:\Users\janpa\cd\development\fin\.next\dev\server\pages\_app\build-manifest.json'
    at ignore-listed frames {
  errno: -4058,
  code: 'ENOENT',
  syscall: 'open',
  path: 'C:\\Users\\janpa\\cd\\development\\fin\\.next\\dev\\server\\pages\\_app\\build-manifest.json'
}
⨯ Error: ENOENT: no such file or directory, open 'C:\Users\janpa\cd\development\fin\.next\dev\server\app\login\page\build-manifest.json'
    at ignore-listed frames {
  errno: -4058,
  code: 'ENOENT',
  syscall: 'open',
  path: 'C:\\Users\\janpa\\cd\\development\\fin\\.next\\dev\\server\\app\\login\\page\\build-manifest.json'
}
⨯ Error: ENOENT: no such file or directory, open 'C:\Users\janpa\cd\development\fin\.next\dev\server\pages\_app\build-manifest.json'
    at ignore-listed frames {
  errno: -4058,
  code: 'ENOENT',
  syscall: 'open',
  path: 'C:\\Users\\janpa\\cd\\development\\fin\\.next\\dev\\server\\pages\\_app\\build-manifest.json'
}
Error: ENOENT: no such file or directory, open 'C:\Users\janpa\cd\development\fin\.next\dev\server\app\login\page\build-manifest.json'
    at ignore-listed frames {
  errno: -4058,
  code: 'ENOENT',
  syscall: 'open',
  path: 'C:\\Users\\janpa\\cd\\development\\fin\\.next\\dev\\server\\app\\login\\page\\build-manifest.json'
}
⨯ Error: ENOENT: no such file or directory, open 'C:\Users\janpa\cd\development\fin\.next\dev\server\pages\_app\build-manifest.json'
    at ignore-listed frames {
  errno: -4058,
  code: 'ENOENT',
  syscall: 'open',
  path: 'C:\\Users\\janpa\\cd\\development\\fin\\.next\\dev\\server\\pages\\_app\\build-manifest.json'
}
Error: ENOENT: no such file or directory, open 'C:\Users\janpa\cd\development\fin\.next\dev\server\pages\_app\build-manifest.json'
    at ignore-listed frames {
  errno: -4058,
  code: 'ENOENT',
  syscall: 'open',
  path: 'C:\\Users\\janpa\\cd\\development\\fin\\.next\\dev\\server\\pages\\_app\\build-manifest.json'
}
⨯ Error: ENOENT: no such file or directory, open 'C:\Users\janpa\cd\development\fin\.next\dev\server\app\login\page\build-manifest.json'
    at ignore-listed frames {
  errno: -4058,
  code: 'ENOENT',
  syscall: 'open',
  path: 'C:\\Users\\janpa\\cd\\development\\fin\\.next\\dev\\server\\app\\login\\page\\build-manifest.json'
}
⨯ Error: ENOENT: no such file or directory, open 'C:\Users\janpa\cd\development\fin\.next\dev\server\pages\_app\build-manifest.json'
    at ignore-listed frames {
  errno: -4058,
  code: 'ENOENT',
  syscall: 'open',
  path: 'C:\\Users\\janpa\\cd\\development\\fin\\.next\\dev\\server\\pages\\_app\\build-manifest.json'
}
Error: ENOENT: no such file or directory, open 'C:\Users\janpa\cd\development\fin\.next\dev\server\app\login\page\build-manifest.json'
    at ignore-listed frames {
  errno: -4058,
  code: 'ENOENT',
  syscall: 'open',
  path: 'C:\\Users\\janpa\\cd\\development\\fin\\.next\\dev\\server\\app\\login\\page\\build-manifest.json'
}
⨯ Error: ENOENT: no such file or directory, open 'C:\Users\janpa\cd\development\fin\.next\dev\server\pages\_app\build-manifest.json'
    at ignore-listed frames {
  errno: -4058,
  code: 'ENOENT',
  syscall: 'open',
  path: 'C:\\Users\\janpa\\cd\\development\\fin\\.next\\dev\\server\\pages\\_app\\build-manifest.json'
}
Error: ENOENT: no such file or directory, open 'C:\Users\janpa\cd\development\fin\.next\dev\server\pages\_app\build-manifest.json'
    at ignore-listed frames {
  errno: -4058,
  code: 'ENOENT',
  syscall: 'open',
  path: 'C:\\Users\\janpa\\cd\\development\\fin\\.next\\dev\\server\\pages\\_app\\build-manifest.json'
}
⨯ Error: ENOENT: no such file or directory, open 'C:\Users\janpa\cd\development\fin\.next\dev\server\app\login\page\build-manifest.json'
    at ignore-listed frames {
  errno: -4058,
  code: 'ENOENT',
  syscall: 'open',
  path: 'C:\\Users\\janpa\\cd\\development\\fin\\.next\\dev\\server\\app\\login\\page\\build-manifest.json'
}
⨯ Error: ENOENT: no such file or directory, open 'C:\Users\janpa\cd\development\fin\.next\dev\server\pages\_app\build-manifest.json'
    at ignore-listed frames {
  errno: -4058,
  code: 'ENOENT',
  syscall: 'open',
  path: 'C:\\Users\\janpa\\cd\\development\\fin\\.next\\dev\\server\\pages\\_app\\build-manifest.json'
}
Error: ENOENT: no such file or directory, open 'C:\Users\janpa\cd\development\fin\.next\dev\server\app\login\page\build-manifest.json'
    at ignore-listed frames {
  errno: -4058,
  code: 'ENOENT',
  syscall: 'open',
  path: 'C:\\Users\\janpa\\cd\\development\\fin\\.next\\dev\\server\\app\\login\\page\\build-manifest.json'
}
⨯ Error: ENOENT: no such file or directory, open 'C:\Users\janpa\cd\development\fin\.next\dev\server\pages\_app\build-manifest.json'
    at ignore-listed frames {
  errno: -4058,
  code: 'ENOENT',
  syscall: 'open',
  path: 'C:\\Users\\janpa\\cd\\development\\fin\\.next\\dev\\server\\pages\\_app\\build-manifest.json'
}
Error: ENOENT: no such file or directory, open 'C:\Users\janpa\cd\development\fin\.next\dev\server\pages\_app\build-manifest.json'
    at ignore-listed frames {
  errno: -4058,
  code: 'ENOENT',
  syscall: 'open',
  path: 'C:\\Users\\janpa\\cd\\development\\fin\\.next\\dev\\server\\pages\\_app\\build-manifest.json'
}
⨯ Error: ENOENT: no such file or directory, open 'C:\Users\janpa\cd\development\fin\.next\dev\server\app\login\page\build-manifest.json'
    at ignore-listed frames {
  errno: -4058,
  code: 'ENOENT',
  syscall: 'open',
  path: 'C:\\Users\\janpa\\cd\\development\\fin\\.next\\dev\\server\\app\\login\\page\\build-manifest.json'
}
⨯ Error: ENOENT: no such file or directory, open 'C:\Users\janpa\cd\development\fin\.next\dev\server\pages\_app\build-manifest.json'
    at ignore-listed frames {
  errno: -4058,
  code: 'ENOENT',
  syscall: 'open',
  path: 'C:\\Users\\janpa\\cd\\development\\fin\\.next\\dev\\server\\pages\\_app\\build-manifest.json'
}
Error: ENOENT: no such file or directory, open 'C:\Users\janpa\cd\development\fin\.next\dev\server\app\login\page\build-manifest.json'
    at ignore-listed frames {
  errno: -4058,
  code: 'ENOENT',
  syscall: 'open',
  path: 'C:\\Users\\janpa\\cd\\development\\fin\\.next\\dev\\server\\app\\login\\page\\build-manifest.json'
}
⨯ Error: ENOENT: no such file or directory, open 'C:\Users\janpa\cd\development\fin\.next\dev\server\pages\_app\build-manifest.json'
    at ignore-listed frames {
  errno: -4058,
  code: 'ENOENT',
  syscall: 'open',
  path: 'C:\\Users\\janpa\\cd\\development\\fin\\.next\\dev\\server\\pages\\_app\\build-manifest.json'
}
Error: ENOENT: no such file or directory, open 'C:\Users\janpa\cd\development\fin\.next\dev\server\pages\_app\build-manifest.json'
    at ignore-listed frames {
  errno: -4058,
  code: 'ENOENT',
  syscall: 'open',
  path: 'C:\\Users\\janpa\\cd\\development\\fin\\.next\\dev\\server\\pages\\_app\\build-manifest.json'
}
⨯ Error: ENOENT: no such file or directory, open 'C:\Users\janpa\cd\development\fin\.next\dev\server\app\login\page\build-manifest.json'
    at ignore-listed frames {
  errno: -4058,
  code: 'ENOENT',
  syscall: 'open',
  path: 'C:\\Users\\janpa\\cd\\development\\fin\\.next\\dev\\server\\app\\login\\page\\build-manifest.json'
}
⨯ Error: ENOENT: no such file or directory, open 'C:\Users\janpa\cd\development\fin\.next\dev\server\pages\_app\build-manifest.json'
    at ignore-listed frames {
  errno: -4058,
  code: 'ENOENT',
  syscall: 'open',
  path: 'C:\\Users\\janpa\\cd\\development\\fin\\.next\\dev\\server\\pages\\_app\\build-manifest.json'
}
Error: ENOENT: no such file or directory, open 'C:\Users\janpa\cd\development\fin\.next\dev\server\app\login\page\build-manifest.json'
    at ignore-listed frames {
  errno: -4058,
  code: 'ENOENT',
  syscall: 'open',
  path: 'C:\\Users\\janpa\\cd\\development\\fin\\.next\\dev\\server\\app\\login\\page\\build-manifest.json'
}
⨯ Error: ENOENT: no such file or directory, open 'C:\Users\janpa\cd\development\fin\.next\dev\server\pages\_app\build-manifest.json'
    at ignore-listed frames {
  errno: -4058,
  code: 'ENOENT',
  syscall: 'open',
  path: 'C:\\Users\\janpa\\cd\\development\\fin\\.next\\dev\\server\\pages\\_app\\build-manifest.json'
}
Error: ENOENT: no such file or directory, open 'C:\Users\janpa\cd\development\fin\.next\dev\server\pages\_app\build-manifest.json'
    at ignore-listed frames {
  errno: -4058,
  code: 'ENOENT',
  syscall: 'open',
  path: 'C:\\Users\\janpa\\cd\\development\\fin\\.next\\dev\\server\\pages\\_app\\build-manifest.json'
}
⨯ Error: ENOENT: no such file or directory, open 'C:\Users\janpa\cd\development\fin\.next\dev\server\app\login\page\build-manifest.json'
    at ignore-listed frames {
  errno: -4058,
  code: 'ENOENT',
  syscall: 'open',
  path: 'C:\\Users\\janpa\\cd\\development\\fin\\.next\\dev\\server\\app\\login\\page\\build-manifest.json'
}
⨯ Error: ENOENT: no such file or directory, open 'C:\Users\janpa\cd\development\fin\.next\dev\server\pages\_app\build-manifest.json'
    at ignore-listed frames {
  errno: -4058,
  code: 'ENOENT',
  syscall: 'open',
  path: 'C:\\Users\\janpa\\cd\\development\\fin\\.next\\dev\\server\\pages\\_app\\build-manifest.json'
}
Error: ENOENT: no such file or directory, open 'C:\Users\janpa\cd\development\fin\.next\dev\server\app\login\page\build-manifest.json'
    at ignore-listed frames {
  errno: -4058,
  code: 'ENOENT',
  syscall: 'open',
  path: 'C:\\Users\\janpa\\cd\\development\\fin\\.next\\dev\\server\\app\\login\\page\\build-manifest.json'
}
⨯ Error: ENOENT: no such file or directory, open 'C:\Users\janpa\cd\development\fin\.next\dev\server\pages\_app\build-manifest.json'
    at ignore-listed frames {
  errno: -4058,
  code: 'ENOENT',
  syscall: 'open',
  path: 'C:\\Users\\janpa\\cd\\development\\fin\\.next\\dev\\server\\pages\\_app\\build-manifest.json'
}
Error: ENOENT: no such file or directory, open 'C:\Users\janpa\cd\development\fin\.next\dev\server\pages\_app\build-manifest.json'
    at ignore-listed frames {
  errno: -4058,
  code: 'ENOENT',
  syscall: 'open',
  path: 'C:\\Users\\janpa\\cd\\development\\fin\\.next\\dev\\server\\pages\\_app\\build-manifest.json'
}
⨯ Error: ENOENT: no such file or directory, open 'C:\Users\janpa\cd\development\fin\.next\dev\server\app\login\page\build-manifest.json'
    at ignore-listed frames {
  errno: -4058,
  code: 'ENOENT',
  syscall: 'open',
  path: 'C:\\Users\\janpa\\cd\\development\\fin\\.next\\dev\\server\\app\\login\\page\\build-manifest.json'
}
⨯ Error: ENOENT: no such file or directory, open 'C:\Users\janpa\cd\development\fin\.next\dev\server\pages\_app\build-manifest.json'
    at ignore-listed frames {
  errno: -4058,
  code: 'ENOENT',
  syscall: 'open',
  path: 'C:\\Users\\janpa\\cd\\development\\fin\\.next\\dev\\server\\pages\\_app\\build-manifest.json'
}
Error: ENOENT: no such file or directory, open 'C:\Users\janpa\cd\development\fin\.next\dev\server\app\login\page\build-manifest.json'
    at ignore-listed frames {
  errno: -4058,
  code: 'ENOENT',
  syscall: 'open',
  path: 'C:\\Users\\janpa\\cd\\development\\fin\\.next\\dev\\server\\app\\login\\page\\build-manifest.json'
}
⨯ Error: ENOENT: no such file or directory, open 'C:\Users\janpa\cd\development\fin\.next\dev\server\pages\_app\build-manifest.json'
    at ignore-listed frames {
  errno: -4058,
  code: 'ENOENT',
  syscall: 'open',
  path: 'C:\\Users\\janpa\\cd\\development\\fin\\.next\\dev\\server\\pages\\_app\\build-manifest.json'
}
Error: ENOENT: no such file or directory, open 'C:\Users\janpa\cd\development\fin\.next\dev\server\pages\_app\build-manifest.json'
    at ignore-listed frames {
  errno: -4058,
  code: 'ENOENT',
  syscall: 'open',
  path: 'C:\\Users\\janpa\\cd\\development\\fin\\.next\\dev\\server\\pages\\_app\\build-manifest.json'
}
⨯ Error: ENOENT: no such file or directory, open 'C:\Users\janpa\cd\development\fin\.next\dev\server\app\login\page\build-manifest.json'
    at ignore-listed frames {
  errno: -4058,
  code: 'ENOENT',
  syscall: 'open',
  path: 'C:\\Users\\janpa\\cd\\development\\fin\\.next\\dev\\server\\app\\login\\page\\build-manifest.json'
}
⨯ Error: ENOENT: no such file or directory, open 'C:\Users\janpa\cd\development\fin\.next\dev\server\pages\_app\build-manifest.json'
    at ignore-listed frames {
  errno: -4058,
  code: 'ENOENT',
  syscall: 'open',
  path: 'C:\\Users\\janpa\\cd\\development\\fin\\.next\\dev\\server\\pages\\_app\\build-manifest.json'
}
Error: ENOENT: no such file or directory, open 'C:\Users\janpa\cd\development\fin\.next\dev\server\app\login\page\build-manifest.json'
    at ignore-listed frames {
  errno: -4058,
  code: 'ENOENT',
  syscall: 'open',
  path: 'C:\\Users\\janpa\\cd\\development\\fin\\.next\\dev\\server\\app\\login\\page\\build-manifest.json'
}
⨯ Error: ENOENT: no such file or directory, open 'C:\Users\janpa\cd\development\fin\.next\dev\server\pages\_app\build-manifest.json'
    at ignore-listed frames {
  errno: -4058,
  code: 'ENOENT',
  syscall: 'open',
  path: 'C:\\Users\\janpa\\cd\\development\\fin\\.next\\dev\\server\\pages\\_app\\build-manifest.json'
}
Error: ENOENT: no such file or directory, open 'C:\Users\janpa\cd\development\fin\.next\dev\server\pages\_app\build-manifest.json'
    at ignore-listed frames {
  errno: -4058,
  code: 'ENOENT',
  syscall: 'open',
  path: 'C:\\Users\\janpa\\cd\\development\\fin\\.next\\dev\\server\\pages\\_app\\build-manifest.json'
}
⨯ Error: ENOENT: no such file or directory, open 'C:\Users\janpa\cd\development\fin\.next\dev\server\app\login\page\build-manifest.json'
    at ignore-listed frames {
  errno: -4058,
  code: 'ENOENT',
  syscall: 'open',
  path: 'C:\\Users\\janpa\\cd\\development\\fin\\.next\\dev\\server\\app\\login\\page\\build-manifest.json'
}
⨯ Error: ENOENT: no such file or directory, open 'C:\Users\janpa\cd\development\fin\.next\dev\server\pages\_app\build-manifest.json'
    at ignore-listed frames {
  errno: -4058,
  code: 'ENOENT',
  syscall: 'open',
  path: 'C:\\Users\\janpa\\cd\\development\\fin\\.next\\dev\\server\\pages\\_app\\build-manifest.json'
}
Error: ENOENT: no such file or directory, open 'C:\Users\janpa\cd\development\fin\.next\dev\server\app\login\page\build-manifest.json'
    at ignore-listed frames {
  errno: -4058,
  code: 'ENOENT',
  syscall: 'open',
  path: 'C:\\Users\\janpa\\cd\\development\\fin\\.next\\dev\\server\\app\\login\\page\\build-manifest.json'
}
⨯ Error: ENOENT: no such file or directory, open 'C:\Users\janpa\cd\development\fin\.next\dev\server\pages\_app\build-manifest.json'
    at ignore-listed frames {
  errno: -4058,
  code: 'ENOENT',
  syscall: 'open',
  path: 'C:\\Users\\janpa\\cd\\development\\fin\\.next\\dev\\server\\pages\\_app\\build-manifest.json'
}
Error: ENOENT: no such file or directory, open 'C:\Users\janpa\cd\development\fin\.next\dev\server\pages\_app\build-manifest.json'
    at ignore-listed frames {
  errno: -4058,
  code: 'ENOENT',
  syscall: 'open',
  path: 'C:\\Users\\janpa\\cd\\development\\fin\\.next\\dev\\server\\pages\\_app\\build-manifest.json'
}
⨯ Error: ENOENT: no such file or directory, open 'C:\Users\janpa\cd\development\fin\.next\dev\server\app\login\page\build-manifest.json'
    at ignore-listed frames {
  errno: -4058,
  code: 'ENOENT',
  syscall: 'open',
  path: 'C:\\Users\\janpa\\cd\\development\\fin\\.next\\dev\\server\\app\\login\\page\\build-manifest.json'
}
⨯ Error: ENOENT: no such file or directory, open 'C:\Users\janpa\cd\development\fin\.next\dev\server\pages\_app\build-manifest.json'
    at ignore-listed frames {
  errno: -4058,
  code: 'ENOENT',
  syscall: 'open',
  path: 'C:\\Users\\janpa\\cd\\development\\fin\\.next\\dev\\server\\pages\\_app\\build-manifest.json'
}
Error: ENOENT: no such file or directory, open 'C:\Users\janpa\cd\development\fin\.next\dev\server\app\login\page\build-manifest.json'
    at ignore-listed frames {
  errno: -4058,
  code: 'ENOENT',
  syscall: 'open',
  path: 'C:\\Users\\janpa\\cd\\development\\fin\\.next\\dev\\server\\app\\login\\page\\build-manifest.json'
}
⨯ Error: ENOENT: no such file or directory, open 'C:\Users\janpa\cd\development\fin\.next\dev\server\pages\_app\build-manifest.json'
    at ignore-listed frames {
  errno: -4058,
  code: 'ENOENT',
  syscall: 'open',
  path: 'C:\\Users\\janpa\\cd\\development\\fin\\.next\\dev\\server\\pages\\_app\\build-manifest.json'
}
Error: ENOENT: no such file or directory, open 'C:\Users\janpa\cd\development\fin\.next\dev\server\pages\_app\build-manifest.json'
    at ignore-listed frames {
  errno: -4058,
  code: 'ENOENT',
  syscall: 'open',
  path: 'C:\\Users\\janpa\\cd\\development\\fin\\.next\\dev\\server\\pages\\_app\\build-manifest.json'
}
⨯ Error: ENOENT: no such file or directory, open 'C:\Users\janpa\cd\development\fin\.next\dev\server\app\login\page\build-manifest.json'
    at ignore-listed frames {
  errno: -4058,
  code: 'ENOENT',
  syscall: 'open',
  path: 'C:\\Users\\janpa\\cd\\development\\fin\\.next\\dev\\server\\app\\login\\page\\build-manifest.json'
}
⨯ Error: ENOENT: no such file or directory, open 'C:\Users\janpa\cd\development\fin\.next\dev\server\pages\_app\build-manifest.json'
    at ignore-listed frames {
  errno: -4058,
  code: 'ENOENT',
  syscall: 'open',
  path: 'C:\\Users\\janpa\\cd\\development\\fin\\.next\\dev\\server\\pages\\_app\\build-manifest.json'
}
Error: ENOENT: no such file or directory, open 'C:\Users\janpa\cd\development\fin\.next\dev\server\app\login\page\build-manifest.json'
    at ignore-listed frames {
  errno: -4058,
  code: 'ENOENT',
  syscall: 'open',
  path: 'C:\\Users\\janpa\\cd\\development\\fin\\.next\\dev\\server\\app\\login\\page\\build-manifest.json'
}
⨯ Error: ENOENT: no such file or directory, open 'C:\Users\janpa\cd\development\fin\.next\dev\server\pages\_app\build-manifest.json'
    at ignore-listed frames {
  errno: -4058,
  code: 'ENOENT',
  syscall: 'open',
  path: 'C:\\Users\\janpa\\cd\\development\\fin\\.next\\dev\\server\\pages\\_app\\build-manifest.json'
}
Error: ENOENT: no such file or directory, open 'C:\Users\janpa\cd\development\fin\.next\dev\server\pages\_app\build-manifest.json'
    at ignore-listed frames {
  errno: -4058,
  code: 'ENOENT',
  syscall: 'open',
  path: 'C:\\Users\\janpa\\cd\\development\\fin\\.next\\dev\\server\\pages\\_app\\build-manifest.json'
}
⨯ Error: ENOENT: no such file or directory, open 'C:\Users\janpa\cd\development\fin\.next\dev\server\app\login\page\build-manifest.json'
    at ignore-listed frames {
  errno: -4058,
  code: 'ENOENT',
  syscall: 'open',
  path: 'C:\\Users\\janpa\\cd\\development\\fin\\.next\\dev\\server\\app\\login\\page\\build-manifest.json'
}
⨯ Error: ENOENT: no such file or directory, open 'C:\Users\janpa\cd\development\fin\.next\dev\server\pages\_app\build-manifest.json'
    at ignore-listed frames {
  errno: -4058,
  code: 'ENOENT',
  syscall: 'open',
  path: 'C:\\Users\\janpa\\cd\\development\\fin\\.next\\dev\\server\\pages\\_app\\build-manifest.json'
}
Error: ENOENT: no such file or directory, open 'C:\Users\janpa\cd\development\fin\.next\dev\server\app\login\page\build-manifest.json'
    at ignore-listed frames {
  errno: -4058,
  code: 'ENOENT',
  syscall: 'open',
  path: 'C:\\Users\\janpa\\cd\\development\\fin\\.next\\dev\\server\\app\\login\\page\\build-manifest.json'
}
⨯ Error: ENOENT: no such file or directory, open 'C:\Users\janpa\cd\development\fin\.next\dev\server\pages\_app\build-manifest.json'
    at ignore-listed frames {
  errno: -4058,
  code: 'ENOENT',
  syscall: 'open',
  path: 'C:\\Users\\janpa\\cd\\development\\fin\\.next\\dev\\server\\pages\\_app\\build-manifest.json'
}
Error: ENOENT: no such file or directory, open 'C:\Users\janpa\cd\development\fin\.next\dev\server\pages\_app\build-manifest.json'
    at ignore-listed frames {
  errno: -4058,
  code: 'ENOENT',
  syscall: 'open',
  path: 'C:\\Users\\janpa\\cd\\development\\fin\\.next\\dev\\server\\pages\\_app\\build-manifest.json'
}
⨯ Error: ENOENT: no such file or directory, open 'C:\Users\janpa\cd\development\fin\.next\dev\server\app\login\page\build-manifest.json'
    at ignore-listed frames {
  errno: -4058,
  code: 'ENOENT',
  syscall: 'open',
  path: 'C:\\Users\\janpa\\cd\\development\\fin\\.next\\dev\\server\\app\\login\\page\\build-manifest.json'
}
⨯ Error: ENOENT: no such file or directory, open 'C:\Users\janpa\cd\development\fin\.next\dev\server\pages\_app\build-manifest.json'
    at ignore-listed frames {
  errno: -4058,
  code: 'ENOENT',
  syscall: 'open',
  path: 'C:\\Users\\janpa\\cd\\development\\fin\\.next\\dev\\server\\pages\\_app\\build-manifest.json'
}
Error: ENOENT: no such file or directory, open 'C:\Users\janpa\cd\development\fin\.next\dev\server\app\login\page\build-manifest.json'
    at ignore-listed frames {
  errno: -4058,
  code: 'ENOENT',
  syscall: 'open',
  path: 'C:\\Users\\janpa\\cd\\development\\fin\\.next\\dev\\server\\app\\login\\page\\build-manifest.json'
}
⨯ Error: ENOENT: no such file or directory, open 'C:\Users\janpa\cd\development\fin\.next\dev\server\pages\_app\build-manifest.json'
    at ignore-listed frames {
  errno: -4058,
  code: 'ENOENT',
  syscall: 'open',
  path: 'C:\\Users\\janpa\\cd\\development\\fin\\.next\\dev\\server\\pages\\_app\\build-manifest.json'
}
Error: ENOENT: no such file or directory, open 'C:\Users\janpa\cd\development\fin\.next\dev\server\pages\_app\build-manifest.json'
    at ignore-listed frames {
  errno: -4058,
  code: 'ENOENT',
  syscall: 'open',
  path: 'C:\\Users\\janpa\\cd\\development\\fin\\.next\\dev\\server\\pages\\_app\\build-manifest.json'
}
⨯ Error: ENOENT: no such file or directory, open 'C:\Users\janpa\cd\development\fin\.next\dev\server\app\login\page\build-manifest.json'
    at ignore-listed frames {
  errno: -4058,
  code: 'ENOENT',
  syscall: 'open',
  path: 'C:\\Users\\janpa\\cd\\development\\fin\\.next\\dev\\server\\app\\login\\page\\build-manifest.json'
}
⨯ Error: ENOENT: no such file or directory, open 'C:\Users\janpa\cd\development\fin\.next\dev\server\pages\_app\build-manifest.json'
    at ignore-listed frames {
  errno: -4058,
  code: 'ENOENT',
  syscall: 'open',
  path: 'C:\\Users\\janpa\\cd\\development\\fin\\.next\\dev\\server\\pages\\_app\\build-manifest.json'
}
Error: ENOENT: no such file or directory, open 'C:\Users\janpa\cd\development\fin\.next\dev\server\app\login\page\build-manifest.json'
    at ignore-listed frames {
  errno: -4058,
  code: 'ENOENT',
  syscall: 'open',
  path: 'C:\\Users\\janpa\\cd\\development\\fin\\.next\\dev\\server\\app\\login\\page\\build-manifest.json'
}
⨯ Error: ENOENT: no such file or directory, open 'C:\Users\janpa\cd\development\fin\.next\dev\server\pages\_app\build-manifest.json'
    at ignore-listed frames {
  errno: -4058,
  code: 'ENOENT',
  syscall: 'open',
  path: 'C:\\Users\\janpa\\cd\\development\\fin\\.next\\dev\\server\\pages\\_app\\build-manifest.json'
}
Error: ENOENT: no such file or directory, open 'C:\Users\janpa\cd\development\fin\.next\dev\server\pages\_app\build-manifest.json'
    at ignore-listed frames {
  errno: -4058,
  code: 'ENOENT',
  syscall: 'open',
  path: 'C:\\Users\\janpa\\cd\\development\\fin\\.next\\dev\\server\\pages\\_app\\build-manifest.json'
}
⨯ Error: ENOENT: no such file or directory, open 'C:\Users\janpa\cd\development\fin\.next\dev\server\app\login\page\build-manifest.json'
    at ignore-listed frames {
  errno: -4058,
  code: 'ENOENT',
  syscall: 'open',
  path: 'C:\\Users\\janpa\\cd\\development\\fin\\.next\\dev\\server\\app\\login\\page\\build-manifest.json'
}
⨯ Error: ENOENT: no such file or directory, open 'C:\Users\janpa\cd\development\fin\.next\dev\server\pages\_app\build-manifest.json'
    at ignore-listed frames {
  errno: -4058,
  code: 'ENOENT',
  syscall: 'open',
  path: 'C:\\Users\\janpa\\cd\\development\\fin\\.next\\dev\\server\\pages\\_app\\build-manifest.json'
}
Error: ENOENT: no such file or directory, open 'C:\Users\janpa\cd\development\fin\.next\dev\server\app\login\page\build-manifest.json'
    at ignore-listed frames {
  errno: -4058,
  code: 'ENOENT',
  syscall: 'open',
  path: 'C:\\Users\\janpa\\cd\\development\\fin\\.next\\dev\\server\\app\\login\\page\\build-manifest.json'
}
⨯ Error: ENOENT: no such file or directory, open 'C:\Users\janpa\cd\development\fin\.next\dev\server\pages\_app\build-manifest.json'
    at ignore-listed frames {
  errno: -4058,
  code: 'ENOENT',
  syscall: 'open',
  path: 'C:\\Users\\janpa\\cd\\development\\fin\\.next\\dev\\server\\pages\\_app\\build-manifest.json'
}
Error: ENOENT: no such file or directory, open 'C:\Users\janpa\cd\development\fin\.next\dev\server\pages\_app\build-manifest.json'
    at ignore-listed frames {
  errno: -4058,
  code: 'ENOENT',
  syscall: 'open',
  path: 'C:\\Users\\janpa\\cd\\development\\fin\\.next\\dev\\server\\pages\\_app\\build-manifest.json'
}
⨯ Error: ENOENT: no such file or directory, open 'C:\Users\janpa\cd\development\fin\.next\dev\server\app\login\page\build-manifest.json'
    at ignore-listed frames {
  errno: -4058,
  code: 'ENOENT',
  syscall: 'open',
  path: 'C:\\Users\\janpa\\cd\\development\\fin\\.next\\dev\\server\\app\\login\\page\\build-manifest.json'
}
⨯ Error: ENOENT: no such file or directory, open 'C:\Users\janpa\cd\development\fin\.next\dev\server\pages\_app\build-manifest.json'
    at ignore-listed frames {
  errno: -4058,
  code: 'ENOENT',
  syscall: 'open',
  path: 'C:\\Users\\janpa\\cd\\development\\fin\\.next\\dev\\server\\pages\\_app\\build-manifest.json'
}
Error: ENOENT: no such file or directory, open 'C:\Users\janpa\cd\development\fin\.next\dev\server\app\login\page\build-manifest.json'
    at ignore-listed frames {
  errno: -4058,
  code: 'ENOENT',
  syscall: 'open',
  path: 'C:\\Users\\janpa\\cd\\development\\fin\\.next\\dev\\server\\app\\login\\page\\build-manifest.json'
}
⨯ Error: ENOENT: no such file or directory, open 'C:\Users\janpa\cd\development\fin\.next\dev\server\pages\_app\build-manifest.json'
    at ignore-listed frames {
  errno: -4058,
  code: 'ENOENT',
  syscall: 'open',
  path: 'C:\\Users\\janpa\\cd\\development\\fin\\.next\\dev\\server\\pages\\_app\\build-manifest.json'
}
Error: ENOENT: no such file or directory, open 'C:\Users\janpa\cd\development\fin\.next\dev\server\pages\_app\build-manifest.json'
    at ignore-listed frames {
  errno: -4058,
  code: 'ENOENT',
  syscall: 'open',
  path: 'C:\\Users\\janpa\\cd\\development\\fin\\.next\\dev\\server\\pages\\_app\\build-manifest.json'
}
⨯ Error: ENOENT: no such file or directory, open 'C:\Users\janpa\cd\development\fin\.next\dev\server\app\login\page\build-manifest.json'
    at ignore-listed frames {
  errno: -4058,
  code: 'ENOENT',
  syscall: 'open',
  path: 'C:\\Users\\janpa\\cd\\development\\fin\\.next\\dev\\server\\app\\login\\page\\build-manifest.json'
}
⨯ Error: ENOENT: no such file or directory, open 'C:\Users\janpa\cd\development\fin\.next\dev\server\pages\_app\build-manifest.json'
    at ignore-listed frames {
  errno: -4058,
  code: 'ENOENT',
  syscall: 'open',
  path: 'C:\\Users\\janpa\\cd\\development\\fin\\.next\\dev\\server\\pages\\_app\\build-manifest.json'
}
Error: ENOENT: no such file or directory, open 'C:\Users\janpa\cd\development\fin\.next\dev\server\app\login\page\build-manifest.json'
    at ignore-listed frames {
  errno: -4058,
  code: 'ENOENT',
  syscall: 'open',
  path: 'C:\\Users\\janpa\\cd\\development\\fin\\.next\\dev\\server\\app\\login\\page\\build-manifest.json'
}
⨯ Error: ENOENT: no such file or directory, open 'C:\Users\janpa\cd\development\fin\.next\dev\server\pages\_app\build-manifest.json'
    at ignore-listed frames {
  errno: -4058,
  code: 'ENOENT',
  syscall: 'open',
  path: 'C:\\Users\\janpa\\cd\\development\\fin\\.next\\dev\\server\\pages\\_app\\build-manifest.json'
}
Error: ENOENT: no such file or directory, open 'C:\Users\janpa\cd\development\fin\.next\dev\server\pages\_app\build-manifest.json'
    at ignore-listed frames {
  errno: -4058,
  code: 'ENOENT',
  syscall: 'open',
  path: 'C:\\Users\\janpa\\cd\\development\\fin\\.next\\dev\\server\\pages\\_app\\build-manifest.json'
}
⨯ Error: ENOENT: no such file or directory, open 'C:\Users\janpa\cd\development\fin\.next\dev\server\app\login\page\build-manifest.json'
    at ignore-listed frames {
  errno: -4058,
  code: 'ENOENT',
  syscall: 'open',
  path: 'C:\\Users\\janpa\\cd\\development\\fin\\.next\\dev\\server\\app\\login\\page\\build-manifest.json'
}
⨯ Error: ENOENT: no such file or directory, open 'C:\Users\janpa\cd\development\fin\.next\dev\server\pages\_app\build-manifest.json'
    at ignore-listed frames {
  errno: -4058,
  code: 'ENOENT',
  syscall: 'open',
  path: 'C:\\Users\\janpa\\cd\\development\\fin\\.next\\dev\\server\\pages\\_app\\build-manifest.json'
}
Error: ENOENT: no such file or directory, open 'C:\Users\janpa\cd\development\fin\.next\dev\server\app\login\page\build-manifest.json'
    at ignore-listed frames {
  errno: -4058,
  code: 'ENOENT',
  syscall: 'open',
  path: 'C:\\Users\\janpa\\cd\\development\\fin\\.next\\dev\\server\\app\\login\\page\\build-manifest.json'
}
⨯ Error: ENOENT: no such file or directory, open 'C:\Users\janpa\cd\development\fin\.next\dev\server\pages\_app\build-manifest.json'
    at ignore-listed frames {
  errno: -4058,
  code: 'ENOENT',
  syscall: 'open',
  path: 'C:\\Users\\janpa\\cd\\development\\fin\\.next\\dev\\server\\pages\\_app\\build-manifest.json'
}
Error: ENOENT: no such file or directory, open 'C:\Users\janpa\cd\development\fin\.next\dev\server\pages\_app\build-manifest.json'
    at ignore-listed frames {
  errno: -4058,
  code: 'ENOENT',
  syscall: 'open',
  path: 'C:\\Users\\janpa\\cd\\development\\fin\\.next\\dev\\server\\pages\\_app\\build-manifest.json'
}
⨯ Error: ENOENT: no such file or directory, open 'C:\Users\janpa\cd\development\fin\.next\dev\server\app\login\page\build-manifest.json'
    at ignore-listed frames {
  errno: -4058,
  code: 'ENOENT',
  syscall: 'open',
  path: 'C:\\Users\\janpa\\cd\\development\\fin\\.next\\dev\\server\\app\\login\\page\\build-manifest.json'
}
⨯ Error: ENOENT: no such file or directory, open 'C:\Users\janpa\cd\development\fin\.next\dev\server\pages\_app\build-manifest.json'
    at ignore-listed frames {
  errno: -4058,
  code: 'ENOENT',
  syscall: 'open',
  path: 'C:\\Users\\janpa\\cd\\development\\fin\\.next\\dev\\server\\pages\\_app\\build-manifest.json'
}
Error: ENOENT: no such file or directory, open 'C:\Users\janpa\cd\development\fin\.next\dev\server\app\login\page\build-manifest.json'
    at ignore-listed frames {
  errno: -4058,
  code: 'ENOENT',
  syscall: 'open',
  path: 'C:\\Users\\janpa\\cd\\development\\fin\\.next\\dev\\server\\app\\login\\page\\build-manifest.json'
}
⨯ Error: ENOENT: no such file or directory, open 'C:\Users\janpa\cd\development\fin\.next\dev\server\pages\_app\build-manifest.json'
    at ignore-listed frames {
  errno: -4058,
  code: 'ENOENT',
  syscall: 'open',
  path: 'C:\\Users\\janpa\\cd\\development\\fin\\.next\\dev\\server\\pages\\_app\\build-manifest.json'
}
Error: ENOENT: no such file or directory, open 'C:\Users\janpa\cd\development\fin\.next\dev\server\pages\_app\build-manifest.json'
    at ignore-listed frames {
  errno: -4058,
  code: 'ENOENT',
  syscall: 'open',
  path: 'C:\\Users\\janpa\\cd\\development\\fin\\.next\\dev\\server\\pages\\_app\\build-manifest.json'
}
 GET /login?redirectTo=%2Fcore%2Fassets 200 in 249ms (compile: 84ms, proxy.ts: 6ms, render: 159ms)
 GET /login?redirectTo=%2Fcore%2Fassets 200 in 82ms (compile: 5ms, proxy.ts: 5ms, render: 72ms)
Terminated
