▲ Next.js 16.1.6 (Turbopack)
- Local:         http://localhost:3000
- Network:       http://192.168.86.37:3000
- Environments: .env.local
- Experiments (use with caution):
  ⨯ turbopackFileSystemCacheForDev

✓ Starting...
✓ Ready in 1277ms
○ Compiling / ...
 GET / 200 in 3.9s (compile: 3.5s, proxy.ts: 142ms, render: 273ms)
 GET /test-resilience-score 200 in 4.2s (compile: 3.1s, proxy.ts: 140ms, render: 929ms)
 GET /login?redirectTo=%2Fcore%2Fassets%2Fholdings 200 in 2.5s (compile: 1844ms, proxy.ts: 29ms, render: 636ms)
 GET / 200 in 332ms (compile: 25ms, proxy.ts: 45ms, render: 262ms)
 GET /api/verify-resilience-score 200 in 1522ms (compile: 964ms, proxy.ts: 42ms, render: 516ms)
 GET / 200 in 142ms (compile: 11ms, proxy.ts: 12ms, render: 119ms)
 GET /api/verify-holding-edit-preservation 200 in 320ms (compile: 300ms, proxy.ts: 11ms, render: 9ms)
 GET /test-holding-edit-preservation 200 in 737ms (compile: 647ms, proxy.ts: 14ms, render: 77ms)
 GET /api/verify-holding-edit-preservation 200 in 29ms (compile: 10ms, proxy.ts: 10ms, render: 10ms)
 GET /test-holding-edit-preservation 200 in 509ms (compile: 226ms, proxy.ts: 67ms, render: 217ms)
 GET /test-resilience-score 200 in 524ms (compile: 286ms, proxy.ts: 71ms, render: 167ms)
 GET /test-holding-edit-preservation 200 in 209ms (compile: 39ms, proxy.ts: 26ms, render: 143ms)
 GET /test-resilience-score 200 in 205ms (compile: 61ms, proxy.ts: 34ms, render: 110ms)
 GET /test-resilience-score 200 in 159ms (compile: 32ms, proxy.ts: 17ms, render: 109ms)
 GET /test-holding-edit-preservation 200 in 178ms (compile: 12ms, proxy.ts: 25ms, render: 141ms)
 GET /test-holding-edit-preservation 200 in 206ms (compile: 5ms, proxy.ts: 13ms, render: 188ms)
 GET /test-resilience-score 200 in 212ms (compile: 21ms, proxy.ts: 14ms, render: 178ms)
 GET /test-holding-edit-preservation 200 in 203ms (compile: 15ms, proxy.ts: 26ms, render: 162ms)
 GET /test-resilience-score 200 in 200ms (compile: 37ms, proxy.ts: 26ms, render: 137ms)
 GET /test-holding-edit-preservation 200 in 173ms (compile: 11ms, proxy.ts: 20ms, render: 142ms)
 GET /test-resilience-score 200 in 171ms (compile: 34ms, proxy.ts: 20ms, render: 118ms)
 GET /test-holding-edit-preservation 200 in 162ms (compile: 17ms, proxy.ts: 14ms, render: 131ms)
 GET /test-resilience-score 200 in 167ms (compile: 34ms, proxy.ts: 18ms, render: 115ms)
 GET /test-holding-edit-preservation 200 in 158ms (compile: 10ms, proxy.ts: 13ms, render: 135ms)
 GET /test-resilience-score 200 in 162ms (compile: 32ms, proxy.ts: 15ms, render: 115ms)
 GET /test-holding-edit-preservation 200 in 193ms (compile: 10ms, proxy.ts: 17ms, render: 165ms)
 GET /test-resilience-score 200 in 193ms (compile: 30ms, proxy.ts: 18ms, render: 144ms)
 GET /test-holding-edit-preservation 200 in 199ms (compile: 10ms, proxy.ts: 18ms, render: 170ms)
 GET /test-resilience-score 200 in 199ms (compile: 56ms, proxy.ts: 19ms, render: 124ms)
 GET /test-resilience-score 200 in 164ms (compile: 30ms, proxy.ts: 16ms, render: 118ms)
 GET /test-holding-edit-preservation 200 in 168ms (compile: 10ms, proxy.ts: 15ms, render: 143ms)
 GET /test-holding-edit-preservation 200 in 168ms (compile: 12ms, proxy.ts: 20ms, render: 136ms)
 GET /test-resilience-score 200 in 165ms (compile: 32ms, proxy.ts: 19ms, render: 114ms)
 GET /test-holding-edit-preservation 200 in 177ms (compile: 10ms, proxy.ts: 12ms, render: 154ms)
 GET /test-resilience-score 200 in 176ms (compile: 30ms, proxy.ts: 15ms, render: 131ms)
 GET /test-holding-edit-preservation 200 in 155ms (compile: 9ms, proxy.ts: 15ms, render: 132ms)
 GET /test-resilience-score 200 in 154ms (compile: 36ms, proxy.ts: 14ms, render: 104ms)
 GET /test-resilience-score 200 in 297ms (compile: 19ms, proxy.ts: 21ms, render: 257ms)
 GET /test-holding-edit-preservation 200 in 293ms (compile: 70ms, proxy.ts: 21ms, render: 202ms)
 GET /test-holding-edit-preservation 404 in 926ms (compile: 557ms, proxy.ts: 28ms, render: 341ms)
 GET /test-resilience-score 404 in 923ms (compile: 518ms, proxy.ts: 29ms, render: 376ms)
 GET /test-resilience-score 200 in 447ms (compile: 49ms, proxy.ts: 21ms, render: 376ms)
 GET /test-holding-edit-preservation 200 in 444ms (compile: 97ms, proxy.ts: 22ms, render: 325ms)
 GET /api/verify-holding-edit-preservation 200 in 62ms (compile: 33ms, proxy.ts: 15ms, render: 14ms)
 GET /api/verify-resilience-score 200 in 487ms (compile: 95ms, proxy.ts: 16ms, render: 377ms)
 GET /test-holding-edit-preservation 200 in 113ms (compile: 11ms, proxy.ts: 17ms, render: 85ms)
 GET /api/verify-holding-edit-preservation 200 in 20ms (compile: 6ms, proxy.ts: 8ms, render: 6ms)
 GET /test-holding-edit-preservation 200 in 322ms (compile: 103ms, proxy.ts: 48ms, render: 171ms)
 GET /test-resilience-score 200 in 327ms (compile: 146ms, proxy.ts: 44ms, render: 137ms)
 GET /test-holding-edit-preservation 200 in 179ms (compile: 10ms, proxy.ts: 16ms, render: 153ms)
 GET /test-resilience-score 200 in 186ms (compile: 53ms, proxy.ts: 17ms, render: 115ms)
 GET /test-holding-edit-preservation 200 in 188ms (compile: 9ms, proxy.ts: 16ms, render: 164ms)
 GET /test-resilience-score 200 in 212ms (compile: 35ms, proxy.ts: 15ms, render: 163ms)
 GET /test-holding-edit-preservation 200 in 246ms (compile: 12ms, proxy.ts: 36ms, render: 198ms)
 GET /test-resilience-score 200 in 221ms (compile: 45ms, proxy.ts: 13ms, render: 162ms)
 GET /test-holding-edit-preservation 200 in 202ms (compile: 33ms, proxy.ts: 67ms, render: 102ms)
 GET /test-resilience-score 200 in 186ms (compile: 14ms, proxy.ts: 59ms, render: 113ms)
 GET /test-holding-edit-preservation 200 in 196ms (compile: 7ms, proxy.ts: 37ms, render: 153ms)
 GET /test-resilience-score 200 in 191ms (compile: 15ms, proxy.ts: 24ms, render: 151ms)
 GET /test-holding-edit-preservation 200 in 177ms (compile: 19ms, proxy.ts: 47ms, render: 111ms)
 GET /test-resilience-score 200 in 151ms (compile: 14ms, proxy.ts: 41ms, render: 96ms)
 GET /test-holding-edit-preservation 200 in 136ms (compile: 10ms, proxy.ts: 41ms, render: 86ms)
 GET /test-resilience-score 200 in 135ms (compile: 9ms, proxy.ts: 30ms, render: 96ms)
 GET /test-holding-edit-preservation 200 in 143ms (compile: 14ms, proxy.ts: 24ms, render: 104ms)
 GET /test-resilience-score 200 in 157ms (compile: 9ms, proxy.ts: 28ms, render: 120ms)
 GET /test-holding-edit-preservation 200 in 199ms (compile: 18ms, proxy.ts: 34ms, render: 148ms)
 GET /test-resilience-score 200 in 179ms (compile: 14ms, proxy.ts: 36ms, render: 128ms)
 GET /test-holding-edit-preservation 200 in 195ms (compile: 12ms, proxy.ts: 45ms, render: 138ms)
 GET /test-resilience-score 200 in 199ms (compile: 14ms, proxy.ts: 40ms, render: 145ms)
 GET /test-holding-edit-preservation 200 in 202ms (compile: 18ms, proxy.ts: 42ms, render: 141ms)
 GET /test-resilience-score 200 in 216ms (compile: 14ms, proxy.ts: 52ms, render: 150ms)
 GET /test-holding-edit-preservation 200 in 195ms (compile: 16ms, proxy.ts: 52ms, render: 128ms)
 GET /test-resilience-score 200 in 187ms (compile: 16ms, proxy.ts: 49ms, render: 121ms)
 GET /test-holding-edit-preservation 200 in 205ms (compile: 16ms, proxy.ts: 47ms, render: 142ms)
 GET /test-resilience-score 200 in 168ms (compile: 10ms, proxy.ts: 35ms, render: 123ms)
 GET /test-holding-edit-preservation 200 in 183ms (compile: 14ms, proxy.ts: 42ms, render: 126ms)
 GET /test-resilience-score 200 in 200ms (compile: 11ms, proxy.ts: 49ms, render: 140ms)
 GET /test-holding-edit-preservation 200 in 184ms (compile: 12ms, proxy.ts: 29ms, render: 143ms)
 GET /test-resilience-score 200 in 174ms (compile: 21ms, proxy.ts: 44ms, render: 109ms)
 GET /test-holding-edit-preservation 200 in 196ms (compile: 11ms, proxy.ts: 41ms, render: 144ms)
 GET /test-resilience-score 200 in 165ms (compile: 9ms, proxy.ts: 32ms, render: 124ms)
 GET /test-holding-edit-preservation 200 in 239ms (compile: 18ms, proxy.ts: 37ms, render: 185ms)
 GET /test-resilience-score 200 in 213ms (compile: 38ms, proxy.ts: 15ms, render: 161ms)
 GET /test-holding-edit-preservation 200 in 244ms (compile: 27ms, proxy.ts: 44ms, render: 173ms)
 GET /test-resilience-score 200 in 215ms (compile: 61ms, proxy.ts: 16ms, render: 138ms)
 GET /test-holding-edit-preservation 200 in 221ms (compile: 12ms, proxy.ts: 20ms, render: 189ms)
 GET /test-resilience-score 200 in 226ms (compile: 41ms, proxy.ts: 19ms, render: 166ms)
 GET /test-holding-edit-preservation 200 in 237ms (compile: 16ms, proxy.ts: 45ms, render: 176ms)
 GET /test-resilience-score 200 in 209ms (compile: 41ms, proxy.ts: 17ms, render: 151ms)
 GET /test-holding-edit-preservation 200 in 241ms (compile: 15ms, proxy.ts: 78ms, render: 149ms)
 GET /test-resilience-score 200 in 178ms (compile: 9ms, proxy.ts: 36ms, render: 134ms)
 GET /test-holding-edit-preservation 200 in 226ms (compile: 15ms, proxy.ts: 35ms, render: 176ms)
 GET /test-resilience-score 200 in 208ms (compile: 56ms, proxy.ts: 14ms, render: 139ms)
 GET /test-holding-edit-preservation 200 in 208ms (compile: 15ms, proxy.ts: 44ms, render: 149ms)
 GET /test-resilience-score 200 in 177ms (compile: 46ms, proxy.ts: 15ms, render: 116ms)
 GET /test-holding-edit-preservation 200 in 190ms (compile: 17ms, proxy.ts: 52ms, render: 122ms)
 GET /test-resilience-score 200 in 154ms (compile: 29ms, proxy.ts: 18ms, render: 107ms)
 GET /test-holding-edit-preservation 200 in 156ms (compile: 12ms, proxy.ts: 14ms, render: 130ms)
 GET /test-resilience-score 200 in 152ms (compile: 27ms, proxy.ts: 11ms, render: 114ms)
 GET /test-holding-edit-preservation 200 in 147ms (compile: 8ms, proxy.ts: 19ms, render: 121ms)
 GET /test-resilience-score 200 in 146ms (compile: 28ms, proxy.ts: 19ms, render: 99ms)
 GET /test-resilience-score 200 in 145ms (compile: 27ms, proxy.ts: 16ms, render: 102ms)
 GET /test-holding-edit-preservation 200 in 150ms (compile: 9ms, proxy.ts: 16ms, render: 125ms)
 GET /test-resilience-score 200 in 173ms (compile: 30ms, proxy.ts: 14ms, render: 130ms)
 GET /test-holding-edit-preservation 200 in 180ms (compile: 8ms, proxy.ts: 14ms, render: 158ms)
 GET /test-holding-edit-preservation 200 in 180ms (compile: 9ms, proxy.ts: 13ms, render: 158ms)
 GET /test-resilience-score 200 in 183ms (compile: 40ms, proxy.ts: 13ms, render: 130ms)
 GET /test-holding-edit-preservation 200 in 188ms (compile: 9ms, proxy.ts: 16ms, render: 164ms)
 GET /test-resilience-score 200 in 196ms (compile: 33ms, proxy.ts: 14ms, render: 149ms)
 GET /test-holding-edit-preservation 200 in 226ms (compile: 17ms, proxy.ts: 47ms, render: 162ms)
 GET /test-resilience-score 200 in 322ms (compile: 11ms, proxy.ts: 64ms, render: 247ms)
 GET /test-resilience-score 200 in 561ms (compile: 291ms, proxy.ts: 29ms, render: 241ms)
 GET /test-holding-edit-preservation 200 in 679ms (compile: 430ms, proxy.ts: 43ms, render: 207ms)
 GET /test-resilience-score 200 in 270ms (compile: 42ms, proxy.ts: 56ms, render: 172ms)
 GET /test-holding-edit-preservation 200 in 272ms (compile: 72ms, proxy.ts: 60ms, render: 140ms)
 GET /test-resilience-score 200 in 213ms (compile: 11ms, proxy.ts: 12ms, render: 189ms)
 GET /test-holding-edit-preservation 200 in 212ms (compile: 43ms, proxy.ts: 13ms, render: 156ms)
 GET /test-resilience-score 200 in 249ms (compile: 13ms, proxy.ts: 18ms, render: 217ms)
 GET /test-holding-edit-preservation 200 in 251ms (compile: 45ms, proxy.ts: 17ms, render: 190ms)
 GET /test-resilience-score 200 in 255ms (compile: 10ms, proxy.ts: 17ms, render: 229ms)
 GET /test-holding-edit-preservation 200 in 255ms (compile: 51ms, proxy.ts: 16ms, render: 188ms)
 GET /test-resilience-score 200 in 241ms (compile: 14ms, proxy.ts: 26ms, render: 201ms)
 GET /test-holding-edit-preservation 200 in 236ms (compile: 36ms, proxy.ts: 26ms, render: 175ms)
 GET /test-holding-edit-preservation 200 in 230ms (compile: 35ms, proxy.ts: 26ms, render: 169ms)
 GET /test-resilience-score 200 in 236ms (compile: 12ms, proxy.ts: 25ms, render: 199ms)
 GET /test-resilience-score 200 in 306ms (compile: 13ms, proxy.ts: 23ms, render: 270ms)
 GET /test-holding-edit-preservation 200 in 312ms (compile: 39ms, proxy.ts: 24ms, render: 249ms)
 GET /test-resilience-score 200 in 320ms (compile: 17ms, proxy.ts: 31ms, render: 272ms)
 GET /test-holding-edit-preservation 200 in 319ms (compile: 73ms, proxy.ts: 33ms, render: 213ms)
 GET /test-resilience-score 200 in 244ms (compile: 12ms, proxy.ts: 28ms, render: 204ms)
 GET /test-holding-edit-preservation 200 in 245ms (compile: 43ms, proxy.ts: 28ms, render: 173ms)
 GET /test-resilience-score 200 in 225ms (compile: 13ms, proxy.ts: 24ms, render: 188ms)
 GET /test-holding-edit-preservation 200 in 230ms (compile: 48ms, proxy.ts: 23ms, render: 160ms)
 GET /test-resilience-score 200 in 250ms (compile: 13ms, proxy.ts: 15ms, render: 221ms)
 GET /test-holding-edit-preservation 200 in 254ms (compile: 43ms, proxy.ts: 15ms, render: 196ms)
 GET /test-resilience-score 200 in 262ms (compile: 60ms, proxy.ts: 26ms, render: 176ms)
 GET /test-holding-edit-preservation 200 in 260ms (compile: 10ms, proxy.ts: 23ms, render: 226ms)
 GET /test-holding-edit-preservation 200 in 242ms (compile: 19ms, proxy.ts: 24ms, render: 199ms)
 GET /test-resilience-score 200 in 244ms (compile: 55ms, proxy.ts: 26ms, render: 163ms)
 GET /test-resilience-score 200 in 201ms (compile: 64ms, proxy.ts: 24ms, render: 113ms)
 GET /test-holding-edit-preservation 200 in 205ms (compile: 15ms, proxy.ts: 24ms, render: 166ms)
 GET /test-holding-edit-preservation 200 in 177ms (compile: 10ms, proxy.ts: 14ms, render: 153ms)
 GET /test-resilience-score 200 in 182ms (compile: 34ms, proxy.ts: 14ms, render: 134ms)
 GET /test-holding-edit-preservation 200 in 223ms (compile: 19ms, proxy.ts: 13ms, render: 191ms)
 GET /test-resilience-score 200 in 223ms (compile: 38ms, proxy.ts: 13ms, render: 172ms)
 GET /test-holding-edit-preservation 200 in 261ms (compile: 18ms, proxy.ts: 25ms, render: 218ms)
 GET /test-resilience-score 200 in 256ms (compile: 49ms, proxy.ts: 23ms, render: 184ms)
 GET /test-holding-edit-preservation 200 in 243ms (compile: 14ms, proxy.ts: 21ms, render: 207ms)
 GET /test-resilience-score 200 in 243ms (compile: 48ms, proxy.ts: 23ms, render: 171ms)
 GET /test-holding-edit-preservation 200 in 184ms (compile: 12ms, proxy.ts: 24ms, render: 148ms)
 GET /test-resilience-score 200 in 185ms (compile: 41ms, proxy.ts: 24ms, render: 119ms)
 GET /test-holding-edit-preservation 200 in 226ms (compile: 12ms, proxy.ts: 19ms, render: 196ms)
 GET /test-resilience-score 200 in 228ms (compile: 33ms, proxy.ts: 19ms, render: 175ms)
 GET /test-resilience-score 200 in 260ms (compile: 53ms, proxy.ts: 16ms, render: 191ms)
 GET /test-holding-edit-preservation 200 in 267ms (compile: 16ms, proxy.ts: 16ms, render: 235ms)
 GET /test-holding-edit-preservation 200 in 244ms (compile: 17ms, proxy.ts: 32ms, render: 195ms)
 GET /test-resilience-score 200 in 246ms (compile: 52ms, proxy.ts: 33ms, render: 160ms)
 GET /test-holding-edit-preservation 200 in 246ms (compile: 13ms, proxy.ts: 21ms, render: 212ms)
 GET /test-resilience-score 200 in 245ms (compile: 42ms, proxy.ts: 23ms, render: 181ms)
 GET /test-resilience-score 200 in 253ms (compile: 51ms, proxy.ts: 21ms, render: 180ms)
 GET /test-holding-edit-preservation 200 in 260ms (compile: 13ms, proxy.ts: 23ms, render: 224ms)
 GET /test-holding-edit-preservation 200 in 250ms (compile: 11ms, proxy.ts: 18ms, render: 222ms)
 GET /test-resilience-score 200 in 251ms (compile: 45ms, proxy.ts: 16ms, render: 190ms)
 GET /test-holding-edit-preservation 200 in 236ms (compile: 15ms, proxy.ts: 32ms, render: 189ms)
 GET /test-resilience-score 200 in 244ms (compile: 49ms, proxy.ts: 33ms, render: 163ms)
 GET /test-resilience-score 200 in 204ms (compile: 34ms, proxy.ts: 18ms, render: 152ms)
 GET /test-holding-edit-preservation 200 in 215ms (compile: 14ms, proxy.ts: 20ms, render: 181ms)
 GET /test-resilience-score 200 in 140ms (compile: 12ms, proxy.ts: 26ms, render: 103ms)
 GET /test-holding-edit-preservation 200 in 173ms (compile: 50ms, proxy.ts: 29ms, render: 94ms)
 GET /test-resilience-score 200 in 143ms (compile: 7ms, proxy.ts: 20ms, render: 116ms)
 GET /test-holding-edit-preservation 200 in 178ms (compile: 32ms, proxy.ts: 11ms, render: 136ms)
 GET /test-resilience-score 200 in 185ms (compile: 14ms, proxy.ts: 36ms, render: 136ms)
 GET /test-holding-edit-preservation 200 in 193ms (compile: 18ms, proxy.ts: 53ms, render: 123ms)
 GET /test-resilience-score 200 in 230ms (compile: 12ms, proxy.ts: 51ms, render: 167ms)
 GET /test-holding-edit-preservation 200 in 197ms (compile: 13ms, proxy.ts: 37ms, render: 148ms)
 GET /test-resilience-score 200 in 262ms (compile: 23ms, proxy.ts: 38ms, render: 202ms)
 GET /test-holding-edit-preservation 200 in 255ms (compile: 22ms, proxy.ts: 50ms, render: 183ms)
 GET /test-resilience-score 200 in 202ms (compile: 19ms, proxy.ts: 44ms, render: 140ms)
 GET /test-holding-edit-preservation 200 in 207ms (compile: 22ms, proxy.ts: 52ms, render: 133ms)
 GET /test-resilience-score 200 in 174ms (compile: 9ms, proxy.ts: 56ms, render: 109ms)
 GET /test-holding-edit-preservation 200 in 152ms (compile: 14ms, proxy.ts: 32ms, render: 106ms)
 GET /test-resilience-score 200 in 211ms (compile: 11ms, proxy.ts: 49ms, render: 151ms)
 GET /test-holding-edit-preservation 200 in 204ms (compile: 9ms, proxy.ts: 30ms, render: 165ms)
 GET /test-resilience-score 200 in 190ms (compile: 12ms, proxy.ts: 32ms, render: 147ms)
 GET /test-holding-edit-preservation 200 in 200ms (compile: 16ms, proxy.ts: 47ms, render: 137ms)
 GET /test-resilience-score 200 in 204ms (compile: 12ms, proxy.ts: 53ms, render: 139ms)
 GET /test-holding-edit-preservation 200 in 221ms (compile: 19ms, proxy.ts: 43ms, render: 158ms)
 GET /test-resilience-score 200 in 190ms (compile: 12ms, proxy.ts: 45ms, render: 133ms)
 GET /test-holding-edit-preservation 200 in 186ms (compile: 16ms, proxy.ts: 49ms, render: 122ms)
 GET /test-resilience-score 200 in 193ms (compile: 8ms, proxy.ts: 46ms, render: 139ms)
 GET /test-holding-edit-preservation 200 in 175ms (compile: 13ms, proxy.ts: 37ms, render: 125ms)
 GET /test-resilience-score 200 in 172ms (compile: 18ms, proxy.ts: 46ms, render: 108ms)
 GET /test-holding-edit-preservation 200 in 170ms (compile: 11ms, proxy.ts: 54ms, render: 105ms)
 GET /test-resilience-score 200 in 124ms (compile: 9ms, proxy.ts: 29ms, render: 86ms)
 GET /test-holding-edit-preservation 200 in 143ms (compile: 13ms, proxy.ts: 28ms, render: 102ms)
 GET /test-resilience-score 200 in 130ms (compile: 26ms, proxy.ts: 9ms, render: 94ms)
 GET /test-holding-edit-preservation 200 in 149ms (compile: 9ms, proxy.ts: 29ms, render: 111ms)
 GET /test-resilience-score 200 in 169ms (compile: 8ms, proxy.ts: 30ms, render: 131ms)
 GET /test-holding-edit-preservation 200 in 196ms (compile: 15ms, proxy.ts: 37ms, render: 144ms)
 GET /test-resilience-score 200 in 195ms (compile: 16ms, proxy.ts: 46ms, render: 133ms)
 GET /test-holding-edit-preservation 200 in 204ms (compile: 20ms, proxy.ts: 47ms, render: 137ms)
 GET /test-resilience-score 200 in 239ms (compile: 12ms, proxy.ts: 58ms, render: 169ms)
 GET /test-holding-edit-preservation 200 in 242ms (compile: 11ms, proxy.ts: 30ms, render: 201ms)
 GET /test-resilience-score 200 in 264ms (compile: 42ms, proxy.ts: 36ms, render: 186ms)
 GET /test-holding-edit-preservation 200 in 299ms (compile: 24ms, proxy.ts: 93ms, render: 182ms)
 GET /test-resilience-score 200 in 250ms (compile: 16ms, proxy.ts: 68ms, render: 166ms)
 GET /test-holding-edit-preservation 200 in 242ms (compile: 20ms, proxy.ts: 52ms, render: 171ms)
 GET /test-resilience-score 200 in 276ms (compile: 25ms, proxy.ts: 59ms, render: 191ms)
 GET /test-holding-edit-preservation 200 in 232ms (compile: 26ms, proxy.ts: 39ms, render: 167ms)
 GET /test-resilience-score 200 in 307ms (compile: 18ms, proxy.ts: 54ms, render: 235ms)
 GET /test-holding-edit-preservation 200 in 271ms (compile: 43ms, proxy.ts: 20ms, render: 208ms)
 GET /test-resilience-score 200 in 306ms (compile: 24ms, proxy.ts: 68ms, render: 214ms)
 GET /test-holding-edit-preservation 200 in 248ms (compile: 76ms, proxy.ts: 19ms, render: 152ms)
 GET /test-resilience-score 200 in 244ms (compile: 16ms, proxy.ts: 18ms, render: 210ms)
 GET /test-holding-edit-preservation 200 in 255ms (compile: 46ms, proxy.ts: 18ms, render: 191ms)
 GET /test-resilience-score 200 in 293ms (compile: 16ms, proxy.ts: 23ms, render: 254ms)
 GET /test-holding-edit-preservation 200 in 300ms (compile: 61ms, proxy.ts: 25ms, render: 214ms)
 GET /test-resilience-score 200 in 356ms (compile: 24ms, proxy.ts: 77ms, render: 255ms)
 GET /test-holding-edit-preservation 200 in 305ms (compile: 69ms, proxy.ts: 26ms, render: 210ms)
 GET /test-resilience-score 200 in 297ms (compile: 15ms, proxy.ts: 66ms, render: 216ms)
 GET /test-holding-edit-preservation 200 in 303ms (compile: 24ms, proxy.ts: 72ms, render: 207ms)
 GET /test-resilience-score 200 in 320ms (compile: 22ms, proxy.ts: 74ms, render: 225ms)
 GET /test-holding-edit-preservation 200 in 318ms (compile: 17ms, proxy.ts: 70ms, render: 231ms)
 GET /test-resilience-score 200 in 319ms (compile: 20ms, proxy.ts: 61ms, render: 238ms)
 GET /test-holding-edit-preservation 200 in 345ms (compile: 55ms, proxy.ts: 62ms, render: 227ms)
 GET /test-resilience-score 200 in 267ms (compile: 24ms, proxy.ts: 73ms, render: 170ms)
 GET /test-holding-edit-preservation 200 in 244ms (compile: 22ms, proxy.ts: 66ms, render: 156ms)
 GET /test-resilience-score 200 in 196ms (compile: 12ms, proxy.ts: 62ms, render: 123ms)
 GET /test-holding-edit-preservation 200 in 198ms (compile: 11ms, proxy.ts: 44ms, render: 143ms)
 GET /test-resilience-score 200 in 249ms (compile: 10ms, proxy.ts: 32ms, render: 207ms)
 GET /test-holding-edit-preservation 200 in 235ms (compile: 20ms, proxy.ts: 38ms, render: 177ms)
 GET /test-resilience-score 200 in 248ms (compile: 19ms, proxy.ts: 63ms, render: 166ms)
 GET /test-holding-edit-preservation 200 in 254ms (compile: 19ms, proxy.ts: 65ms, render: 169ms)
 GET /test-resilience-score 200 in 266ms (compile: 16ms, proxy.ts: 43ms, render: 207ms)
 GET /test-holding-edit-preservation 200 in 281ms (compile: 19ms, proxy.ts: 52ms, render: 210ms)
 GET /test-resilience-score 200 in 263ms (compile: 24ms, proxy.ts: 69ms, render: 169ms)
 GET /test-holding-edit-preservation 200 in 236ms (compile: 27ms, proxy.ts: 74ms, render: 135ms)
 GET /test-resilience-score 200 in 221ms (compile: 11ms, proxy.ts: 68ms, render: 143ms)
 GET /test-holding-edit-preservation 200 in 195ms (compile: 11ms, proxy.ts: 37ms, render: 146ms)
 GET /test-resilience-score 200 in 207ms (compile: 12ms, proxy.ts: 42ms, render: 153ms)
 GET /test-holding-edit-preservation 200 in 197ms (compile: 38ms, proxy.ts: 46ms, render: 114ms)
 GET /test-resilience-score 200 in 164ms (compile: 15ms, proxy.ts: 42ms, render: 108ms)
 GET /test-holding-edit-preservation 200 in 155ms (compile: 18ms, proxy.ts: 44ms, render: 93ms)
 GET /test-resilience-score 200 in 161ms (compile: 10ms, proxy.ts: 36ms, render: 115ms)
 GET /test-holding-edit-preservation 200 in 141ms (compile: 9ms, proxy.ts: 30ms, render: 103ms)
 GET /test-resilience-score 200 in 147ms (compile: 14ms, proxy.ts: 34ms, render: 99ms)
 GET /test-holding-edit-preservation 200 in 154ms (compile: 28ms, proxy.ts: 15ms, render: 111ms)
 GET /test-resilience-score 200 in 193ms (compile: 12ms, proxy.ts: 18ms, render: 163ms)
 GET /test-holding-edit-preservation 200 in 218ms (compile: 33ms, proxy.ts: 17ms, render: 168ms)
 GET /test-resilience-score 200 in 281ms (compile: 18ms, proxy.ts: 19ms, render: 244ms)
 GET /test-holding-edit-preservation 200 in 290ms (compile: 42ms, proxy.ts: 20ms, render: 229ms)
 GET /test-holding-edit-preservation 200 in 290ms (compile: 54ms, proxy.ts: 28ms, render: 208ms)
 GET /test-resilience-score 200 in 308ms (compile: 19ms, proxy.ts: 28ms, render: 262ms)
 GET /test-resilience-score 200 in 283ms (compile: 17ms, proxy.ts: 25ms, render: 241ms)
 GET /test-holding-edit-preservation 200 in 284ms (compile: 51ms, proxy.ts: 24ms, render: 209ms)
 GET /test-resilience-score 200 in 210ms (compile: 17ms, proxy.ts: 29ms, render: 164ms)
 GET /test-holding-edit-preservation 200 in 211ms (compile: 66ms, proxy.ts: 30ms, render: 115ms)
 GET /test-resilience-score 200 in 152ms (compile: 8ms, proxy.ts: 13ms, render: 131ms)
 GET /test-holding-edit-preservation 200 in 153ms (compile: 22ms, proxy.ts: 12ms, render: 119ms)
 GET /test-resilience-score 200 in 171ms (compile: 11ms, proxy.ts: 11ms, render: 150ms)
 GET /test-holding-edit-preservation 200 in 173ms (compile: 39ms, proxy.ts: 11ms, render: 123ms)
 GET /test-resilience-score 200 in 171ms (compile: 11ms, proxy.ts: 14ms, render: 145ms)
 GET /test-holding-edit-preservation 200 in 174ms (compile: 33ms, proxy.ts: 16ms, render: 126ms)
 GET /test-resilience-score 200 in 190ms (compile: 35ms, proxy.ts: 21ms, render: 134ms)
 GET /test-holding-edit-preservation 200 in 191ms (compile: 12ms, proxy.ts: 15ms, render: 164ms)
 GET /test-holding-edit-preservation 200 in 207ms (compile: 8ms, proxy.ts: 14ms, render: 185ms)
 GET /test-resilience-score 200 in 207ms (compile: 48ms, proxy.ts: 13ms, render: 145ms)
 GET /test-holding-edit-preservation 200 in 181ms (compile: 11ms, proxy.ts: 18ms, render: 151ms)
 GET /test-resilience-score 200 in 181ms (compile: 39ms, proxy.ts: 20ms, render: 122ms)
 GET /test-holding-edit-preservation 200 in 177ms (compile: 8ms, proxy.ts: 16ms, render: 153ms)
 GET /test-resilience-score 200 in 179ms (compile: 28ms, proxy.ts: 16ms, render: 135ms)
 GET /test-resilience-score 200 in 199ms (compile: 32ms, proxy.ts: 17ms, render: 151ms)
 GET /test-holding-edit-preservation 200 in 207ms (compile: 9ms, proxy.ts: 17ms, render: 180ms)
 GET /test-resilience-score 200 in 203ms (compile: 40ms, proxy.ts: 17ms, render: 145ms)
 GET /test-holding-edit-preservation 200 in 210ms (compile: 10ms, proxy.ts: 18ms, render: 182ms)
 GET /test-resilience-score 200 in 216ms (compile: 38ms, proxy.ts: 22ms, render: 155ms)
 GET /test-holding-edit-preservation 200 in 221ms (compile: 14ms, proxy.ts: 22ms, render: 184ms)
 GET /test-holding-edit-preservation 200 in 208ms (compile: 11ms, proxy.ts: 18ms, render: 179ms)
 GET /test-resilience-score 200 in 211ms (compile: 42ms, proxy.ts: 19ms, render: 151ms)
 GET /test-holding-edit-preservation 200 in 190ms (compile: 13ms, proxy.ts: 17ms, render: 159ms)
 GET /test-resilience-score 200 in 188ms (compile: 40ms, proxy.ts: 18ms, render: 131ms)
 GET /test-resilience-score 200 in 181ms (compile: 33ms, proxy.ts: 19ms, render: 129ms)
 GET /test-holding-edit-preservation 200 in 186ms (compile: 10ms, proxy.ts: 19ms, render: 156ms)
 GET /test-holding-edit-preservation 200 in 202ms (compile: 10ms, proxy.ts: 14ms, render: 179ms)
 GET /test-resilience-score 200 in 205ms (compile: 37ms, proxy.ts: 14ms, render: 154ms)
 GET /test-resilience-score 200 in 225ms (compile: 38ms, proxy.ts: 19ms, render: 169ms)
 GET /test-holding-edit-preservation 200 in 230ms (compile: 12ms, proxy.ts: 18ms, render: 200ms)
 GET /test-holding-edit-preservation 200 in 214ms (compile: 12ms, proxy.ts: 23ms, render: 178ms)
 GET /test-resilience-score 200 in 216ms (compile: 41ms, proxy.ts: 21ms, render: 154ms)
 GET /test-holding-edit-preservation 200 in 214ms (compile: 11ms, proxy.ts: 18ms, render: 186ms)
 GET /test-resilience-score 200 in 218ms (compile: 45ms, proxy.ts: 17ms, render: 156ms)
 GET /test-holding-edit-preservation 200 in 230ms (compile: 15ms, proxy.ts: 52ms, render: 163ms)
 GET /test-resilience-score 200 in 193ms (compile: 51ms, proxy.ts: 17ms, render: 125ms)
 GET /test-holding-edit-preservation 200 in 154ms (compile: 11ms, proxy.ts: 16ms, render: 127ms)
 GET /test-resilience-score 200 in 152ms (compile: 36ms, proxy.ts: 14ms, render: 101ms)
 GET /test-holding-edit-preservation 200 in 166ms (compile: 13ms, proxy.ts: 14ms, render: 139ms)
 GET /test-resilience-score 200 in 170ms (compile: 28ms, proxy.ts: 18ms, render: 123ms)
 GET /test-resilience-score 200 in 197ms (compile: 29ms, proxy.ts: 16ms, render: 151ms)
 GET /test-holding-edit-preservation 200 in 206ms (compile: 14ms, proxy.ts: 13ms, render: 178ms)
 GET /test-holding-edit-preservation 200 in 183ms (compile: 10ms, proxy.ts: 19ms, render: 155ms)
 GET /test-resilience-score 200 in 181ms (compile: 47ms, proxy.ts: 18ms, render: 116ms)
 GET /test-holding-edit-preservation 200 in 160ms (compile: 11ms, proxy.ts: 17ms, render: 132ms)
 GET /test-resilience-score 200 in 159ms (compile: 31ms, proxy.ts: 17ms, render: 110ms)
 GET /test-resilience-score 200 in 171ms (compile: 28ms, proxy.ts: 13ms, render: 129ms)
 GET /test-holding-edit-preservation 200 in 178ms (compile: 10ms, proxy.ts: 14ms, render: 155ms)
 GET /test-holding-edit-preservation 200 in 194ms (compile: 8ms, proxy.ts: 18ms, render: 169ms)
 GET /test-resilience-score 200 in 196ms (compile: 35ms, proxy.ts: 16ms, render: 144ms)
 GET /test-holding-edit-preservation 200 in 199ms (compile: 9ms, proxy.ts: 17ms, render: 172ms)
 GET /test-resilience-score 200 in 200ms (compile: 38ms, proxy.ts: 18ms, render: 144ms)
 GET /test-holding-edit-preservation 200 in 177ms (compile: 11ms, proxy.ts: 18ms, render: 148ms)
 GET /test-resilience-score 200 in 178ms (compile: 48ms, proxy.ts: 17ms, render: 113ms)
 GET /test-holding-edit-preservation 200 in 157ms (compile: 9ms, proxy.ts: 15ms, render: 133ms)
 GET /test-resilience-score 200 in 160ms (compile: 30ms, proxy.ts: 16ms, render: 115ms)
 GET /test-holding-edit-preservation 200 in 206ms (compile: 10ms, proxy.ts: 20ms, render: 177ms)
 GET /test-resilience-score 200 in 208ms (compile: 37ms, proxy.ts: 20ms, render: 151ms)
 GET /test-holding-edit-preservation 200 in 230ms (compile: 12ms, proxy.ts: 18ms, render: 200ms)
 GET /test-resilience-score 200 in 238ms (compile: 39ms, proxy.ts: 18ms, render: 180ms)
 GET /test-holding-edit-preservation 200 in 253ms (compile: 9ms, proxy.ts: 19ms, render: 225ms)
 GET /test-resilience-score 200 in 255ms (compile: 34ms, proxy.ts: 19ms, render: 202ms)
 GET /test-holding-edit-preservation 200 in 640ms (compile: 277ms, proxy.ts: 124ms, render: 240ms)
 GET /test-resilience-score 200 in 640ms (compile: 296ms, proxy.ts: 144ms, render: 200ms)
 GET /test-holding-edit-preservation 200 in 268ms (compile: 13ms, proxy.ts: 60ms, render: 195ms)
 GET /test-resilience-score 200 in 273ms (compile: 40ms, proxy.ts: 60ms, render: 174ms)
 GET /test-holding-edit-preservation 200 in 231ms (compile: 13ms, proxy.ts: 14ms, render: 204ms)
 GET /test-resilience-score 200 in 229ms (compile: 59ms, proxy.ts: 13ms, render: 157ms)
 GET /test-resilience-score 200 in 181ms (compile: 41ms, proxy.ts: 19ms, render: 121ms)
 GET /test-holding-edit-preservation 200 in 187ms (compile: 14ms, proxy.ts: 20ms, render: 153ms)
 GET /test-holding-edit-preservation 200 in 172ms (compile: 13ms, proxy.ts: 19ms, render: 140ms)
 GET /test-resilience-score 200 in 172ms (compile: 36ms, proxy.ts: 19ms, render: 117ms)
 GET /test-resilience-score 200 in 177ms (compile: 29ms, proxy.ts: 12ms, render: 135ms)
 GET /test-holding-edit-preservation 200 in 181ms (compile: 8ms, proxy.ts: 12ms, render: 162ms)
 GET /test-holding-edit-preservation 200 in 182ms (compile: 13ms, proxy.ts: 15ms, render: 153ms)
 GET /test-resilience-score 200 in 183ms (compile: 47ms, proxy.ts: 17ms, render: 120ms)
 GET /test-holding-edit-preservation 200 in 167ms (compile: 11ms, proxy.ts: 18ms, render: 138ms)
 GET /test-resilience-score 200 in 166ms (compile: 32ms, proxy.ts: 17ms, render: 117ms)
 GET /test-resilience-score 200 in 167ms (compile: 7ms, proxy.ts: 17ms, render: 143ms)
 GET /test-holding-edit-preservation 200 in 175ms (compile: 34ms, proxy.ts: 15ms, render: 126ms)
 GET /test-resilience-score 200 in 183ms (compile: 9ms, proxy.ts: 17ms, render: 157ms)
 GET /test-holding-edit-preservation 200 in 182ms (compile: 33ms, proxy.ts: 16ms, render: 133ms)
 GET /test-resilience-score 200 in 178ms (compile: 10ms, proxy.ts: 19ms, render: 149ms)
 GET /test-holding-edit-preservation 200 in 179ms (compile: 45ms, proxy.ts: 17ms, render: 116ms)
 GET /test-holding-edit-preservation 200 in 155ms (compile: 33ms, proxy.ts: 15ms, render: 107ms)
 GET /test-resilience-score 200 in 160ms (compile: 10ms, proxy.ts: 16ms, render: 134ms)
 GET /test-resilience-score 200 in 166ms (compile: 10ms, proxy.ts: 12ms, render: 144ms)
 GET /test-holding-edit-preservation 200 in 166ms (compile: 40ms, proxy.ts: 13ms, render: 113ms)
 GET /test-resilience-score 200 in 173ms (compile: 7ms, proxy.ts: 37ms, render: 129ms)
 GET /test-holding-edit-preservation 200 in 185ms (compile: 14ms, proxy.ts: 40ms, render: 131ms)
 GET /test-resilience-score 200 in 231ms (compile: 14ms, proxy.ts: 38ms, render: 179ms)
 GET /test-holding-edit-preservation 200 in 212ms (compile: 18ms, proxy.ts: 41ms, render: 154ms)
 GET /test-resilience-score 200 in 216ms (compile: 19ms, proxy.ts: 42ms, render: 155ms)
 GET /test-holding-edit-preservation 200 in 224ms (compile: 11ms, proxy.ts: 50ms, render: 163ms)
 GET /test-resilience-score 200 in 216ms (compile: 20ms, proxy.ts: 52ms, render: 144ms)
 GET /test-holding-edit-preservation 200 in 224ms (compile: 16ms, proxy.ts: 53ms, render: 154ms)
 GET /test-resilience-score 200 in 174ms (compile: 28ms, proxy.ts: 38ms, render: 107ms)
 GET /test-holding-edit-preservation 200 in 199ms (compile: 14ms, proxy.ts: 43ms, render: 141ms)
 GET /test-resilience-score 200 in 169ms (compile: 11ms, proxy.ts: 37ms, render: 121ms)
 GET /test-holding-edit-preservation 200 in 202ms (compile: 12ms, proxy.ts: 36ms, render: 154ms)
 GET /test-resilience-score 200 in 174ms (compile: 42ms, proxy.ts: 11ms, render: 121ms)
 GET /test-holding-edit-preservation 200 in 172ms (compile: 11ms, proxy.ts: 13ms, render: 149ms)
 GET /test-resilience-score 200 in 172ms (compile: 32ms, proxy.ts: 14ms, render: 126ms)
 GET /test-holding-edit-preservation 200 in 160ms (compile: 7ms, proxy.ts: 13ms, render: 139ms)
 GET /test-resilience-score 200 in 159ms (compile: 37ms, proxy.ts: 11ms, render: 111ms)
 GET /test-holding-edit-preservation 200 in 163ms (compile: 11ms, proxy.ts: 14ms, render: 138ms)
 GET /test-resilience-score 200 in 175ms (compile: 34ms, proxy.ts: 14ms, render: 127ms)
 GET /test-holding-edit-preservation 200 in 345ms (compile: 12ms, proxy.ts: 11ms, render: 322ms)
 GET /test-resilience-score 200 in 345ms (compile: 41ms, proxy.ts: 12ms, render: 292ms)
✓ Compiled in 398ms
 GET /test-holding-edit-preservation 200 in 424ms (compile: 256ms, proxy.ts: 28ms, render: 139ms)
 GET /test-resilience-score 200 in 431ms (compile: 169ms, proxy.ts: 160ms, render: 102ms)
 GET /test-holding-edit-preservation 200 in 187ms (compile: 6ms, proxy.ts: 9ms, render: 171ms)
 GET /test-resilience-score 200 in 192ms (compile: 30ms, proxy.ts: 9ms, render: 154ms)
 GET /test-holding-edit-preservation 200 in 284ms (compile: 10ms, proxy.ts: 14ms, render: 260ms)
 GET /test-resilience-score 200 in 282ms (compile: 44ms, proxy.ts: 14ms, render: 224ms)
 GET /test-holding-edit-preservation 200 in 301ms (compile: 21ms, proxy.ts: 47ms, render: 233ms)
 GET /test-holding-edit-preservation 200 in 437ms (compile: 12ms, proxy.ts: 25ms, render: 400ms)
 GET /test-resilience-score 200 in 438ms (compile: 49ms, proxy.ts: 23ms, render: 367ms)
 GET /test-resilience-score 200 in 287ms (compile: 161ms, proxy.ts: 22ms, render: 103ms)
 GET /test-resilience-score 200 in 131ms (compile: 10ms, proxy.ts: 44ms, render: 77ms)
 GET /test-holding-edit-preservation 200 in 177ms (compile: 68ms, proxy.ts: 44ms, render: 64ms)
 GET /test-holding-edit-preservation 200 in 494ms (compile: 36ms, proxy.ts: 29ms, render: 429ms)
 GET /test-resilience-score 200 in 492ms (compile: 140ms, proxy.ts: 27ms, render: 325ms)
 GET /api/verify-holding-edit-preservation 200 in 30ms (compile: 17ms, proxy.ts: 6ms, render: 8ms)
 GET /api/verify-resilience-score 200 in 415ms (compile: 68ms, proxy.ts: 9ms, render: 338ms)
✓ Compiled in 240ms
 GET /test-holding-edit-preservation 200 in 517ms (compile: 184ms, proxy.ts: 56ms, render: 277ms)
 GET /test-resilience-score 200 in 518ms (compile: 233ms, proxy.ts: 59ms, render: 226ms)
 GET /test-resilience-score 200 in 308ms (compile: 16ms, proxy.ts: 23ms, render: 268ms)
 GET /test-holding-edit-preservation 200 in 316ms (compile: 114ms, proxy.ts: 18ms, render: 183ms)
 GET /test-resilience-score 200 in 192ms (compile: 15ms, proxy.ts: 24ms, render: 152ms)
 GET /test-holding-edit-preservation 200 in 192ms (compile: 36ms, proxy.ts: 29ms, render: 127ms)
 GET /test-resilience-score 200 in 153ms (compile: 13ms, proxy.ts: 16ms, render: 124ms)
 GET /test-holding-edit-preservation 200 in 154ms (compile: 29ms, proxy.ts: 19ms, render: 106ms)
 GET /test-resilience-score 200 in 196ms (compile: 7ms, proxy.ts: 13ms, render: 176ms)
 GET /test-holding-edit-preservation 200 in 196ms (compile: 25ms, proxy.ts: 14ms, render: 157ms)
 GET /test-resilience-score 200 in 205ms (compile: 15ms, proxy.ts: 17ms, render: 173ms)
 GET /test-holding-edit-preservation 200 in 205ms (compile: 44ms, proxy.ts: 18ms, render: 144ms)
 GET /test-resilience-score 200 in 182ms (compile: 12ms, proxy.ts: 23ms, render: 147ms)
 GET /test-holding-edit-preservation 200 in 180ms (compile: 39ms, proxy.ts: 24ms, render: 117ms)
 GET /test-resilience-score 200 in 152ms (compile: 34ms, proxy.ts: 16ms, render: 102ms)
 GET /test-holding-edit-preservation 200 in 152ms (compile: 6ms, proxy.ts: 15ms, render: 130ms)
 GET /test-holding-edit-preservation 200 in 144ms (compile: 9ms, proxy.ts: 12ms, render: 124ms)
 GET /test-resilience-score 200 in 148ms (compile: 25ms, proxy.ts: 12ms, render: 111ms)
 GET /test-holding-edit-preservation 200 in 141ms (compile: 12ms, proxy.ts: 14ms, render: 116ms)
 GET /test-resilience-score 200 in 144ms (compile: 34ms, proxy.ts: 17ms, render: 93ms)
 GET /test-holding-edit-preservation 200 in 86ms (compile: 5ms, proxy.ts: 11ms, render: 70ms)
 GET /test-resilience-score 200 in 85ms (compile: 22ms, proxy.ts: 11ms, render: 53ms)
✓ Compiled in 355ms
 GET /test-holding-edit-preservation 200 in 528ms (compile: 364ms, proxy.ts: 11ms, render: 153ms)
 GET /test-resilience-score 200 in 533ms (compile: 387ms, proxy.ts: 14ms, render: 132ms)
 GET /test-resilience-score 200 in 184ms (compile: 28ms, proxy.ts: 40ms, render: 116ms)
 GET /test-holding-edit-preservation 200 in 191ms (compile: 7ms, proxy.ts: 39ms, render: 145ms)
 GET /test-holding-edit-preservation 200 in 174ms (compile: 10ms, proxy.ts: 13ms, render: 151ms)
 GET /test-resilience-score 200 in 180ms (compile: 30ms, proxy.ts: 15ms, render: 136ms)
 GET /test-holding-edit-preservation 200 in 183ms (compile: 11ms, proxy.ts: 16ms, render: 156ms)
 GET /test-resilience-score 200 in 187ms (compile: 37ms, proxy.ts: 16ms, render: 134ms)
 GET /test-holding-edit-preservation 200 in 177ms (compile: 12ms, proxy.ts: 17ms, render: 147ms)
 GET /test-resilience-score 200 in 174ms (compile: 27ms, proxy.ts: 17ms, render: 130ms)
 GET /test-resilience-score 200 in 183ms (compile: 28ms, proxy.ts: 32ms, render: 124ms)
 GET /test-holding-edit-preservation 200 in 190ms (compile: 10ms, proxy.ts: 31ms, render: 149ms)
 GET /test-holding-edit-preservation 200 in 194ms (compile: 19ms, proxy.ts: 16ms, render: 159ms)
 GET /test-resilience-score 200 in 195ms (compile: 43ms, proxy.ts: 17ms, render: 136ms)
 GET /test-resilience-score 200 in 184ms (compile: 6ms, proxy.ts: 16ms, render: 161ms)
 GET /test-holding-edit-preservation 200 in 189ms (compile: 35ms, proxy.ts: 17ms, render: 137ms)
 GET /test-resilience-score 200 in 174ms (compile: 12ms, proxy.ts: 15ms, render: 147ms)
 GET /test-holding-edit-preservation 200 in 174ms (compile: 36ms, proxy.ts: 18ms, render: 120ms)
 GET /test-resilience-score 200 in 142ms (compile: 10ms, proxy.ts: 12ms, render: 120ms)
 GET /test-holding-edit-preservation 200 in 146ms (compile: 35ms, proxy.ts: 13ms, render: 98ms)
 GET /test-resilience-score 200 in 129ms (compile: 17ms, proxy.ts: 12ms, render: 100ms)
 GET /test-holding-edit-preservation 200 in 133ms (compile: 28ms, proxy.ts: 14ms, render: 90ms)
 GET /test-resilience-score 200 in 146ms (compile: 6ms, proxy.ts: 9ms, render: 130ms)
 GET /test-holding-edit-preservation 200 in 148ms (compile: 28ms, proxy.ts: 7ms, render: 114ms)
 GET /test-resilience-score 200 in 147ms (compile: 11ms, proxy.ts: 15ms, render: 121ms)
 GET /test-holding-edit-preservation 200 in 152ms (compile: 39ms, proxy.ts: 13ms, render: 100ms)
 GET /test-resilience-score 200 in 162ms (compile: 8ms, proxy.ts: 12ms, render: 143ms)
 GET /test-holding-edit-preservation 200 in 160ms (compile: 24ms, proxy.ts: 8ms, render: 129ms)
 GET /test-resilience-score 200 in 174ms (compile: 13ms, proxy.ts: 25ms, render: 136ms)
 GET /test-holding-edit-preservation 200 in 171ms (compile: 38ms, proxy.ts: 23ms, render: 110ms)
 GET /test-resilience-score 200 in 175ms (compile: 6ms, proxy.ts: 13ms, render: 156ms)
 GET /test-holding-edit-preservation 200 in 178ms (compile: 33ms, proxy.ts: 13ms, render: 132ms)
 GET /test-resilience-score 200 in 164ms (compile: 9ms, proxy.ts: 14ms, render: 140ms)
 GET /test-holding-edit-preservation 200 in 172ms (compile: 46ms, proxy.ts: 14ms, render: 112ms)
 GET /test-resilience-score 200 in 158ms (compile: 9ms, proxy.ts: 14ms, render: 135ms)
 GET /test-holding-edit-preservation 200 in 161ms (compile: 28ms, proxy.ts: 15ms, render: 118ms)
 GET /test-holding-edit-preservation 200 in 161ms (compile: 33ms, proxy.ts: 15ms, render: 114ms)
 GET /test-resilience-score 200 in 167ms (compile: 11ms, proxy.ts: 18ms, render: 139ms)
 GET /test-holding-edit-preservation 200 in 177ms (compile: 34ms, proxy.ts: 15ms, render: 127ms)
 GET /test-resilience-score 200 in 187ms (compile: 15ms, proxy.ts: 15ms, render: 157ms)
 GET /test-resilience-score 200 in 188ms (compile: 10ms, proxy.ts: 16ms, render: 162ms)
 GET /test-holding-edit-preservation 200 in 192ms (compile: 27ms, proxy.ts: 16ms, render: 149ms)
 GET /test-resilience-score 200 in 184ms (compile: 12ms, proxy.ts: 21ms, render: 151ms)
 GET /test-holding-edit-preservation 200 in 186ms (compile: 30ms, proxy.ts: 21ms, render: 134ms)
 GET /test-resilience-score 200 in 165ms (compile: 14ms, proxy.ts: 17ms, render: 134ms)
 GET /test-holding-edit-preservation 200 in 167ms (compile: 35ms, proxy.ts: 18ms, render: 113ms)
 GET /test-resilience-score 200 in 165ms (compile: 11ms, proxy.ts: 13ms, render: 141ms)
 GET /test-holding-edit-preservation 200 in 170ms (compile: 27ms, proxy.ts: 15ms, render: 128ms)
 GET /test-resilience-score 200 in 175ms (compile: 9ms, proxy.ts: 17ms, render: 149ms)
 GET /test-holding-edit-preservation 200 in 180ms (compile: 39ms, proxy.ts: 19ms, render: 122ms)
 GET /test-resilience-score 200 in 160ms (compile: 12ms, proxy.ts: 16ms, render: 132ms)
 GET /test-holding-edit-preservation 200 in 169ms (compile: 29ms, proxy.ts: 18ms, render: 122ms)
 GET /test-resilience-score 200 in 172ms (compile: 12ms, proxy.ts: 18ms, render: 142ms)
 GET /test-holding-edit-preservation 200 in 173ms (compile: 33ms, proxy.ts: 17ms, render: 124ms)
 GET /test-resilience-score 200 in 177ms (compile: 17ms, proxy.ts: 17ms, render: 142ms)
 GET /test-holding-edit-preservation 200 in 176ms (compile: 40ms, proxy.ts: 22ms, render: 115ms)
 GET /test-resilience-score 200 in 164ms (compile: 17ms, proxy.ts: 10ms, render: 137ms)
 GET /test-holding-edit-preservation 200 in 166ms (compile: 30ms, proxy.ts: 18ms, render: 118ms)
 GET /test-resilience-score 200 in 176ms (compile: 14ms, proxy.ts: 17ms, render: 145ms)
 GET /test-holding-edit-preservation 200 in 177ms (compile: 33ms, proxy.ts: 16ms, render: 128ms)
 GET /test-resilience-score 200 in 157ms (compile: 7ms, proxy.ts: 14ms, render: 137ms)
 GET /test-holding-edit-preservation 200 in 159ms (compile: 31ms, proxy.ts: 13ms, render: 115ms)
 GET /test-holding-edit-preservation 200 in 140ms (compile: 29ms, proxy.ts: 14ms, render: 97ms)
 GET /test-resilience-score 200 in 143ms (compile: 10ms, proxy.ts: 13ms, render: 120ms)
 GET /test-holding-edit-preservation 200 in 138ms (compile: 9ms, proxy.ts: 17ms, render: 113ms)
 GET /test-resilience-score 200 in 145ms (compile: 31ms, proxy.ts: 15ms, render: 99ms)
 GET /test-holding-edit-preservation 200 in 134ms (compile: 9ms, proxy.ts: 13ms, render: 112ms)
 GET /test-resilience-score 200 in 138ms (compile: 28ms, proxy.ts: 13ms, render: 96ms)
 GET /test-holding-edit-preservation 200 in 131ms (compile: 7ms, proxy.ts: 15ms, render: 109ms)
 GET /test-resilience-score 200 in 134ms (compile: 30ms, proxy.ts: 15ms, render: 89ms)
 GET /test-holding-edit-preservation 200 in 132ms (compile: 7ms, proxy.ts: 13ms, render: 112ms)
 GET /test-resilience-score 200 in 141ms (compile: 25ms, proxy.ts: 14ms, render: 102ms)
 GET /test-resilience-score 200 in 144ms (compile: 26ms, proxy.ts: 12ms, render: 106ms)
 GET /test-holding-edit-preservation 200 in 148ms (compile: 8ms, proxy.ts: 12ms, render: 129ms)
 GET /test-holding-edit-preservation 200 in 158ms (compile: 10ms, proxy.ts: 13ms, render: 136ms)
 GET /test-resilience-score 200 in 162ms (compile: 30ms, proxy.ts: 13ms, render: 118ms)
 GET /test-resilience-score 200 in 166ms (compile: 26ms, proxy.ts: 15ms, render: 125ms)
 GET /test-holding-edit-preservation 200 in 169ms (compile: 13ms, proxy.ts: 9ms, render: 147ms)
 GET /test-resilience-score 200 in 152ms (compile: 6ms, proxy.ts: 14ms, render: 132ms)
 GET /test-holding-edit-preservation 200 in 158ms (compile: 33ms, proxy.ts: 18ms, render: 107ms)
 GET /test-resilience-score 200 in 159ms (compile: 9ms, proxy.ts: 18ms, render: 132ms)
 GET /test-holding-edit-preservation 200 in 157ms (compile: 27ms, proxy.ts: 18ms, render: 111ms)
 GET /test-resilience-score 200 in 170ms (compile: 30ms, proxy.ts: 16ms, render: 124ms)
 GET /test-holding-edit-preservation 200 in 168ms (compile: 6ms, proxy.ts: 15ms, render: 147ms)
 GET /test-holding-edit-preservation 200 in 173ms (compile: 15ms, proxy.ts: 17ms, render: 141ms)
 GET /test-resilience-score 200 in 172ms (compile: 42ms, proxy.ts: 15ms, render: 116ms)
 GET /test-holding-edit-preservation 200 in 158ms (compile: 9ms, proxy.ts: 13ms, render: 136ms)
 GET /test-resilience-score 200 in 165ms (compile: 26ms, proxy.ts: 15ms, render: 124ms)
 GET /test-holding-edit-preservation 200 in 172ms (compile: 15ms, proxy.ts: 15ms, render: 143ms)
 GET /test-resilience-score 200 in 177ms (compile: 41ms, proxy.ts: 16ms, render: 119ms)
 GET /test-holding-edit-preservation 200 in 180ms (compile: 13ms, proxy.ts: 18ms, render: 149ms)
 GET /test-resilience-score 200 in 182ms (compile: 33ms, proxy.ts: 18ms, render: 131ms)
 GET /test-holding-edit-preservation 200 in 169ms (compile: 34ms, proxy.ts: 16ms, render: 119ms)
 GET /test-resilience-score 200 in 171ms (compile: 11ms, proxy.ts: 16ms, render: 144ms)
 GET /test-holding-edit-preservation 200 in 159ms (compile: 10ms, proxy.ts: 13ms, render: 136ms)
 GET /test-resilience-score 200 in 165ms (compile: 33ms, proxy.ts: 14ms, render: 117ms)
 GET /test-holding-edit-preservation 200 in 175ms (compile: 6ms, proxy.ts: 21ms, render: 148ms)
 GET /test-resilience-score 200 in 176ms (compile: 34ms, proxy.ts: 19ms, render: 123ms)
 GET /test-holding-edit-preservation 200 in 185ms (compile: 11ms, proxy.ts: 11ms, render: 162ms)
 GET /test-resilience-score 200 in 186ms (compile: 35ms, proxy.ts: 13ms, render: 138ms)
 GET /test-holding-edit-preservation 200 in 198ms (compile: 16ms, proxy.ts: 15ms, render: 166ms)
 GET /test-resilience-score 200 in 197ms (compile: 39ms, proxy.ts: 15ms, render: 143ms)
 GET /test-holding-edit-preservation 200 in 175ms (compile: 11ms, proxy.ts: 18ms, render: 146ms)
 GET /test-resilience-score 200 in 175ms (compile: 27ms, proxy.ts: 18ms, render: 130ms)
 GET /test-holding-edit-preservation 200 in 259ms (compile: 8ms, proxy.ts: 19ms, render: 232ms)
 GET /test-resilience-score 200 in 260ms (compile: 28ms, proxy.ts: 17ms, render: 216ms)
 GET /test-holding-edit-preservation 200 in 255ms (compile: 10ms, proxy.ts: 15ms, render: 230ms)
 GET /test-resilience-score 200 in 259ms (compile: 33ms, proxy.ts: 14ms, render: 212ms)
 GET /test-holding-edit-preservation 200 in 164ms (compile: 8ms, proxy.ts: 40ms, render: 117ms)
 GET /test-resilience-score 200 in 143ms (compile: 25ms, proxy.ts: 14ms, render: 104ms)
 GET /test-holding-edit-preservation 200 in 139ms (compile: 8ms, proxy.ts: 17ms, render: 114ms)
 GET /test-resilience-score 200 in 139ms (compile: 23ms, proxy.ts: 18ms, render: 97ms)
 GET /api/verify-multi-tab 200 in 712ms (compile: 317ms, proxy.ts: 63ms, render: 332ms)
 GET /test-holding-edit-preservation 200 in 173ms (compile: 9ms, proxy.ts: 12ms, render: 151ms)
 GET /test-resilience-score 200 in 178ms (compile: 26ms, proxy.ts: 14ms, render: 138ms)
 GET /test-holding-edit-preservation 200 in 175ms (compile: 13ms, proxy.ts: 16ms, render: 146ms)
 GET /test-resilience-score 200 in 177ms (compile: 38ms, proxy.ts: 17ms, render: 122ms)
 GET /test-holding-edit-preservation 200 in 142ms (compile: 8ms, proxy.ts: 16ms, render: 117ms)
 GET /test-resilience-score 200 in 142ms (compile: 28ms, proxy.ts: 16ms, render: 99ms)
 GET /test-holding-edit-preservation 200 in 187ms (compile: 6ms, proxy.ts: 15ms, render: 166ms)
 GET /test-resilience-score 200 in 196ms (compile: 28ms, proxy.ts: 13ms, render: 155ms)
 GET /test-holding-edit-preservation 200 in 216ms (compile: 12ms, proxy.ts: 14ms, render: 191ms)
 GET /test-resilience-score 200 in 222ms (compile: 56ms, proxy.ts: 15ms, render: 151ms)
 GET /test-holding-edit-preservation 200 in 182ms (compile: 24ms, proxy.ts: 21ms, render: 138ms)
 GET /test-resilience-score 200 in 182ms (compile: 46ms, proxy.ts: 23ms, render: 114ms)
 GET /test-holding-edit-preservation 200 in 169ms (compile: 11ms, proxy.ts: 19ms, render: 140ms)
 GET /test-resilience-score 200 in 171ms (compile: 32ms, proxy.ts: 17ms, render: 122ms)
 GET /test-holding-edit-preservation 200 in 166ms (compile: 13ms, proxy.ts: 18ms, render: 134ms)
 GET /test-resilience-score 200 in 165ms (compile: 37ms, proxy.ts: 18ms, render: 110ms)
 GET /test-holding-edit-preservation 200 in 171ms (compile: 14ms, proxy.ts: 17ms, render: 140ms)
 GET /test-resilience-score 200 in 169ms (compile: 30ms, proxy.ts: 19ms, render: 121ms)
 GET /test-holding-edit-preservation 200 in 163ms (compile: 6ms, proxy.ts: 16ms, render: 140ms)
 GET /test-resilience-score 200 in 164ms (compile: 34ms, proxy.ts: 16ms, render: 114ms)
 GET /test-holding-edit-preservation 200 in 143ms (compile: 8ms, proxy.ts: 13ms, render: 122ms)
 GET /test-resilience-score 200 in 153ms (compile: 31ms, proxy.ts: 15ms, render: 107ms)
 GET /test-holding-edit-preservation 200 in 169ms (compile: 9ms, proxy.ts: 15ms, render: 145ms)
 GET /test-resilience-score 200 in 170ms (compile: 27ms, proxy.ts: 15ms, render: 128ms)
 GET /test-holding-edit-preservation 200 in 191ms (compile: 13ms, proxy.ts: 19ms, render: 159ms)
 GET /test-resilience-score 200 in 196ms (compile: 31ms, proxy.ts: 19ms, render: 146ms)
 GET /test-resilience-score 200 in 191ms (compile: 48ms, proxy.ts: 14ms, render: 129ms)
 GET /test-holding-edit-preservation 200 in 200ms (compile: 26ms, proxy.ts: 14ms, render: 160ms)
 GET /test-holding-edit-preservation 200 in 192ms (compile: 15ms, proxy.ts: 17ms, render: 159ms)
 GET /test-resilience-score 200 in 198ms (compile: 32ms, proxy.ts: 20ms, render: 147ms)
 GET /test-holding-edit-preservation 200 in 198ms (compile: 13ms, proxy.ts: 14ms, render: 171ms)
 GET /test-resilience-score 200 in 201ms (compile: 45ms, proxy.ts: 16ms, render: 140ms)
 GET /test-holding-edit-preservation 200 in 212ms (compile: 12ms, proxy.ts: 19ms, render: 180ms)
 GET /test-resilience-score 200 in 220ms (compile: 34ms, proxy.ts: 20ms, render: 166ms)
 GET /test-holding-edit-preservation 200 in 226ms (compile: 12ms, proxy.ts: 15ms, render: 199ms)
 GET /test-resilience-score 200 in 229ms (compile: 42ms, proxy.ts: 18ms, render: 169ms)
 GET /test-resilience-score 200 in 212ms (compile: 11ms, proxy.ts: 36ms, render: 165ms)
 GET /test-holding-edit-preservation 200 in 224ms (compile: 48ms, proxy.ts: 31ms, render: 144ms)
 GET /test-resilience-score 200 in 192ms (compile: 14ms, proxy.ts: 20ms, render: 158ms)
 GET /test-holding-edit-preservation 200 in 192ms (compile: 47ms, proxy.ts: 20ms, render: 124ms)
 GET /test-resilience-score 200 in 190ms (compile: 13ms, proxy.ts: 14ms, render: 163ms)
 GET /test-holding-edit-preservation 200 in 191ms (compile: 30ms, proxy.ts: 18ms, render: 143ms)
 GET /test-resilience-score 200 in 203ms (compile: 10ms, proxy.ts: 29ms, render: 164ms)
 GET /test-holding-edit-preservation 200 in 208ms (compile: 46ms, proxy.ts: 29ms, render: 133ms)
 GET /test-resilience-score 200 in 193ms (compile: 7ms, proxy.ts: 16ms, render: 171ms)
 GET /test-holding-edit-preservation 200 in 198ms (compile: 31ms, proxy.ts: 15ms, render: 152ms)
 GET /test-resilience-score 200 in 233ms (compile: 10ms, proxy.ts: 18ms, render: 205ms)
 GET /test-holding-edit-preservation 200 in 241ms (compile: 38ms, proxy.ts: 18ms, render: 184ms)
 GET /test-resilience-score 200 in 221ms (compile: 14ms, proxy.ts: 22ms, render: 184ms)
 GET /test-holding-edit-preservation 200 in 218ms (compile: 44ms, proxy.ts: 22ms, render: 151ms)
 GET /test-holding-edit-preservation 200 in 169ms (compile: 34ms, proxy.ts: 24ms, render: 112ms)
 GET /test-resilience-score 200 in 178ms (compile: 14ms, proxy.ts: 25ms, render: 139ms)
 GET /test-resilience-score 200 in 165ms (compile: 8ms, proxy.ts: 14ms, render: 143ms)
 GET /test-holding-edit-preservation 200 in 167ms (compile: 35ms, proxy.ts: 15ms, render: 117ms)
 GET /test-resilience-score 200 in 180ms (compile: 11ms, proxy.ts: 13ms, render: 156ms)
 GET /test-holding-edit-preservation 200 in 182ms (compile: 39ms, proxy.ts: 13ms, render: 129ms)
 GET /test-resilience-score 200 in 210ms (compile: 11ms, proxy.ts: 19ms, render: 180ms)
 GET /test-holding-edit-preservation 200 in 214ms (compile: 39ms, proxy.ts: 19ms, render: 155ms)
 GET /test-resilience-score 200 in 208ms (compile: 10ms, proxy.ts: 30ms, render: 168ms)
 GET /test-holding-edit-preservation 200 in 201ms (compile: 46ms, proxy.ts: 17ms, render: 139ms)
 GET /test-resilience-score 200 in 171ms (compile: 15ms, proxy.ts: 22ms, render: 135ms)
 GET /test-holding-edit-preservation 200 in 171ms (compile: 36ms, proxy.ts: 22ms, render: 112ms)
 GET /test-holding-edit-preservation 200 in 159ms (compile: 33ms, proxy.ts: 18ms, render: 108ms)
 GET /test-resilience-score 200 in 165ms (compile: 15ms, proxy.ts: 15ms, render: 135ms)
 GET /test-resilience-score 200 in 159ms (compile: 8ms, proxy.ts: 16ms, render: 135ms)
 GET /test-holding-edit-preservation 200 in 158ms (compile: 33ms, proxy.ts: 15ms, render: 110ms)
 GET /test-resilience-score 200 in 152ms (compile: 10ms, proxy.ts: 17ms, render: 125ms)
 GET /test-holding-edit-preservation 200 in 152ms (compile: 26ms, proxy.ts: 18ms, render: 108ms)
 GET /test-resilience-score 200 in 146ms (compile: 8ms, proxy.ts: 17ms, render: 120ms)
 GET /test-holding-edit-preservation 200 in 148ms (compile: 34ms, proxy.ts: 17ms, render: 97ms)
 GET /test-resilience-score 200 in 148ms (compile: 9ms, proxy.ts: 10ms, render: 129ms)
 GET /test-holding-edit-preservation 200 in 155ms (compile: 32ms, proxy.ts: 10ms, render: 113ms)
 GET /test-resilience-score 200 in 164ms (compile: 8ms, proxy.ts: 15ms, render: 141ms)
 GET /test-holding-edit-preservation 200 in 169ms (compile: 27ms, proxy.ts: 14ms, render: 128ms)
 GET /test-resilience-score 200 in 179ms (compile: 11ms, proxy.ts: 18ms, render: 150ms)
 GET /test-holding-edit-preservation 200 in 178ms (compile: 29ms, proxy.ts: 18ms, render: 130ms)
 GET /test-resilience-score 200 in 167ms (compile: 7ms, proxy.ts: 16ms, render: 144ms)
 GET /test-holding-edit-preservation 200 in 165ms (compile: 40ms, proxy.ts: 15ms, render: 110ms)
 GET /test-resilience-score 200 in 142ms (compile: 4ms, proxy.ts: 16ms, render: 122ms)
 GET /test-holding-edit-preservation 200 in 145ms (compile: 37ms, proxy.ts: 15ms, render: 93ms)
 GET /test-resilience-score 200 in 139ms (compile: 8ms, proxy.ts: 12ms, render: 119ms)
 GET /test-holding-edit-preservation 200 in 141ms (compile: 24ms, proxy.ts: 13ms, render: 104ms)
 GET /test-holding-edit-preservation 200 in 141ms (compile: 30ms, proxy.ts: 13ms, render: 99ms)
 GET /test-resilience-score 200 in 147ms (compile: 9ms, proxy.ts: 14ms, render: 124ms)
 GET /test-resilience-score 200 in 132ms (compile: 8ms, proxy.ts: 12ms, render: 112ms)
 GET /test-holding-edit-preservation 200 in 134ms (compile: 27ms, proxy.ts: 13ms, render: 93ms)
 GET /test-resilience-score 200 in 137ms (compile: 7ms, proxy.ts: 13ms, render: 117ms)
 GET /test-holding-edit-preservation 200 in 137ms (compile: 25ms, proxy.ts: 13ms, render: 99ms)
 GET /test-resilience-score 200 in 145ms (compile: 9ms, proxy.ts: 12ms, render: 123ms)
 GET /test-holding-edit-preservation 200 in 148ms (compile: 27ms, proxy.ts: 13ms, render: 108ms)
 GET /test-resilience-score 200 in 143ms (compile: 11ms, proxy.ts: 16ms, render: 116ms)
 GET /test-holding-edit-preservation 200 in 151ms (compile: 29ms, proxy.ts: 18ms, render: 104ms)
 GET /test-resilience-score 200 in 168ms (compile: 7ms, proxy.ts: 14ms, render: 147ms)
 GET /test-holding-edit-preservation 200 in 168ms (compile: 27ms, proxy.ts: 14ms, render: 126ms)
 GET /test-resilience-score 200 in 167ms (compile: 10ms, proxy.ts: 22ms, render: 135ms)
 GET /test-holding-edit-preservation 200 in 166ms (compile: 41ms, proxy.ts: 22ms, render: 103ms)
 GET /api/verify-budget-form-state 200 in 262ms (compile: 233ms, proxy.ts: 22ms, render: 7ms)
 GET /test-holding-edit-preservation 200 in 185ms (compile: 28ms, proxy.ts: 15ms, render: 142ms)
 GET /test-resilience-score 200 in 191ms (compile: 8ms, proxy.ts: 16ms, render: 167ms)
 GET /test-resilience-score 200 in 173ms (compile: 9ms, proxy.ts: 11ms, render: 153ms)
 GET /test-holding-edit-preservation 200 in 175ms (compile: 28ms, proxy.ts: 12ms, render: 134ms)
 GET /test-resilience-score 200 in 152ms (compile: 8ms, proxy.ts: 19ms, render: 125ms)
 GET /test-holding-edit-preservation 200 in 154ms (compile: 23ms, proxy.ts: 18ms, render: 113ms)
 GET /test-resilience-score 200 in 181ms (compile: 9ms, proxy.ts: 11ms, render: 161ms)
 GET /test-holding-edit-preservation 200 in 181ms (compile: 35ms, proxy.ts: 12ms, render: 134ms)
 GET /test-resilience-score 200 in 193ms (compile: 15ms, proxy.ts: 13ms, render: 165ms)
 GET /test-holding-edit-preservation 200 in 194ms (compile: 35ms, proxy.ts: 16ms, render: 143ms)
 GET /test-resilience-score 200 in 201ms (compile: 9ms, proxy.ts: 17ms, render: 176ms)
 GET /test-holding-edit-preservation 200 in 200ms (compile: 32ms, proxy.ts: 16ms, render: 152ms)
 GET /test-resilience-score 200 in 184ms (compile: 13ms, proxy.ts: 18ms, render: 153ms)
 GET /test-holding-edit-preservation 200 in 182ms (compile: 35ms, proxy.ts: 19ms, render: 129ms)
 GET /test-holding-edit-preservation 200 in 168ms (compile: 10ms, proxy.ts: 19ms, render: 139ms)
 GET /test-resilience-score 200 in 174ms (compile: 38ms, proxy.ts: 20ms, render: 116ms)
 GET /test-holding-edit-preservation 200 in 169ms (compile: 9ms, proxy.ts: 9ms, render: 151ms)
 GET /test-resilience-score 200 in 171ms (compile: 39ms, proxy.ts: 9ms, render: 122ms)
 GET /test-resilience-score 200 in 166ms (compile: 34ms, proxy.ts: 16ms, render: 115ms)
 GET /test-holding-edit-preservation 200 in 172ms (compile: 11ms, proxy.ts: 15ms, render: 145ms)
 GET /test-holding-edit-preservation 200 in 158ms (compile: 13ms, proxy.ts: 17ms, render: 128ms)
 GET /test-resilience-score 200 in 157ms (compile: 37ms, proxy.ts: 18ms, render: 103ms)
 GET /test-holding-edit-preservation 200 in 155ms (compile: 13ms, proxy.ts: 13ms, render: 129ms)
 GET /test-resilience-score 200 in 158ms (compile: 29ms, proxy.ts: 16ms, render: 113ms)
 GET /test-resilience-score 200 in 172ms (compile: 27ms, proxy.ts: 13ms, render: 132ms)
 GET /test-holding-edit-preservation 200 in 180ms (compile: 9ms, proxy.ts: 13ms, render: 159ms)
 GET /test-resilience-score 200 in 172ms (compile: 34ms, proxy.ts: 19ms, render: 119ms)
 GET /test-holding-edit-preservation 200 in 176ms (compile: 11ms, proxy.ts: 18ms, render: 147ms)
 GET /test-holding-edit-preservation 200 in 184ms (compile: 12ms, proxy.ts: 15ms, render: 158ms)
 GET /test-resilience-score 200 in 192ms (compile: 32ms, proxy.ts: 18ms, render: 143ms)
 GET /test-holding-edit-preservation 200 in 199ms (compile: 14ms, proxy.ts: 20ms, render: 165ms)
 GET /test-resilience-score 200 in 204ms (compile: 40ms, proxy.ts: 24ms, render: 141ms)
 GET /test-holding-edit-preservation 200 in 180ms (compile: 17ms, proxy.ts: 24ms, render: 139ms)
 GET /test-resilience-score 200 in 175ms (compile: 40ms, proxy.ts: 25ms, render: 110ms)
 GET /test-holding-edit-preservation 200 in 158ms (compile: 10ms, proxy.ts: 20ms, render: 128ms)
 GET /test-resilience-score 200 in 160ms (compile: 31ms, proxy.ts: 19ms, render: 110ms)
 GET /test-holding-edit-preservation 200 in 177ms (compile: 7ms, proxy.ts: 14ms, render: 156ms)
 GET /test-resilience-score 200 in 180ms (compile: 31ms, proxy.ts: 14ms, render: 136ms)
 GET /test-holding-edit-preservation 200 in 186ms (compile: 9ms, proxy.ts: 12ms, render: 165ms)
 GET /test-resilience-score 200 in 188ms (compile: 39ms, proxy.ts: 12ms, render: 137ms)
 GET /test-holding-edit-preservation 200 in 169ms (compile: 10ms, proxy.ts: 20ms, render: 140ms)
 GET /test-resilience-score 200 in 169ms (compile: 32ms, proxy.ts: 20ms, render: 117ms)
 GET /test-holding-edit-preservation 200 in 180ms (compile: 9ms, proxy.ts: 15ms, render: 157ms)
 GET /test-resilience-score 200 in 179ms (compile: 32ms, proxy.ts: 13ms, render: 134ms)
 GET /test-resilience-score 200 in 177ms (compile: 39ms, proxy.ts: 15ms, render: 123ms)
 GET /test-holding-edit-preservation 200 in 182ms (compile: 13ms, proxy.ts: 11ms, render: 158ms)
 GET /test-holding-edit-preservation 200 in 158ms (compile: 11ms, proxy.ts: 14ms, render: 132ms)
 GET /test-resilience-score 200 in 164ms (compile: 34ms, proxy.ts: 16ms, render: 115ms)
 GET /test-resilience-score 200 in 169ms (compile: 9ms, proxy.ts: 18ms, render: 142ms)
 GET /test-holding-edit-preservation 200 in 182ms (compile: 29ms, proxy.ts: 23ms, render: 130ms)
 GET /test-holding-edit-preservation 200 in 181ms (compile: 39ms, proxy.ts: 14ms, render: 129ms)
 GET /test-resilience-score 200 in 185ms (compile: 12ms, proxy.ts: 13ms, render: 161ms)
 GET /test-resilience-score 200 in 180ms (compile: 20ms, proxy.ts: 13ms, render: 147ms)
 GET /test-holding-edit-preservation 200 in 179ms (compile: 35ms, proxy.ts: 21ms, render: 124ms)
 GET /test-resilience-score 200 in 196ms (compile: 10ms, proxy.ts: 19ms, render: 168ms)
 GET /test-holding-edit-preservation 200 in 196ms (compile: 33ms, proxy.ts: 16ms, render: 147ms)
 GET /test-holding-edit-preservation 200 in 181ms (compile: 7ms, proxy.ts: 17ms, render: 157ms)
 GET /test-resilience-score 200 in 188ms (compile: 45ms, proxy.ts: 15ms, render: 128ms)
 GET /test-holding-edit-preservation 200 in 168ms (compile: 9ms, proxy.ts: 14ms, render: 146ms)
 GET /test-resilience-score 200 in 173ms (compile: 31ms, proxy.ts: 15ms, render: 127ms)
 GET /test-holding-edit-preservation 200 in 184ms (compile: 13ms, proxy.ts: 19ms, render: 152ms)
 GET /test-resilience-score 200 in 187ms (compile: 39ms, proxy.ts: 19ms, render: 129ms)
 GET /test-holding-edit-preservation 200 in 176ms (compile: 9ms, proxy.ts: 18ms, render: 149ms)
 GET /test-resilience-score 200 in 173ms (compile: 35ms, proxy.ts: 16ms, render: 123ms)
 GET /test-holding-edit-preservation 200 in 192ms (compile: 15ms, proxy.ts: 17ms, render: 160ms)
 GET /test-resilience-score 200 in 185ms (compile: 43ms, proxy.ts: 14ms, render: 128ms)
 GET /test-holding-edit-preservation 200 in 187ms (compile: 18ms, proxy.ts: 14ms, render: 155ms)
 GET /test-resilience-score 200 in 186ms (compile: 54ms, proxy.ts: 17ms, render: 116ms)
 GET /test-holding-edit-preservation 200 in 161ms (compile: 10ms, proxy.ts: 16ms, render: 135ms)
 GET /test-resilience-score 200 in 159ms (compile: 35ms, proxy.ts: 16ms, render: 108ms)
 GET /test-resilience-score 200 in 180ms (compile: 26ms, proxy.ts: 18ms, render: 135ms)
 GET /test-holding-edit-preservation 200 in 188ms (compile: 9ms, proxy.ts: 21ms, render: 158ms)
 GET /test-holding-edit-preservation 200 in 189ms (compile: 10ms, proxy.ts: 13ms, render: 166ms)
 GET /test-resilience-score 200 in 193ms (compile: 45ms, proxy.ts: 13ms, render: 135ms)
 GET /test-resilience-score 200 in 159ms (compile: 32ms, proxy.ts: 14ms, render: 113ms)
 GET /test-holding-edit-preservation 200 in 164ms (compile: 15ms, proxy.ts: 10ms, render: 139ms)
 GET /test-holding-edit-preservation 200 in 169ms (compile: 10ms, proxy.ts: 14ms, render: 144ms)
 GET /test-resilience-score 200 in 174ms (compile: 32ms, proxy.ts: 16ms, render: 126ms)
 GET /test-holding-edit-preservation 200 in 204ms (compile: 8ms, proxy.ts: 15ms, render: 181ms)
 GET /test-resilience-score 200 in 204ms (compile: 34ms, proxy.ts: 15ms, render: 155ms)
 GET /test-holding-edit-preservation 200 in 205ms (compile: 13ms, proxy.ts: 16ms, render: 176ms)
 GET /test-resilience-score 200 in 205ms (compile: 48ms, proxy.ts: 16ms, render: 141ms)
 GET /test-holding-edit-preservation 200 in 187ms (compile: 11ms, proxy.ts: 19ms, render: 157ms)
 GET /test-resilience-score 200 in 186ms (compile: 30ms, proxy.ts: 19ms, render: 136ms)
 GET /test-holding-edit-preservation 200 in 180ms (compile: 9ms, proxy.ts: 19ms, render: 152ms)
 GET /test-resilience-score 200 in 185ms (compile: 32ms, proxy.ts: 18ms, render: 134ms)
 GET /test-holding-edit-preservation 200 in 179ms (compile: 9ms, proxy.ts: 18ms, render: 152ms)
 GET /test-resilience-score 200 in 178ms (compile: 36ms, proxy.ts: 16ms, render: 126ms)
 GET /test-resilience-score 200 in 159ms (compile: 8ms, proxy.ts: 17ms, render: 135ms)
 GET /test-holding-edit-preservation 200 in 166ms (compile: 36ms, proxy.ts: 17ms, render: 114ms)
 GET /test-resilience-score 200 in 166ms (compile: 11ms, proxy.ts: 13ms, render: 143ms)
 GET /test-holding-edit-preservation 200 in 169ms (compile: 28ms, proxy.ts: 13ms, render: 128ms)
 GET /test-resilience-score 200 in 179ms (compile: 11ms, proxy.ts: 17ms, render: 151ms)
 GET /test-holding-edit-preservation 200 in 178ms (compile: 41ms, proxy.ts: 18ms, render: 119ms)
 GET /test-holding-edit-preservation 200 in 159ms (compile: 6ms, proxy.ts: 15ms, render: 137ms)
 GET /test-resilience-score 200 in 164ms (compile: 42ms, proxy.ts: 15ms, render: 108ms)
 GET /test-resilience-score 200 in 176ms (compile: 8ms, proxy.ts: 11ms, render: 157ms)
 GET /test-holding-edit-preservation 200 in 181ms (compile: 37ms, proxy.ts: 12ms, render: 133ms)
 GET /test-resilience-score 200 in 171ms (compile: 14ms, proxy.ts: 18ms, render: 139ms)
 GET /test-holding-edit-preservation 200 in 173ms (compile: 39ms, proxy.ts: 20ms, render: 114ms)
 GET /test-resilience-score 200 in 159ms (compile: 11ms, proxy.ts: 19ms, render: 129ms)
 GET /test-holding-edit-preservation 200 in 156ms (compile: 28ms, proxy.ts: 18ms, render: 111ms)
 GET /test-resilience-score 200 in 193ms (compile: 13ms, proxy.ts: 12ms, render: 168ms)
 GET /test-holding-edit-preservation 200 in 197ms (compile: 27ms, proxy.ts: 16ms, render: 154ms)
 GET /test-resilience-score 200 in 250ms (compile: 10ms, proxy.ts: 17ms, render: 223ms)
 GET /test-holding-edit-preservation 200 in 256ms (compile: 41ms, proxy.ts: 19ms, render: 196ms)
 GET /test-resilience-score 200 in 211ms (compile: 24ms, proxy.ts: 22ms, render: 164ms)
 GET /test-holding-edit-preservation 200 in 212ms (compile: 60ms, proxy.ts: 28ms, render: 125ms)
 GET /test-resilience-score 200 in 158ms (compile: 10ms, proxy.ts: 14ms, render: 134ms)
 GET /test-holding-edit-preservation 200 in 157ms (compile: 27ms, proxy.ts: 13ms, render: 117ms)
 GET /test-resilience-score 200 in 181ms (compile: 11ms, proxy.ts: 10ms, render: 159ms)
 GET /test-holding-edit-preservation 200 in 185ms (compile: 28ms, proxy.ts: 13ms, render: 144ms)
 GET /test-resilience-score 200 in 171ms (compile: 11ms, proxy.ts: 16ms, render: 145ms)
 GET /test-holding-edit-preservation 200 in 176ms (compile: 43ms, proxy.ts: 16ms, render: 117ms)
 GET /test-resilience-score 200 in 153ms (compile: 11ms, proxy.ts: 13ms, render: 129ms)
 GET /test-holding-edit-preservation 200 in 156ms (compile: 28ms, proxy.ts: 17ms, render: 112ms)
 GET /test-resilience-score 200 in 155ms (compile: 11ms, proxy.ts: 13ms, render: 131ms)
 GET /test-holding-edit-preservation 200 in 155ms (compile: 34ms, proxy.ts: 15ms, render: 107ms)
 GET /test-resilience-score 200 in 176ms (compile: 8ms, proxy.ts: 16ms, render: 152ms)
 GET /test-holding-edit-preservation 200 in 176ms (compile: 25ms, proxy.ts: 17ms, render: 134ms)
 GET /test-holding-edit-preservation 200 in 174ms (compile: 33ms, proxy.ts: 18ms, render: 122ms)
 GET /test-resilience-score 200 in 179ms (compile: 8ms, proxy.ts: 19ms, render: 152ms)
 GET /test-resilience-score 200 in 159ms (compile: 9ms, proxy.ts: 15ms, render: 135ms)
 GET /test-holding-edit-preservation 200 in 163ms (compile: 31ms, proxy.ts: 16ms, render: 116ms)
 GET /test-resilience-score 200 in 156ms (compile: 10ms, proxy.ts: 14ms, render: 132ms)
 GET /test-holding-edit-preservation 200 in 156ms (compile: 32ms, proxy.ts: 14ms, render: 109ms)
 GET /test-resilience-score 200 in 159ms (compile: 9ms, proxy.ts: 18ms, render: 132ms)
 GET /test-holding-edit-preservation 200 in 161ms (compile: 29ms, proxy.ts: 18ms, render: 114ms)
 GET /test-resilience-score 200 in 163ms (compile: 8ms, proxy.ts: 15ms, render: 140ms)
 GET /test-holding-edit-preservation 200 in 163ms (compile: 27ms, proxy.ts: 14ms, render: 122ms)
 GET /test-holding-edit-preservation 200 in 155ms (compile: 7ms, proxy.ts: 14ms, render: 134ms)
 GET /test-resilience-score 200 in 161ms (compile: 31ms, proxy.ts: 14ms, render: 116ms)
 GET /test-resilience-score 200 in 171ms (compile: 6ms, proxy.ts: 18ms, render: 147ms)
 GET /test-holding-edit-preservation 200 in 176ms (compile: 30ms, proxy.ts: 16ms, render: 130ms)
 GET /test-resilience-score 200 in 175ms (compile: 7ms, proxy.ts: 14ms, render: 154ms)
 GET /test-holding-edit-preservation 200 in 177ms (compile: 34ms, proxy.ts: 14ms, render: 129ms)
 GET /test-resilience-score 200 in 181ms (compile: 9ms, proxy.ts: 16ms, render: 156ms)
 GET /test-holding-edit-preservation 200 in 184ms (compile: 29ms, proxy.ts: 15ms, render: 140ms)
 GET /test-resilience-score 200 in 164ms (compile: 10ms, proxy.ts: 15ms, render: 140ms)
 GET /test-holding-edit-preservation 200 in 168ms (compile: 41ms, proxy.ts: 16ms, render: 111ms)
 GET /test-resilience-score 200 in 140ms (compile: 11ms, proxy.ts: 24ms, render: 105ms)
 GET /test-holding-edit-preservation 200 in 142ms (compile: 22ms, proxy.ts: 26ms, render: 94ms)
 GET /test-resilience-score 200 in 149ms (compile: 7ms, proxy.ts: 11ms, render: 131ms)
 GET /test-holding-edit-preservation 200 in 149ms (compile: 30ms, proxy.ts: 12ms, render: 108ms)
 GET /test-resilience-score 200 in 158ms (compile: 10ms, proxy.ts: 12ms, render: 136ms)
 GET /test-holding-edit-preservation 200 in 162ms (compile: 35ms, proxy.ts: 13ms, render: 114ms)
 GET /test-resilience-score 200 in 163ms (compile: 8ms, proxy.ts: 14ms, render: 141ms)
 GET /test-holding-edit-preservation 200 in 164ms (compile: 37ms, proxy.ts: 14ms, render: 113ms)
 GET /test-resilience-score 200 in 138ms (compile: 11ms, proxy.ts: 15ms, render: 112ms)
 GET /test-holding-edit-preservation 200 in 139ms (compile: 33ms, proxy.ts: 16ms, render: 90ms)
✓ Compiled in 247ms
 GET /test-holding-edit-preservation 200 in 373ms (compile: 194ms, proxy.ts: 51ms, render: 128ms)
 GET /test-resilience-score 200 in 380ms (compile: 172ms, proxy.ts: 53ms, render: 155ms)
 GET /test-holding-edit-preservation 200 in 179ms (compile: 31ms, proxy.ts: 11ms, render: 137ms)
 GET /test-resilience-score 200 in 191ms (compile: 9ms, proxy.ts: 18ms, render: 164ms)
 GET /test-resilience-score 200 in 160ms (compile: 14ms, proxy.ts: 20ms, render: 126ms)
 GET /test-holding-edit-preservation 200 in 162ms (compile: 34ms, proxy.ts: 21ms, render: 106ms)
 GET /test-resilience-score 200 in 150ms (compile: 9ms, proxy.ts: 13ms, render: 128ms)
 GET /test-holding-edit-preservation 200 in 152ms (compile: 32ms, proxy.ts: 14ms, render: 106ms)
 GET /test-resilience-score 200 in 140ms (compile: 7ms, proxy.ts: 14ms, render: 119ms)
 GET /test-holding-edit-preservation 200 in 141ms (compile: 31ms, proxy.ts: 13ms, render: 97ms)
 GET /test-resilience-score 200 in 136ms (compile: 9ms, proxy.ts: 13ms, render: 114ms)
 GET /test-holding-edit-preservation 200 in 141ms (compile: 29ms, proxy.ts: 14ms, render: 98ms)
 GET /test-resilience-score 200 in 173ms (compile: 11ms, proxy.ts: 11ms, render: 151ms)
 GET /test-holding-edit-preservation 200 in 177ms (compile: 26ms, proxy.ts: 13ms, render: 138ms)
 GET /test-resilience-score 200 in 206ms (compile: 19ms, proxy.ts: 20ms, render: 168ms)
 GET /test-holding-edit-preservation 200 in 206ms (compile: 39ms, proxy.ts: 25ms, render: 143ms)
 GET /test-resilience-score 200 in 202ms (compile: 13ms, proxy.ts: 14ms, render: 175ms)
 GET /test-holding-edit-preservation 200 in 203ms (compile: 41ms, proxy.ts: 13ms, render: 148ms)
 GET /test-holding-edit-preservation 200 in 223ms (compile: 39ms, proxy.ts: 13ms, render: 171ms)
 GET /test-resilience-score 200 in 231ms (compile: 8ms, proxy.ts: 15ms, render: 208ms)
 GET /test-resilience-score 200 in 216ms (compile: 11ms, proxy.ts: 18ms, render: 187ms)
 GET /test-holding-edit-preservation 200 in 220ms (compile: 49ms, proxy.ts: 18ms, render: 153ms)
 GET /test-resilience-score 200 in 198ms (compile: 11ms, proxy.ts: 18ms, render: 169ms)
 GET /test-holding-edit-preservation 200 in 200ms (compile: 34ms, proxy.ts: 19ms, render: 147ms)
 GET /test-resilience-score 200 in 196ms (compile: 12ms, proxy.ts: 17ms, render: 168ms)
 GET /test-holding-edit-preservation 200 in 198ms (compile: 45ms, proxy.ts: 18ms, render: 135ms)
 GET /test-resilience-score 200 in 151ms (compile: 9ms, proxy.ts: 18ms, render: 123ms)
 GET /test-holding-edit-preservation 200 in 150ms (compile: 44ms, proxy.ts: 16ms, render: 90ms)
 GET /test-resilience-score 200 in 127ms (compile: 7ms, proxy.ts: 8ms, render: 112ms)
 GET /test-holding-edit-preservation 200 in 128ms (compile: 29ms, proxy.ts: 8ms, render: 91ms)
 GET /test-resilience-score 200 in 147ms (compile: 7ms, proxy.ts: 11ms, render: 130ms)
 GET /test-holding-edit-preservation 200 in 150ms (compile: 26ms, proxy.ts: 11ms, render: 113ms)
 GET /test-resilience-score 200 in 191ms (compile: 11ms, proxy.ts: 12ms, render: 167ms)
 GET /test-holding-edit-preservation 200 in 194ms (compile: 24ms, proxy.ts: 15ms, render: 155ms)
 GET /test-resilience-score 200 in 204ms (compile: 10ms, proxy.ts: 16ms, render: 178ms)
 GET /test-holding-edit-preservation 200 in 208ms (compile: 40ms, proxy.ts: 17ms, render: 150ms)
 GET /test-resilience-score 200 in 214ms (compile: 11ms, proxy.ts: 22ms, render: 182ms)
 GET /test-holding-edit-preservation 200 in 213ms (compile: 33ms, proxy.ts: 23ms, render: 158ms)
 GET /test-resilience-score 200 in 204ms (compile: 14ms, proxy.ts: 22ms, render: 168ms)
 GET /test-holding-edit-preservation 200 in 205ms (compile: 49ms, proxy.ts: 23ms, render: 133ms)
 GET /test-resilience-score 200 in 189ms (compile: 7ms, proxy.ts: 16ms, render: 167ms)
 GET /test-holding-edit-preservation 200 in 193ms (compile: 29ms, proxy.ts: 15ms, render: 149ms)
 GET /test-resilience-score 200 in 197ms (compile: 13ms, proxy.ts: 19ms, render: 165ms)
 GET /test-holding-edit-preservation 200 in 197ms (compile: 39ms, proxy.ts: 18ms, render: 140ms)
 GET /test-resilience-score 200 in 214ms (compile: 9ms, proxy.ts: 15ms, render: 190ms)
 GET /test-holding-edit-preservation 200 in 216ms (compile: 38ms, proxy.ts: 12ms, render: 166ms)
 GET /test-resilience-score 200 in 258ms (compile: 13ms, proxy.ts: 24ms, render: 221ms)
 GET /test-holding-edit-preservation 200 in 257ms (compile: 45ms, proxy.ts: 24ms, render: 187ms)
 GET /test-resilience-score 200 in 214ms (compile: 13ms, proxy.ts: 23ms, render: 178ms)
 GET /test-holding-edit-preservation 200 in 211ms (compile: 50ms, proxy.ts: 23ms, render: 138ms)
 GET /test-holding-edit-preservation 200 in 159ms (compile: 31ms, proxy.ts: 13ms, render: 116ms)
 GET /test-resilience-score 200 in 163ms (compile: 7ms, proxy.ts: 14ms, render: 142ms)
 GET /test-resilience-score 200 in 165ms (compile: 8ms, proxy.ts: 16ms, render: 141ms)
 GET /test-holding-edit-preservation 200 in 163ms (compile: 41ms, proxy.ts: 15ms, render: 108ms)
 GET /test-resilience-score 200 in 158ms (compile: 12ms, proxy.ts: 16ms, render: 130ms)
 GET /test-holding-edit-preservation 200 in 160ms (compile: 30ms, proxy.ts: 18ms, render: 112ms)
 GET /test-resilience-score 200 in 178ms (compile: 7ms, proxy.ts: 12ms, render: 159ms)
 GET /test-holding-edit-preservation 200 in 181ms (compile: 26ms, proxy.ts: 12ms, render: 144ms)
 GET /test-resilience-score 200 in 214ms (compile: 12ms, proxy.ts: 21ms, render: 181ms)
 GET /test-holding-edit-preservation 200 in 214ms (compile: 37ms, proxy.ts: 21ms, render: 156ms)
 GET /test-resilience-score 200 in 213ms (compile: 11ms, proxy.ts: 20ms, render: 182ms)
 GET /test-holding-edit-preservation 200 in 215ms (compile: 46ms, proxy.ts: 20ms, render: 150ms)
 GET /test-resilience-score 200 in 208ms (compile: 11ms, proxy.ts: 19ms, render: 177ms)
 GET /test-holding-edit-preservation 200 in 208ms (compile: 42ms, proxy.ts: 21ms, render: 145ms)
 GET /test-resilience-score 200 in 188ms (compile: 9ms, proxy.ts: 16ms, render: 164ms)
 GET /test-holding-edit-preservation 200 in 193ms (compile: 36ms, proxy.ts: 15ms, render: 142ms)
 GET /test-holding-edit-preservation 200 in 176ms (compile: 29ms, proxy.ts: 13ms, render: 134ms)
 GET /test-resilience-score 200 in 182ms (compile: 8ms, proxy.ts: 14ms, render: 160ms)
 GET /test-resilience-score 200 in 168ms (compile: 14ms, proxy.ts: 26ms, render: 128ms)
 GET /test-holding-edit-preservation 200 in 167ms (compile: 35ms, proxy.ts: 26ms, render: 106ms)
 GET /test-resilience-score 200 in 136ms (compile: 8ms, proxy.ts: 15ms, render: 114ms)
 GET /test-holding-edit-preservation 200 in 134ms (compile: 25ms, proxy.ts: 14ms, render: 95ms)
 GET /test-resilience-score 200 in 169ms (compile: 6ms, proxy.ts: 13ms, render: 150ms)
 GET /test-holding-edit-preservation 200 in 169ms (compile: 23ms, proxy.ts: 11ms, render: 134ms)
 GET /test-holding-edit-preservation 200 in 176ms (compile: 45ms, proxy.ts: 9ms, render: 123ms)
 GET /test-resilience-score 200 in 182ms (compile: 10ms, proxy.ts: 11ms, render: 161ms)
 GET /test-resilience-score 200 in 185ms (compile: 10ms, proxy.ts: 12ms, render: 163ms)
 GET /test-holding-edit-preservation 200 in 186ms (compile: 35ms, proxy.ts: 13ms, render: 138ms)
 GET /test-resilience-score 200 in 228ms (compile: 7ms, proxy.ts: 15ms, render: 206ms)
 GET /test-holding-edit-preservation 200 in 231ms (compile: 26ms, proxy.ts: 15ms, render: 189ms)
 GET /test-resilience-score 200 in 249ms (compile: 13ms, proxy.ts: 53ms, render: 183ms)
 GET /test-holding-edit-preservation 200 in 216ms (compile: 46ms, proxy.ts: 20ms, render: 150ms)
 GET /test-resilience-score 200 in 184ms (compile: 9ms, proxy.ts: 15ms, render: 160ms)
 GET /test-holding-edit-preservation 200 in 183ms (compile: 39ms, proxy.ts: 14ms, render: 130ms)
 GET /test-resilience-score 200 in 183ms (compile: 13ms, proxy.ts: 18ms, render: 152ms)
 GET /test-holding-edit-preservation 200 in 186ms (compile: 35ms, proxy.ts: 18ms, render: 133ms)
 GET /test-resilience-score 200 in 182ms (compile: 10ms, proxy.ts: 20ms, render: 152ms)
 GET /test-holding-edit-preservation 200 in 183ms (compile: 35ms, proxy.ts: 19ms, render: 129ms)
 GET /test-holding-edit-preservation 200 in 248ms (compile: 37ms, proxy.ts: 20ms, render: 191ms)
 GET /test-resilience-score 200 in 255ms (compile: 12ms, proxy.ts: 19ms, render: 223ms)
 GET /test-resilience-score 200 in 272ms (compile: 9ms, proxy.ts: 14ms, render: 249ms)
 GET /test-holding-edit-preservation 200 in 273ms (compile: 30ms, proxy.ts: 13ms, render: 230ms)
 GET /test-resilience-score 200 in 204ms (compile: 10ms, proxy.ts: 19ms, render: 176ms)
 GET /test-holding-edit-preservation 200 in 208ms (compile: 39ms, proxy.ts: 18ms, render: 151ms)
 GET /test-resilience-score 200 in 194ms (compile: 12ms, proxy.ts: 16ms, render: 166ms)
 GET /test-holding-edit-preservation 200 in 197ms (compile: 36ms, proxy.ts: 17ms, render: 144ms)
 GET /test-holding-edit-preservation 200 in 182ms (compile: 12ms, proxy.ts: 15ms, render: 156ms)
 GET /test-resilience-score 200 in 187ms (compile: 27ms, proxy.ts: 22ms, render: 138ms)
 GET /test-resilience-score 200 in 166ms (compile: 6ms, proxy.ts: 16ms, render: 144ms)
 GET /test-holding-edit-preservation 200 in 178ms (compile: 35ms, proxy.ts: 15ms, render: 128ms)
 GET /test-resilience-score 200 in 171ms (compile: 10ms, proxy.ts: 16ms, render: 146ms)
 GET /test-holding-edit-preservation 200 in 178ms (compile: 36ms, proxy.ts: 16ms, render: 126ms)
 GET /test-resilience-score 200 in 171ms (compile: 12ms, proxy.ts: 14ms, render: 144ms)
 GET /test-holding-edit-preservation 200 in 172ms (compile: 32ms, proxy.ts: 17ms, render: 123ms)
 GET /test-resilience-score 200 in 163ms (compile: 13ms, proxy.ts: 14ms, render: 137ms)
 GET /test-holding-edit-preservation 200 in 163ms (compile: 34ms, proxy.ts: 17ms, render: 111ms)
 GET /test-resilience-score 200 in 186ms (compile: 12ms, proxy.ts: 17ms, render: 156ms)
 GET /test-holding-edit-preservation 200 in 186ms (compile: 38ms, proxy.ts: 18ms, render: 130ms)
 GET /test-holding-edit-preservation 200 in 210ms (compile: 6ms, proxy.ts: 12ms, render: 192ms)
 GET /test-resilience-score 200 in 214ms (compile: 43ms, proxy.ts: 12ms, render: 159ms)
 GET /test-holding-edit-preservation 200 in 245ms (compile: 11ms, proxy.ts: 13ms, render: 221ms)
 GET /test-resilience-score 200 in 245ms (compile: 61ms, proxy.ts: 13ms, render: 170ms)
 GET /test-holding-edit-preservation 200 in 257ms (compile: 10ms, proxy.ts: 18ms, render: 229ms)
 GET /test-resilience-score 200 in 274ms (compile: 46ms, proxy.ts: 19ms, render: 210ms)
 GET /test-holding-edit-preservation 200 in 228ms (compile: 9ms, proxy.ts: 21ms, render: 198ms)
 GET /test-resilience-score 200 in 226ms (compile: 47ms, proxy.ts: 18ms, render: 160ms)
 GET /test-holding-edit-preservation 200 in 174ms (compile: 7ms, proxy.ts: 31ms, render: 135ms)
 GET /test-resilience-score 200 in 171ms (compile: 29ms, proxy.ts: 25ms, render: 116ms)
 GET /test-holding-edit-preservation 200 in 209ms (compile: 11ms, proxy.ts: 18ms, render: 180ms)
 GET /test-resilience-score 200 in 210ms (compile: 30ms, proxy.ts: 17ms, render: 163ms)
 GET /test-holding-edit-preservation 200 in 220ms (compile: 8ms, proxy.ts: 15ms, render: 197ms)
 GET /test-resilience-score 200 in 222ms (compile: 44ms, proxy.ts: 15ms, render: 162ms)
 GET /test-holding-edit-preservation 200 in 203ms (compile: 8ms, proxy.ts: 17ms, render: 178ms)
 GET /test-resilience-score 200 in 205ms (compile: 45ms, proxy.ts: 16ms, render: 143ms)
 GET /test-holding-edit-preservation 200 in 215ms (compile: 12ms, proxy.ts: 17ms, render: 186ms)
 GET /test-resilience-score 200 in 216ms (compile: 58ms, proxy.ts: 18ms, render: 141ms)
 GET /test-holding-edit-preservation 200 in 237ms (compile: 16ms, proxy.ts: 43ms, render: 178ms)
 GET /test-resilience-score 200 in 206ms (compile: 43ms, proxy.ts: 17ms, render: 146ms)
 GET /test-holding-edit-preservation 200 in 216ms (compile: 14ms, proxy.ts: 45ms, render: 157ms)
 GET /test-resilience-score 200 in 192ms (compile: 15ms, proxy.ts: 51ms, render: 127ms)
 GET /test-holding-edit-preservation 200 in 203ms (compile: 12ms, proxy.ts: 50ms, render: 141ms)
 GET /test-resilience-score 200 in 161ms (compile: 9ms, proxy.ts: 34ms, render: 117ms)
 GET /test-holding-edit-preservation 200 in 196ms (compile: 14ms, proxy.ts: 40ms, render: 142ms)
 GET /test-resilience-score 200 in 170ms (compile: 34ms, proxy.ts: 16ms, render: 120ms)
 GET /test-holding-edit-preservation 200 in 198ms (compile: 15ms, proxy.ts: 42ms, render: 141ms)
 GET /test-resilience-score 200 in 166ms (compile: 39ms, proxy.ts: 14ms, render: 113ms)
 GET /test-holding-edit-preservation 200 in 181ms (compile: 11ms, proxy.ts: 14ms, render: 156ms)
 GET /test-resilience-score 200 in 185ms (compile: 36ms, proxy.ts: 14ms, render: 135ms)
 GET /test-holding-edit-preservation 200 in 215ms (compile: 15ms, proxy.ts: 39ms, render: 161ms)
 GET /test-resilience-score 200 in 192ms (compile: 37ms, proxy.ts: 12ms, render: 143ms)
 GET /test-holding-edit-preservation 200 in 224ms (compile: 18ms, proxy.ts: 59ms, render: 147ms)
 GET /test-resilience-score 200 in 184ms (compile: 39ms, proxy.ts: 19ms, render: 126ms)
 GET /test-holding-edit-preservation 200 in 233ms (compile: 14ms, proxy.ts: 39ms, render: 181ms)
 GET /test-resilience-score 200 in 212ms (compile: 39ms, proxy.ts: 15ms, render: 158ms)
 GET /test-holding-edit-preservation 200 in 241ms (compile: 14ms, proxy.ts: 40ms, render: 186ms)
 GET /test-resilience-score 200 in 218ms (compile: 38ms, proxy.ts: 15ms, render: 165ms)
 GET /test-holding-edit-preservation 200 in 254ms (compile: 16ms, proxy.ts: 72ms, render: 166ms)
 GET /test-resilience-score 200 in 202ms (compile: 51ms, proxy.ts: 15ms, render: 136ms)
 GET /test-holding-edit-preservation 200 in 216ms (compile: 12ms, proxy.ts: 44ms, render: 160ms)
 GET /test-resilience-score 200 in 216ms (compile: 15ms, proxy.ts: 48ms, render: 153ms)
 GET /test-holding-edit-preservation 200 in 173ms (compile: 15ms, proxy.ts: 43ms, render: 115ms)
 GET /test-resilience-score 200 in 195ms (compile: 7ms, proxy.ts: 41ms, render: 147ms)
 GET /test-holding-edit-preservation 200 in 169ms (compile: 16ms, proxy.ts: 36ms, render: 117ms)
 GET /test-resilience-score 200 in 198ms (compile: 8ms, proxy.ts: 40ms, render: 150ms)
 GET /test-holding-edit-preservation 200 in 206ms (compile: 17ms, proxy.ts: 34ms, render: 155ms)
 GET /test-resilience-score 200 in 193ms (compile: 12ms, proxy.ts: 44ms, render: 137ms)
 GET /test-holding-edit-preservation 200 in 221ms (compile: 14ms, proxy.ts: 38ms, render: 170ms)
 GET /test-resilience-score 200 in 190ms (compile: 11ms, proxy.ts: 38ms, render: 141ms)
 GET /test-holding-edit-preservation 200 in 244ms (compile: 17ms, proxy.ts: 52ms, render: 176ms)
 GET /test-resilience-score 200 in 209ms (compile: 42ms, proxy.ts: 20ms, render: 147ms)
 GET /test-holding-edit-preservation 200 in 232ms (compile: 14ms, proxy.ts: 45ms, render: 174ms)
 GET /test-resilience-score 200 in 196ms (compile: 41ms, proxy.ts: 13ms, render: 142ms)
 GET /test-holding-edit-preservation 200 in 217ms (compile: 8ms, proxy.ts: 62ms, render: 147ms)
 GET /test-resilience-score 200 in 172ms (compile: 39ms, proxy.ts: 13ms, render: 120ms)
 GET /test-holding-edit-preservation 200 in 178ms (compile: 12ms, proxy.ts: 16ms, render: 151ms)
 GET /test-resilience-score 200 in 178ms (compile: 31ms, proxy.ts: 13ms, render: 133ms)
 GET /test-holding-edit-preservation 200 in 187ms (compile: 11ms, proxy.ts: 14ms, render: 161ms)
 GET /test-resilience-score 200 in 184ms (compile: 46ms, proxy.ts: 16ms, render: 122ms)
 GET /test-holding-edit-preservation 200 in 205ms (compile: 13ms, proxy.ts: 47ms, render: 145ms)
 GET /test-resilience-score 200 in 168ms (compile: 36ms, proxy.ts: 13ms, render: 118ms)
 GET /test-holding-edit-preservation 200 in 176ms (compile: 13ms, proxy.ts: 13ms, render: 151ms)
 GET /test-resilience-score 200 in 174ms (compile: 39ms, proxy.ts: 11ms, render: 125ms)
 GET /test-holding-edit-preservation 200 in 178ms (compile: 11ms, proxy.ts: 17ms, render: 149ms)
 GET /test-resilience-score 200 in 175ms (compile: 40ms, proxy.ts: 16ms, render: 119ms)
 GET /test-holding-edit-preservation 200 in 200ms (compile: 8ms, proxy.ts: 13ms, render: 179ms)
 GET /test-resilience-score 200 in 203ms (compile: 39ms, proxy.ts: 14ms, render: 150ms)
 GET /test-holding-edit-preservation 200 in 212ms (compile: 9ms, proxy.ts: 15ms, render: 188ms)
 GET /test-resilience-score 200 in 212ms (compile: 50ms, proxy.ts: 13ms, render: 149ms)
 GET /test-holding-edit-preservation 200 in 257ms (compile: 16ms, proxy.ts: 24ms, render: 217ms)
 GET /test-resilience-score 200 in 242ms (compile: 44ms, proxy.ts: 11ms, render: 187ms)
 GET /test-holding-edit-preservation 200 in 293ms (compile: 15ms, proxy.ts: 50ms, render: 228ms)
 GET /test-resilience-score 200 in 253ms (compile: 75ms, proxy.ts: 12ms, render: 165ms)
 GET /test-holding-edit-preservation 200 in 225ms (compile: 11ms, proxy.ts: 56ms, render: 158ms)
 GET /test-resilience-score 200 in 254ms (compile: 18ms, proxy.ts: 41ms, render: 196ms)
 GET /test-holding-edit-preservation 200 in 251ms (compile: 17ms, proxy.ts: 62ms, render: 172ms)
 GET /test-resilience-score 200 in 218ms (compile: 18ms, proxy.ts: 45ms, render: 155ms)
 GET /test-holding-edit-preservation 200 in 179ms (compile: 19ms, proxy.ts: 44ms, render: 115ms)
 GET /test-resilience-score 200 in 163ms (compile: 13ms, proxy.ts: 48ms, render: 103ms)
 GET /test-holding-edit-preservation 200 in 148ms (compile: 7ms, proxy.ts: 39ms, render: 102ms)
 GET /test-resilience-score 200 in 166ms (compile: 7ms, proxy.ts: 34ms, render: 126ms)
 GET /test-holding-edit-preservation 200 in 167ms (compile: 12ms, proxy.ts: 32ms, render: 123ms)
 GET /test-resilience-score 200 in 157ms (compile: 12ms, proxy.ts: 34ms, render: 110ms)
 GET /test-holding-edit-preservation 200 in 159ms (compile: 7ms, proxy.ts: 35ms, render: 117ms)
 GET /test-resilience-score 200 in 172ms (compile: 9ms, proxy.ts: 32ms, render: 132ms)
 GET /test-holding-edit-preservation 200 in 179ms (compile: 11ms, proxy.ts: 46ms, render: 121ms)
 GET /test-resilience-score 200 in 425ms (compile: 11ms, proxy.ts: 36ms, render: 378ms)
 GET /test-holding-edit-preservation 200 in 449ms (compile: 10ms, proxy.ts: 48ms, render: 391ms)
 GET /test-resilience-score 200 in 446ms (compile: 119ms, proxy.ts: 34ms, render: 293ms)
 GET /test-holding-edit-preservation 200 in 485ms (compile: 30ms, proxy.ts: 225ms, render: 230ms)
 GET /test-resilience-score 200 in 291ms (compile: 30ms, proxy.ts: 58ms, render: 203ms)
 GET /test-budget-form-state 200 in 1021ms (compile: 511ms, proxy.ts: 44ms, render: 465ms)
 GET /test-holding-edit-preservation 200 in 263ms (compile: 23ms, proxy.ts: 53ms, render: 187ms)
 GET /test-resilience-score 200 in 249ms (compile: 19ms, proxy.ts: 40ms, render: 190ms)
 GET /test-holding-edit-preservation 200 in 255ms (compile: 20ms, proxy.ts: 66ms, render: 169ms)
 GET /test-resilience-score 200 in 239ms (compile: 17ms, proxy.ts: 40ms, render: 182ms)
 GET /test-holding-edit-preservation 200 in 247ms (compile: 14ms, proxy.ts: 42ms, render: 191ms)
 GET /test-resilience-score 200 in 255ms (compile: 16ms, proxy.ts: 43ms, render: 196ms)
 GET /test-holding-edit-preservation 200 in 258ms (compile: 24ms, proxy.ts: 43ms, render: 191ms)
 GET /test-resilience-score 200 in 345ms (compile: 21ms, proxy.ts: 51ms, render: 272ms)
 GET /test-holding-edit-preservation 200 in 348ms (compile: 21ms, proxy.ts: 49ms, render: 278ms)
 GET /api/verify-budget-form-state 200 in 110ms (compile: 60ms, proxy.ts: 43ms, render: 7ms)
 GET /test-resilience-score 200 in 367ms (compile: 15ms, proxy.ts: 48ms, render: 305ms)
 GET /test-holding-edit-preservation 200 in 372ms (compile: 100ms, proxy.ts: 46ms, render: 227ms)
 GET /test-resilience-score 200 in 300ms (compile: 30ms, proxy.ts: 53ms, render: 216ms)
 GET /test-multi-tab 200 in 978ms (compile: 557ms, proxy.ts: 60ms, render: 361ms)
 GET /test-holding-edit-preservation 200 in 279ms (compile: 32ms, proxy.ts: 43ms, render: 204ms)
 GET /test-resilience-score 200 in 272ms (compile: 24ms, proxy.ts: 66ms, render: 183ms)
 GET /test-holding-edit-preservation 200 in 216ms (compile: 26ms, proxy.ts: 50ms, render: 140ms)
 GET /test-resilience-score 200 in 260ms (compile: 19ms, proxy.ts: 55ms, render: 186ms)
 GET /test-holding-edit-preservation 200 in 219ms (compile: 12ms, proxy.ts: 43ms, render: 164ms)
 GET /test-resilience-score 200 in 256ms (compile: 19ms, proxy.ts: 42ms, render: 195ms)
 GET /test-holding-edit-preservation 200 in 232ms (compile: 73ms, proxy.ts: 14ms, render: 145ms)
 GET /test-resilience-score 200 in 230ms (compile: 17ms, proxy.ts: 50ms, render: 163ms)
 GET /test-holding-edit-preservation 200 in 202ms (compile: 46ms, proxy.ts: 14ms, render: 142ms)
 GET /test-resilience-score 200 in 213ms (compile: 19ms, proxy.ts: 21ms, render: 172ms)
 GET /test-holding-edit-preservation 200 in 209ms (compile: 40ms, proxy.ts: 19ms, render: 150ms)
 GET /test-resilience-score 200 in 198ms (compile: 20ms, proxy.ts: 17ms, render: 161ms)
 GET /test-holding-edit-preservation 200 in 200ms (compile: 40ms, proxy.ts: 23ms, render: 138ms)
 GET /test-resilience-score 200 in 176ms (compile: 26ms, proxy.ts: 24ms, render: 126ms)
 GET /test-holding-edit-preservation 200 in 173ms (compile: 42ms, proxy.ts: 26ms, render: 104ms)
 GET /test-resilience-score 200 in 143ms (compile: 13ms, proxy.ts: 13ms, render: 118ms)
 GET /test-holding-edit-preservation 200 in 150ms (compile: 29ms, proxy.ts: 17ms, render: 104ms)
 GET /api/verify-multi-tab 200 in 285ms (compile: 20ms, proxy.ts: 23ms, render: 243ms)
 GET /test-resilience-score 200 in 186ms (compile: 11ms, proxy.ts: 37ms, render: 138ms)
 GET /test-holding-edit-preservation 200 in 171ms (compile: 29ms, proxy.ts: 14ms, render: 127ms)
 GET /test-resilience-score 200 in 208ms (compile: 13ms, proxy.ts: 34ms, render: 161ms)
 GET /test-holding-edit-preservation 200 in 188ms (compile: 36ms, proxy.ts: 14ms, render: 139ms)
 GET /test-resilience-score 200 in 171ms (compile: 12ms, proxy.ts: 31ms, render: 128ms)
 GET /test-holding-edit-preservation 200 in 156ms (compile: 36ms, proxy.ts: 18ms, render: 102ms)
 GET /test-resilience-score 200 in 135ms (compile: 11ms, proxy.ts: 14ms, render: 110ms)
 GET /test-holding-edit-preservation 200 in 138ms (compile: 29ms, proxy.ts: 17ms, render: 92ms)
 GET /test-resilience-score 200 in 160ms (compile: 9ms, proxy.ts: 24ms, render: 126ms)
 GET /test-holding-edit-preservation 200 in 146ms (compile: 28ms, proxy.ts: 10ms, render: 109ms)
 GET /test-resilience-score 200 in 162ms (compile: 16ms, proxy.ts: 35ms, render: 111ms)
 GET /test-holding-edit-preservation 200 in 142ms (compile: 37ms, proxy.ts: 18ms, render: 87ms)
 GET /test-resilience-score 200 in 133ms (compile: 8ms, proxy.ts: 29ms, render: 96ms)
 GET /test-holding-edit-preservation 200 in 135ms (compile: 11ms, proxy.ts: 30ms, render: 94ms)
 GET /test-resilience-score 200 in 132ms (compile: 11ms, proxy.ts: 28ms, render: 92ms)
 GET /test-holding-edit-preservation 200 in 146ms (compile: 9ms, proxy.ts: 39ms, render: 98ms)
 GET /test-resilience-score 200 in 135ms (compile: 10ms, proxy.ts: 29ms, render: 97ms)
 GET /test-holding-edit-preservation 200 in 152ms (compile: 11ms, proxy.ts: 30ms, render: 111ms)
 GET /test-resilience-score 200 in 148ms (compile: 15ms, proxy.ts: 36ms, render: 97ms)
 GET /test-holding-edit-preservation 200 in 137ms (compile: 9ms, proxy.ts: 31ms, render: 96ms)
 GET /test-resilience-score 200 in 139ms (compile: 17ms, proxy.ts: 41ms, render: 81ms)
 GET /test-holding-edit-preservation 200 in 135ms (compile: 25ms, proxy.ts: 14ms, render: 95ms)
 GET /test-resilience-score 200 in 134ms (compile: 10ms, proxy.ts: 25ms, render: 99ms)
 GET /test-holding-edit-preservation 200 in 140ms (compile: 13ms, proxy.ts: 33ms, render: 95ms)
 GET /test-resilience-score 200 in 133ms (compile: 13ms, proxy.ts: 40ms, render: 81ms)
 GET /test-holding-edit-preservation 200 in 119ms (compile: 10ms, proxy.ts: 27ms, render: 82ms)
 GET /test-resilience-score 200 in 138ms (compile: 7ms, proxy.ts: 29ms, render: 102ms)
 GET /test-holding-edit-preservation 200 in 157ms (compile: 8ms, proxy.ts: 28ms, render: 121ms)
 GET /test-resilience-score 200 in 170ms (compile: 10ms, proxy.ts: 29ms, render: 131ms)
 GET /test-holding-edit-preservation 200 in 180ms (compile: 15ms, proxy.ts: 42ms, render: 124ms)
 GET /test-resilience-score 200 in 191ms (compile: 15ms, proxy.ts: 45ms, render: 131ms)
 GET /test-holding-edit-preservation 200 in 205ms (compile: 12ms, proxy.ts: 43ms, render: 149ms)
 GET /test-resilience-score 200 in 195ms (compile: 16ms, proxy.ts: 36ms, render: 143ms)
 GET /test-holding-edit-preservation 200 in 221ms (compile: 26ms, proxy.ts: 49ms, render: 146ms)
 GET /test-resilience-score 200 in 209ms (compile: 15ms, proxy.ts: 57ms, render: 136ms)
 GET /test-holding-edit-preservation 200 in 186ms (compile: 8ms, proxy.ts: 35ms, render: 143ms)
 GET /test-resilience-score 200 in 187ms (compile: 18ms, proxy.ts: 57ms, render: 112ms)
 GET /test-holding-edit-preservation 200 in 164ms (compile: 17ms, proxy.ts: 43ms, render: 103ms)
 GET /test-resilience-score 200 in 155ms (compile: 14ms, proxy.ts: 36ms, render: 106ms)
 GET /test-holding-edit-preservation 200 in 186ms (compile: 10ms, proxy.ts: 34ms, render: 142ms)
 GET /test-resilience-score 200 in 201ms (compile: 9ms, proxy.ts: 37ms, render: 155ms)
 GET /test-holding-edit-preservation 200 in 177ms (compile: 12ms, proxy.ts: 36ms, render: 130ms)
 GET /test-resilience-score 200 in 224ms (compile: 9ms, proxy.ts: 40ms, render: 176ms)
 GET /test-holding-edit-preservation 200 in 223ms (compile: 11ms, proxy.ts: 48ms, render: 164ms)
 GET /test-resilience-score 200 in 215ms (compile: 16ms, proxy.ts: 40ms, render: 159ms)
 GET /test-holding-edit-preservation 200 in 190ms (compile: 17ms, proxy.ts: 43ms, render: 130ms)
 GET /test-resilience-score 200 in 199ms (compile: 14ms, proxy.ts: 49ms, render: 137ms)
 GET /test-holding-edit-preservation 200 in 163ms (compile: 37ms, proxy.ts: 10ms, render: 115ms)
 GET /test-resilience-score 200 in 209ms (compile: 16ms, proxy.ts: 42ms, render: 150ms)
 GET /test-holding-edit-preservation 200 in 179ms (compile: 31ms, proxy.ts: 17ms, render: 130ms)
 GET /test-resilience-score 200 in 183ms (compile: 19ms, proxy.ts: 17ms, render: 148ms)
 GET /test-holding-edit-preservation 200 in 180ms (compile: 35ms, proxy.ts: 17ms, render: 128ms)
 GET /test-holding-edit-preservation 200 in 179ms (compile: 28ms, proxy.ts: 16ms, render: 135ms)
 GET /test-resilience-score 200 in 183ms (compile: 10ms, proxy.ts: 15ms, render: 158ms)
 GET /test-resilience-score 200 in 202ms (compile: 10ms, proxy.ts: 16ms, render: 176ms)
 GET /test-holding-edit-preservation 200 in 203ms (compile: 41ms, proxy.ts: 15ms, render: 147ms)
 GET /test-resilience-score 200 in 180ms (compile: 11ms, proxy.ts: 20ms, render: 150ms)
 GET /test-holding-edit-preservation 200 in 180ms (compile: 43ms, proxy.ts: 19ms, render: 118ms)
 GET /test-resilience-score 200 in 167ms (compile: 9ms, proxy.ts: 15ms, render: 143ms)
 GET /test-holding-edit-preservation 200 in 167ms (compile: 29ms, proxy.ts: 14ms, render: 124ms)
 GET /test-holding-edit-preservation 200 in 208ms (compile: 32ms, proxy.ts: 19ms, render: 157ms)
 GET /test-resilience-score 200 in 215ms (compile: 10ms, proxy.ts: 20ms, render: 185ms)
 GET /test-holding-edit-preservation 200 in 236ms (compile: 46ms, proxy.ts: 17ms, render: 174ms)
 GET /test-resilience-score 200 in 241ms (compile: 8ms, proxy.ts: 17ms, render: 216ms)
 GET /test-resilience-score 200 in 261ms (compile: 8ms, proxy.ts: 18ms, render: 234ms)
 GET /test-holding-edit-preservation 200 in 280ms (compile: 48ms, proxy.ts: 18ms, render: 214ms)
 GET /test-resilience-score 200 in 270ms (compile: 24ms, proxy.ts: 28ms, render: 219ms)
 GET /test-holding-edit-preservation 200 in 270ms (compile: 48ms, proxy.ts: 35ms, render: 188ms)
 GET /api/verify-dashboard-card-order 200 in 293ms (compile: 173ms, proxy.ts: 42ms, render: 78ms)
 GET /test-resilience-score 200 in 321ms (compile: 18ms, proxy.ts: 62ms, render: 241ms)
 GET /test-holding-edit-preservation 200 in 296ms (compile: 40ms, proxy.ts: 41ms, render: 215ms)
 GET /test-resilience-score 200 in 250ms (compile: 14ms, proxy.ts: 21ms, render: 215ms)
 GET /test-holding-edit-preservation 200 in 253ms (compile: 96ms, proxy.ts: 19ms, render: 138ms)
 GET /test-resilience-score 200 in 225ms (compile: 18ms, proxy.ts: 63ms, render: 144ms)
 GET /test-holding-edit-preservation 200 in 181ms (compile: 7ms, proxy.ts: 48ms, render: 126ms)
 GET /test-resilience-score 200 in 214ms (compile: 14ms, proxy.ts: 34ms, render: 166ms)
 GET /test-holding-edit-preservation 200 in 234ms (compile: 14ms, proxy.ts: 45ms, render: 176ms)
 GET /test-resilience-score 200 in 226ms (compile: 13ms, proxy.ts: 44ms, render: 169ms)
 GET /test-holding-edit-preservation 200 in 221ms (compile: 19ms, proxy.ts: 39ms, render: 162ms)
 GET /test-resilience-score 200 in 192ms (compile: 18ms, proxy.ts: 50ms, render: 123ms)
 GET /test-holding-edit-preservation 200 in 209ms (compile: 15ms, proxy.ts: 46ms, render: 148ms)
 GET /test-resilience-score 200 in 191ms (compile: 8ms, proxy.ts: 38ms, render: 144ms)
 GET /test-holding-edit-preservation 200 in 222ms (compile: 16ms, proxy.ts: 43ms, render: 163ms)
 GET /test-resilience-score 200 in 199ms (compile: 36ms, proxy.ts: 19ms, render: 144ms)
 GET /test-holding-edit-preservation 200 in 220ms (compile: 13ms, proxy.ts: 61ms, render: 146ms)
 GET /test-resilience-score 200 in 176ms (compile: 37ms, proxy.ts: 15ms, render: 125ms)
 GET /test-holding-edit-preservation 200 in 172ms (compile: 15ms, proxy.ts: 18ms, render: 139ms)
 GET /test-resilience-score 200 in 177ms (compile: 34ms, proxy.ts: 18ms, render: 125ms)
 GET /test-holding-edit-preservation 200 in 186ms (compile: 7ms, proxy.ts: 16ms, render: 162ms)
 GET /test-resilience-score 200 in 188ms (compile: 43ms, proxy.ts: 13ms, render: 132ms)
 GET /test-holding-edit-preservation 200 in 214ms (compile: 18ms, proxy.ts: 43ms, render: 153ms)
 GET /test-resilience-score 200 in 182ms (compile: 38ms, proxy.ts: 14ms, render: 129ms)
 GET /test-holding-edit-preservation 200 in 208ms (compile: 14ms, proxy.ts: 43ms, render: 150ms)
 GET /test-resilience-score 200 in 205ms (compile: 41ms, proxy.ts: 17ms, render: 148ms)
 GET /test-holding-edit-preservation 200 in 201ms (compile: 15ms, proxy.ts: 41ms, render: 145ms)
 GET /test-resilience-score 200 in 197ms (compile: 14ms, proxy.ts: 44ms, render: 139ms)
 GET /test-holding-edit-preservation 200 in 179ms (compile: 15ms, proxy.ts: 34ms, render: 131ms)
 GET /test-resilience-score 200 in 211ms (compile: 15ms, proxy.ts: 36ms, render: 159ms)
 GET /test-holding-edit-preservation 200 in 188ms (compile: 8ms, proxy.ts: 43ms, render: 137ms)
 GET /test-resilience-score 200 in 217ms (compile: 13ms, proxy.ts: 47ms, render: 157ms)
 GET /test-holding-edit-preservation 200 in 194ms (compile: 39ms, proxy.ts: 26ms, render: 130ms)
 GET /test-resilience-score 200 in 181ms (compile: 16ms, proxy.ts: 45ms, render: 120ms)
 GET /test-holding-edit-preservation 200 in 178ms (compile: 11ms, proxy.ts: 52ms, render: 115ms)
 GET /test-resilience-score 200 in 210ms (compile: 15ms, proxy.ts: 38ms, render: 158ms)
 GET /test-holding-edit-preservation 200 in 235ms (compile: 18ms, proxy.ts: 37ms, render: 180ms)
 GET /test-resilience-score 200 in 205ms (compile: 15ms, proxy.ts: 36ms, render: 154ms)
 GET /test-holding-edit-preservation 200 in 233ms (compile: 18ms, proxy.ts: 43ms, render: 172ms)
 GET /test-resilience-score 200 in 259ms (compile: 12ms, proxy.ts: 48ms, render: 200ms)
 GET /test-holding-edit-preservation 200 in 251ms (compile: 20ms, proxy.ts: 60ms, render: 171ms)
 GET /test-resilience-score 200 in 1294ms (compile: 26ms, proxy.ts: 54ms, render: 1213ms)
 GET /test-holding-edit-preservation 200 in 1251ms (compile: 44ms, proxy.ts: 53ms, render: 1153ms)
 GET /test-resilience-score 200 in 1250ms (compile: 12ms, proxy.ts: 43ms, render: 1195ms)
 GET /test-holding-edit-preservation 200 in 1212ms (compile: 10ms, proxy.ts: 32ms, render: 1170ms)
 GET /test-resilience-score 200 in 1235ms (compile: 9ms, proxy.ts: 1086ms, render: 140ms)
 GET /test-holding-edit-preservation 200 in 161ms (compile: 17ms, proxy.ts: 44ms, render: 100ms)
 GET /test-resilience-score 200 in 185ms (compile: 14ms, proxy.ts: 36ms, render: 135ms)
 GET /test-holding-edit-preservation 200 in 163ms (compile: 9ms, proxy.ts: 33ms, render: 121ms)
 GET /test-resilience-score 200 in 176ms (compile: 14ms, proxy.ts: 34ms, render: 128ms)
 GET /test-holding-edit-preservation 200 in 254ms (compile: 12ms, proxy.ts: 39ms, render: 203ms)
 GET /test-resilience-score 200 in 164ms (compile: 26ms, proxy.ts: 113ms, render: 25ms)
 GET /test-resilience-score 200 in 252ms (compile: 16ms, proxy.ts: 37ms, render: 199ms)
 GET /test-holding-edit-preservation 200 in 293ms (compile: 20ms, proxy.ts: 47ms, render: 226ms)
 GET /test-holding-edit-preservation 200 in 185ms (compile: 48ms, proxy.ts: 20ms, render: 117ms)
 GET /test-resilience-score 200 in 356ms (compile: 57ms, proxy.ts: 47ms, render: 252ms)
 GET /test-holding-edit-preservation 200 in 126ms (compile: 18ms, proxy.ts: 17ms, render: 91ms)
 GET /test-holding-edit-preservation 200 in 109ms (compile: 14ms, proxy.ts: 19ms, render: 76ms)
 GET /test-holding-edit-preservation 200 in 111ms (compile: 8ms, proxy.ts: 17ms, render: 87ms)
 GET /test-holding-edit-preservation 200 in 115ms (compile: 12ms, proxy.ts: 14ms, render: 90ms)
 GET /test-holding-edit-preservation 200 in 171ms (compile: 5ms, proxy.ts: 21ms, render: 145ms)
 GET /test-holding-edit-preservation 200 in 152ms (compile: 58ms, proxy.ts: 15ms, render: 79ms)
 GET /test-holding-edit-preservation 200 in 100ms (compile: 4ms, proxy.ts: 14ms, render: 82ms)
 GET /test-holding-edit-preservation 200 in 75ms (compile: 7ms, proxy.ts: 11ms, render: 58ms)
 GET /test-holding-edit-preservation 200 in 58ms (compile: 10ms, proxy.ts: 10ms, render: 38ms)
 GET /test-holding-edit-preservation 200 in 62ms (compile: 9ms, proxy.ts: 7ms, render: 47ms)
 GET /test-holding-edit-preservation 200 in 90ms (compile: 10ms, proxy.ts: 14ms, render: 66ms)
 GET /test-holding-edit-preservation 200 in 76ms (compile: 10ms, proxy.ts: 12ms, render: 54ms)
 GET /test-holding-edit-preservation 200 in 77ms (compile: 12ms, proxy.ts: 14ms, render: 50ms)
 GET /test-holding-edit-preservation 200 in 60ms (compile: 10ms, proxy.ts: 10ms, render: 40ms)
 GET /api/verify-resilience-score 200 in 600ms (compile: 52ms, proxy.ts: 14ms, render: 534ms)
 GET /test-holding-edit-preservation 200 in 84ms (compile: 8ms, proxy.ts: 7ms, render: 69ms)
 GET /test-holding-edit-preservation 200 in 44ms (compile: 5ms, proxy.ts: 10ms, render: 29ms)
 GET /test-holding-edit-preservation 200 in 34ms (compile: 7ms, proxy.ts: 6ms, render: 21ms)
 GET /test-holding-edit-preservation 200 in 91ms (compile: 4ms, proxy.ts: 10ms, render: 78ms)
 GET /test-holding-edit-preservation 200 in 66ms (compile: 9ms, proxy.ts: 7ms, render: 50ms)
 GET /test-holding-edit-preservation 200 in 39ms (compile: 6ms, proxy.ts: 6ms, render: 27ms)
 GET /test-holding-edit-preservation 200 in 45ms (compile: 8ms, proxy.ts: 6ms, render: 32ms)
 GET /test-holding-edit-preservation 200 in 50ms (compile: 8ms, proxy.ts: 6ms, render: 35ms)
 GET /test-holding-edit-preservation 200 in 50ms (compile: 9ms, proxy.ts: 9ms, render: 32ms)
 GET /test-holding-edit-preservation 200 in 55ms (compile: 8ms, proxy.ts: 9ms, render: 38ms)
 GET /test-holding-edit-preservation 200 in 50ms (compile: 7ms, proxy.ts: 10ms, render: 33ms)
 GET /test-holding-edit-preservation 200 in 43ms (compile: 6ms, proxy.ts: 6ms, render: 31ms)
 GET /test-holding-edit-preservation 200 in 56ms (compile: 5ms, proxy.ts: 12ms, render: 39ms)
 GET /test-holding-edit-preservation 200 in 74ms (compile: 13ms, proxy.ts: 10ms, render: 51ms)
 GET /test-holding-edit-preservation 200 in 40ms (compile: 6ms, proxy.ts: 5ms, render: 29ms)
 GET /test-holding-edit-preservation 200 in 65ms (compile: 7ms, proxy.ts: 5ms, render: 53ms)
 GET /test-holding-edit-preservation 200 in 51ms (compile: 8ms, proxy.ts: 8ms, render: 35ms)
 GET /test-holding-edit-preservation 200 in 65ms (compile: 10ms, proxy.ts: 8ms, render: 46ms)
 GET /test-holding-edit-preservation 200 in 67ms (compile: 10ms, proxy.ts: 9ms, render: 48ms)
 GET /test-holding-edit-preservation 200 in 64ms (compile: 10ms, proxy.ts: 9ms, render: 45ms)
 GET /test-holding-edit-preservation 200 in 78ms (compile: 10ms, proxy.ts: 11ms, render: 57ms)
 GET /test-holding-edit-preservation 200 in 46ms (compile: 8ms, proxy.ts: 10ms, render: 29ms)
 GET /test-holding-edit-preservation 200 in 40ms (compile: 7ms, proxy.ts: 8ms, render: 24ms)
 GET /test-holding-edit-preservation 200 in 82ms (compile: 8ms, proxy.ts: 9ms, render: 66ms)
 GET /test-holding-edit-preservation 200 in 91ms (compile: 9ms, proxy.ts: 8ms, render: 74ms)
 GET /test-holding-edit-preservation 200 in 86ms (compile: 6ms, proxy.ts: 14ms, render: 66ms)
 GET /test-holding-edit-preservation 200 in 47ms (compile: 8ms, proxy.ts: 10ms, render: 29ms)
 GET /test-holding-edit-preservation 200 in 76ms (compile: 6ms, proxy.ts: 6ms, render: 64ms)
 GET /test-holding-edit-preservation 200 in 59ms (compile: 8ms, proxy.ts: 7ms, render: 44ms)
 GET /test-holding-edit-preservation 200 in 107ms (compile: 8ms, proxy.ts: 10ms, render: 90ms)
 GET /test-holding-edit-preservation 200 in 100ms (compile: 9ms, proxy.ts: 8ms, render: 83ms)
 GET /test-holding-edit-preservation 200 in 51ms (compile: 10ms, proxy.ts: 9ms, render: 32ms)
 GET /login 200 in 184ms (compile: 30ms, proxy.ts: 12ms, render: 142ms)
 GET /login?redirectTo=%2Fdashboard 200 in 99ms (compile: 6ms, proxy.ts: 8ms, render: 85ms)
 GET /test-dashboard-card-order 200 in 635ms (compile: 504ms, proxy.ts: 14ms, render: 116ms)
 GET /api/verify-dashboard-card-order 200 in 20ms (compile: 4ms, proxy.ts: 8ms, render: 9ms)
 GET /api/dev-login 200 in 221ms (compile: 205ms, proxy.ts: 9ms, render: 7ms)
 GET /test-resilience-score 200 in 783ms (compile: 122ms, proxy.ts: 143ms, render: 518ms)
 GET /test-dashboard-card-order 200 in 776ms (compile: 353ms, proxy.ts: 148ms, render: 275ms)
 GET /login?redirectTo=%2Fdashboard 200 in 787ms (compile: 202ms, proxy.ts: 147ms, render: 438ms)
 GET /login 200 in 783ms (compile: 263ms, proxy.ts: 142ms, render: 378ms)
 GET /test-resilience-score 200 in 481ms (compile: 23ms, proxy.ts: 24ms, render: 434ms)
 GET /login?redirectTo=%2Fdashboard 200 in 485ms (compile: 49ms, proxy.ts: 25ms, render: 411ms)
 GET /login 200 in 484ms (compile: 83ms, proxy.ts: 25ms, render: 376ms)
 GET /test-dashboard-card-order 200 in 486ms (compile: 134ms, proxy.ts: 26ms, render: 327ms)
 GET /test-resilience-score 200 in 529ms (compile: 36ms, proxy.ts: 71ms, render: 423ms)
 GET /login?redirectTo=%2Fdashboard 200 in 496ms (compile: 127ms, proxy.ts: 43ms, render: 326ms)
 GET /login 200 in 506ms (compile: 156ms, proxy.ts: 43ms, render: 307ms)
 GET /test-dashboard-card-order 200 in 505ms (compile: 179ms, proxy.ts: 39ms, render: 287ms)
 GET /test-resilience-score 200 in 517ms (compile: 30ms, proxy.ts: 45ms, render: 443ms)
 GET /login?redirectTo=%2Fdashboard 200 in 506ms (compile: 46ms, proxy.ts: 31ms, render: 429ms)
 GET /login 200 in 500ms (compile: 73ms, proxy.ts: 24ms, render: 404ms)
 GET /test-dashboard-card-order 200 in 499ms (compile: 115ms, proxy.ts: 28ms, render: 356ms)
 GET /test-resilience-score 200 in 452ms (compile: 30ms, proxy.ts: 34ms, render: 388ms)
 GET /login?redirectTo=%2Fdashboard 200 in 453ms (compile: 65ms, proxy.ts: 36ms, render: 352ms)
 GET /test-dashboard-card-order 200 in 453ms (compile: 141ms, proxy.ts: 35ms, render: 277ms)
 GET /login 200 in 464ms (compile: 111ms, proxy.ts: 38ms, render: 316ms)
 GET /login?redirectTo=%2Fdashboard 200 in 380ms (compile: 48ms, proxy.ts: 33ms, render: 299ms)
 GET /test-resilience-score 200 in 388ms (compile: 28ms, proxy.ts: 31ms, render: 330ms)
 GET /test-dashboard-card-order 200 in 387ms (compile: 92ms, proxy.ts: 34ms, render: 261ms)
 GET /login 200 in 391ms (compile: 71ms, proxy.ts: 31ms, render: 289ms)
 GET /test-resilience-score 200 in 414ms (compile: 30ms, proxy.ts: 31ms, render: 352ms)
 GET /login?redirectTo=%2Fdashboard 200 in 405ms (compile: 43ms, proxy.ts: 28ms, render: 334ms)
 GET /login 200 in 415ms (compile: 64ms, proxy.ts: 29ms, render: 322ms)
 GET /test-dashboard-card-order 200 in 416ms (compile: 82ms, proxy.ts: 29ms, render: 304ms)
 GET /test-resilience-score 200 in 455ms (compile: 33ms, proxy.ts: 28ms, render: 394ms)
 GET /login 200 in 454ms (compile: 73ms, proxy.ts: 35ms, render: 346ms)
 GET /login?redirectTo=%2Fdashboard 200 in 458ms (compile: 52ms, proxy.ts: 28ms, render: 379ms)
 GET /test-dashboard-card-order 200 in 460ms (compile: 103ms, proxy.ts: 37ms, render: 319ms)
 GET /test-resilience-score 200 in 449ms (compile: 35ms, proxy.ts: 30ms, render: 384ms)
 GET /login?redirectTo=%2Fdashboard 200 in 449ms (compile: 61ms, proxy.ts: 33ms, render: 356ms)
 GET /login 200 in 452ms (compile: 83ms, proxy.ts: 38ms, render: 331ms)
 GET /test-dashboard-card-order 200 in 449ms (compile: 98ms, proxy.ts: 41ms, render: 311ms)
 GET /test-resilience-score 200 in 431ms (compile: 31ms, proxy.ts: 33ms, render: 368ms)
 GET /login?redirectTo=%2Fdashboard 200 in 434ms (compile: 62ms, proxy.ts: 35ms, render: 337ms)
 GET /login 200 in 428ms (compile: 94ms, proxy.ts: 34ms, render: 300ms)
 GET /test-dashboard-card-order 200 in 433ms (compile: 120ms, proxy.ts: 34ms, render: 279ms)
 GET /test-resilience-score 200 in 424ms (compile: 31ms, proxy.ts: 65ms, render: 327ms)
 GET /login?redirectTo=%2Fdashboard 200 in 385ms (compile: 61ms, proxy.ts: 27ms, render: 297ms)
 GET /login 200 in 388ms (compile: 96ms, proxy.ts: 33ms, render: 259ms)
 GET /test-dashboard-card-order 200 in 392ms (compile: 127ms, proxy.ts: 31ms, render: 234ms)
 GET /test-resilience-score 200 in 459ms (compile: 35ms, proxy.ts: 88ms, render: 337ms)
 GET /login?redirectTo=%2Fdashboard 200 in 439ms (compile: 51ms, proxy.ts: 62ms, render: 326ms)
 GET /login 200 in 411ms (compile: 68ms, proxy.ts: 35ms, render: 309ms)
 GET /test-dashboard-card-order 200 in 469ms (compile: 60ms, proxy.ts: 53ms, render: 356ms)
 GET /login?redirectTo=%2Fdashboard 200 in 462ms (compile: 68ms, proxy.ts: 61ms, render: 334ms)
 GET /test-resilience-score 200 in 485ms (compile: 38ms, proxy.ts: 67ms, render: 380ms)
 GET /login 200 in 441ms (compile: 121ms, proxy.ts: 37ms, render: 283ms)
 GET /test-dashboard-card-order 200 in 503ms (compile: 141ms, proxy.ts: 32ms, render: 329ms)
 GET /test-resilience-score 200 in 459ms (compile: 41ms, proxy.ts: 89ms, render: 329ms)
 GET /login?redirectTo=%2Fdashboard 200 in 461ms (compile: 55ms, proxy.ts: 98ms, render: 307ms)
 GET /test-dashboard-card-order 200 in 390ms (compile: 119ms, proxy.ts: 31ms, render: 239ms)
 GET /login 200 in 399ms (compile: 92ms, proxy.ts: 29ms, render: 278ms)
 GET /test-resilience-score 200 in 470ms (compile: 35ms, proxy.ts: 84ms, render: 351ms)
 GET /login?redirectTo=%2Fdashboard 200 in 470ms (compile: 57ms, proxy.ts: 91ms, render: 322ms)
 GET /test-dashboard-card-order 200 in 408ms (compile: 105ms, proxy.ts: 28ms, render: 275ms)
 GET /login 200 in 415ms (compile: 85ms, proxy.ts: 23ms, render: 307ms)
 GET /test-resilience-score 200 in 486ms (compile: 35ms, proxy.ts: 85ms, render: 367ms)
 GET /login?redirectTo=%2Fdashboard 200 in 489ms (compile: 71ms, proxy.ts: 87ms, render: 330ms)
 GET /login 200 in 444ms (compile: 108ms, proxy.ts: 33ms, render: 303ms)
 GET /test-dashboard-card-order 200 in 439ms (compile: 130ms, proxy.ts: 34ms, render: 275ms)
 GET /test-resilience-score 200 in 467ms (compile: 28ms, proxy.ts: 95ms, render: 344ms)
 GET /login?redirectTo=%2Fdashboard 200 in 466ms (compile: 62ms, proxy.ts: 96ms, render: 308ms)
 GET /login 200 in 472ms (compile: 109ms, proxy.ts: 31ms, render: 332ms)
 GET /test-dashboard-card-order 200 in 469ms (compile: 132ms, proxy.ts: 31ms, render: 306ms)
 GET /test-resilience-score 200 in 439ms (compile: 26ms, proxy.ts: 83ms, render: 329ms)
 GET /login?redirectTo=%2Fdashboard 200 in 440ms (compile: 52ms, proxy.ts: 84ms, render: 304ms)
 GET /login 200 in 388ms (compile: 88ms, proxy.ts: 27ms, render: 273ms)
 GET /test-dashboard-card-order 200 in 388ms (compile: 111ms, proxy.ts: 27ms, render: 250ms)
 GET /login?redirectTo=%2Fdashboard 200 in 433ms (compile: 55ms, proxy.ts: 80ms, render: 298ms)
 GET /test-resilience-score 200 in 440ms (compile: 35ms, proxy.ts: 74ms, render: 331ms)
 GET /login 200 in 402ms (compile: 90ms, proxy.ts: 23ms, render: 290ms)
 GET /test-dashboard-card-order 200 in 411ms (compile: 113ms, proxy.ts: 29ms, render: 269ms)
 GET /test-resilience-score 200 in 441ms (compile: 25ms, proxy.ts: 96ms, render: 320ms)
 GET /login?redirectTo=%2Fdashboard 200 in 448ms (compile: 51ms, proxy.ts: 96ms, render: 300ms)
 GET /login 200 in 381ms (compile: 72ms, proxy.ts: 31ms, render: 278ms)
 GET /test-dashboard-card-order 200 in 382ms (compile: 94ms, proxy.ts: 29ms, render: 258ms)
 GET /test-resilience-score 200 in 424ms (compile: 24ms, proxy.ts: 79ms, render: 321ms)
 GET /login?redirectTo=%2Fdashboard 200 in 380ms (compile: 48ms, proxy.ts: 36ms, render: 297ms)
 GET /login 200 in 369ms (compile: 47ms, proxy.ts: 45ms, render: 277ms)
 GET /test-dashboard-card-order 200 in 364ms (compile: 70ms, proxy.ts: 42ms, render: 253ms)
 GET /test-resilience-score 200 in 503ms (compile: 39ms, proxy.ts: 125ms, render: 340ms)
 GET /login?redirectTo=%2Fdashboard 200 in 402ms (compile: 50ms, proxy.ts: 30ms, render: 322ms)
 GET /login 200 in 399ms (compile: 65ms, proxy.ts: 30ms, render: 304ms)
 GET /test-dashboard-card-order 200 in 430ms (compile: 66ms, proxy.ts: 54ms, render: 309ms)
 GET /test-resilience-score 200 in 492ms (compile: 30ms, proxy.ts: 100ms, render: 363ms)
 GET /login?redirectTo=%2Fdashboard 200 in 411ms (compile: 57ms, proxy.ts: 24ms, render: 330ms)
 GET /login 200 in 418ms (compile: 80ms, proxy.ts: 25ms, render: 312ms)
 GET /test-dashboard-card-order 200 in 437ms (compile: 122ms, proxy.ts: 22ms, render: 293ms)
 GET /test-resilience-score 200 in 508ms (compile: 40ms, proxy.ts: 138ms, render: 331ms)
 GET /login?redirectTo=%2Fdashboard 200 in 416ms (compile: 68ms, proxy.ts: 33ms, render: 315ms)
 GET /login 200 in 409ms (compile: 89ms, proxy.ts: 33ms, render: 287ms)
 GET /test-dashboard-card-order 200 in 420ms (compile: 83ms, proxy.ts: 59ms, render: 278ms)
 GET /test-resilience-score 200 in 460ms (compile: 27ms, proxy.ts: 100ms, render: 333ms)
 GET /login?redirectTo=%2Fdashboard 200 in 418ms (compile: 58ms, proxy.ts: 26ms, render: 334ms)
 GET /login 200 in 417ms (compile: 77ms, proxy.ts: 27ms, render: 313ms)
 GET /test-dashboard-card-order 200 in 418ms (compile: 82ms, proxy.ts: 52ms, render: 284ms)
 GET /test-resilience-score 200 in 479ms (compile: 25ms, proxy.ts: 109ms, render: 345ms)
 GET /login?redirectTo=%2Fdashboard 200 in 391ms (compile: 31ms, proxy.ts: 45ms, render: 316ms)
 GET /login 200 in 391ms (compile: 55ms, proxy.ts: 44ms, render: 292ms)
 GET /test-dashboard-card-order 200 in 432ms (compile: 81ms, proxy.ts: 49ms, render: 303ms)
 GET /test-resilience-score 200 in 531ms (compile: 30ms, proxy.ts: 110ms, render: 392ms)
 GET /login?redirectTo=%2Fdashboard 200 in 483ms (compile: 59ms, proxy.ts: 61ms, render: 363ms)
 GET /login 200 in 451ms (compile: 72ms, proxy.ts: 52ms, render: 326ms)
 GET /test-dashboard-card-order 200 in 498ms (compile: 87ms, proxy.ts: 57ms, render: 355ms)
 GET /test-resilience-score 200 in 486ms (compile: 34ms, proxy.ts: 85ms, render: 367ms)
 GET /login?redirectTo=%2Fdashboard 200 in 493ms (compile: 67ms, proxy.ts: 84ms, render: 342ms)
 GET /login 200 in 427ms (compile: 106ms, proxy.ts: 27ms, render: 294ms)
 GET /test-dashboard-card-order 200 in 508ms (compile: 118ms, proxy.ts: 60ms, render: 331ms)
 GET /test-resilience-score 200 in 480ms (compile: 32ms, proxy.ts: 111ms, render: 336ms)
 GET /login?redirectTo=%2Fdashboard 200 in 481ms (compile: 48ms, proxy.ts: 113ms, render: 320ms)
 GET /login 200 in 413ms (compile: 76ms, proxy.ts: 23ms, render: 314ms)
 GET /test-dashboard-card-order 200 in 411ms (compile: 83ms, proxy.ts: 43ms, render: 286ms)
 GET /test-resilience-score 200 in 452ms (compile: 40ms, proxy.ts: 84ms, render: 328ms)
 GET /login?redirectTo=%2Fdashboard 200 in 425ms (compile: 62ms, proxy.ts: 65ms, render: 298ms)
 GET /login 200 in 400ms (compile: 103ms, proxy.ts: 38ms, render: 258ms)
 GET /test-dashboard-card-order 200 in 391ms (compile: 127ms, proxy.ts: 30ms, render: 234ms)
 GET /test-resilience-score 200 in 461ms (compile: 23ms, proxy.ts: 68ms, render: 370ms)
 GET /login?redirectTo=%2Fdashboard 200 in 444ms (compile: 50ms, proxy.ts: 45ms, render: 349ms)
 GET /login 200 in 417ms (compile: 65ms, proxy.ts: 25ms, render: 327ms)
 GET /test-dashboard-card-order 200 in 418ms (compile: 67ms, proxy.ts: 47ms, render: 304ms)
 GET /test-resilience-score 200 in 671ms (compile: 38ms, proxy.ts: 91ms, render: 542ms)
 GET /login?redirectTo=%2Fdashboard 200 in 617ms (compile: 63ms, proxy.ts: 44ms, render: 511ms)
 GET /login 200 in 613ms (compile: 102ms, proxy.ts: 38ms, render: 472ms)
 GET /test-dashboard-card-order 200 in 613ms (compile: 134ms, proxy.ts: 62ms, render: 417ms)
 GET /test-resilience-score 200 in 691ms (compile: 30ms, proxy.ts: 111ms, render: 550ms)
 GET /login?redirectTo=%2Fdashboard 200 in 594ms (compile: 42ms, proxy.ts: 23ms, render: 528ms)
 GET /login 200 in 608ms (compile: 65ms, proxy.ts: 21ms, render: 522ms)
 GET /test-dashboard-card-order 200 in 614ms (compile: 260ms, proxy.ts: 22ms, render: 333ms)
 GET /test-resilience-score 200 in 480ms (compile: 33ms, proxy.ts: 89ms, render: 357ms)
 GET /login?redirectTo=%2Fdashboard 200 in 494ms (compile: 60ms, proxy.ts: 85ms, render: 348ms)
 GET /login 200 in 463ms (compile: 85ms, proxy.ts: 34ms, render: 344ms)
 GET /test-dashboard-card-order 200 in 489ms (compile: 116ms, proxy.ts: 29ms, render: 343ms)
 GET /test-resilience-score 200 in 491ms (compile: 54ms, proxy.ts: 116ms, render: 321ms)
 GET /login?redirectTo=%2Fdashboard 200 in 470ms (compile: 70ms, proxy.ts: 101ms, render: 299ms)
 GET /test-dashboard-card-order 200 in 438ms (compile: 94ms, proxy.ts: 45ms, render: 298ms)
 GET /login 200 in 454ms (compile: 80ms, proxy.ts: 53ms, render: 321ms)
 GET /test-resilience-score 200 in 459ms (compile: 35ms, proxy.ts: 62ms, render: 362ms)
 GET /login?redirectTo=%2Fdashboard 200 in 461ms (compile: 53ms, proxy.ts: 78ms, render: 330ms)
 GET /login 200 in 452ms (compile: 56ms, proxy.ts: 63ms, render: 334ms)
 GET /test-dashboard-card-order 200 in 444ms (compile: 80ms, proxy.ts: 55ms, render: 309ms)
 GET /test-resilience-score 200 in 514ms (compile: 37ms, proxy.ts: 85ms, render: 392ms)
 GET /login?redirectTo=%2Fdashboard 200 in 507ms (compile: 71ms, proxy.ts: 95ms, render: 341ms)
 GET /login 200 in 439ms (compile: 58ms, proxy.ts: 65ms, render: 316ms)
 GET /test-dashboard-card-order 200 in 472ms (compile: 79ms, proxy.ts: 73ms, render: 320ms)
 GET /test-resilience-score 200 in 457ms (compile: 34ms, proxy.ts: 83ms, render: 341ms)
 GET /login?redirectTo=%2Fdashboard 200 in 435ms (compile: 57ms, proxy.ts: 66ms, render: 313ms)
 GET /login 200 in 398ms (compile: 95ms, proxy.ts: 55ms, render: 248ms)
 GET /test-dashboard-card-order 200 in 450ms (compile: 134ms, proxy.ts: 51ms, render: 264ms)
 GET /test-resilience-score 200 in 441ms (compile: 33ms, proxy.ts: 104ms, render: 304ms)
 GET /login?redirectTo=%2Fdashboard 200 in 375ms (compile: 55ms, proxy.ts: 48ms, render: 272ms)
 GET /login 200 in 376ms (compile: 79ms, proxy.ts: 24ms, render: 272ms)
 GET /test-dashboard-card-order 200 in 378ms (compile: 64ms, proxy.ts: 59ms, render: 255ms)
 GET /test-resilience-score 200 in 332ms (compile: 26ms, proxy.ts: 61ms, render: 245ms)
 GET /login?redirectTo=%2Fdashboard 200 in 309ms (compile: 47ms, proxy.ts: 44ms, render: 217ms)
 GET /login 200 in 280ms (compile: 81ms, proxy.ts: 20ms, render: 179ms)
 GET /test-dashboard-card-order 200 in 277ms (compile: 114ms, proxy.ts: 22ms, render: 141ms)
 GET /test-resilience-score 200 in 188ms (compile: 19ms, proxy.ts: 82ms, render: 86ms)
✓ Compiled in 265ms
 GET /test-resilience-score 200 in 603ms (compile: 191ms, proxy.ts: 36ms, render: 376ms)
 GET /login?redirectTo=%2Fdashboard 200 in 711ms (compile: 303ms, proxy.ts: 54ms, render: 354ms)
 GET /login 200 in 676ms (compile: 331ms, proxy.ts: 22ms, render: 323ms)
 GET /test-dashboard-card-order 200 in 669ms (compile: 338ms, proxy.ts: 41ms, render: 289ms)
 GET /test-resilience-score 200 in 393ms (compile: 21ms, proxy.ts: 16ms, render: 355ms)
 GET /login 200 in 394ms (compile: 90ms, proxy.ts: 20ms, render: 283ms)
 GET /login?redirectTo=%2Fdashboard 200 in 397ms (compile: 53ms, proxy.ts: 18ms, render: 327ms)
 GET /test-dashboard-card-order 200 in 413ms (compile: 128ms, proxy.ts: 21ms, render: 264ms)
 GET /login?redirectTo=%2Fdashboard 200 in 398ms (compile: 54ms, proxy.ts: 27ms, render: 317ms)
 GET /test-resilience-score 200 in 405ms (compile: 24ms, proxy.ts: 24ms, render: 357ms)
 GET /login 200 in 407ms (compile: 78ms, proxy.ts: 29ms, render: 299ms)
 GET /test-dashboard-card-order 200 in 410ms (compile: 115ms, proxy.ts: 28ms, render: 267ms)
 GET /test-resilience-score 200 in 468ms (compile: 45ms, proxy.ts: 47ms, render: 376ms)
 GET /login?redirectTo=%2Fdashboard 200 in 454ms (compile: 63ms, proxy.ts: 39ms, render: 352ms)
 GET /login 200 in 458ms (compile: 97ms, proxy.ts: 40ms, render: 321ms)
 GET /test-dashboard-card-order 200 in 452ms (compile: 115ms, proxy.ts: 43ms, render: 294ms)
 GET /test-resilience-score 200 in 445ms (compile: 35ms, proxy.ts: 56ms, render: 354ms)
 GET /login 200 in 413ms (compile: 85ms, proxy.ts: 28ms, render: 299ms)
 GET /login?redirectTo=%2Fdashboard 200 in 428ms (compile: 61ms, proxy.ts: 32ms, render: 335ms)
 GET /test-dashboard-card-order 200 in 421ms (compile: 153ms, proxy.ts: 32ms, render: 236ms)
 GET /login?redirectTo=%2Fdashboard 200 in 434ms (compile: 59ms, proxy.ts: 56ms, render: 319ms)
 GET /test-resilience-score 200 in 440ms (compile: 22ms, proxy.ts: 56ms, render: 362ms)
 GET /login 200 in 418ms (compile: 76ms, proxy.ts: 31ms, render: 311ms)
 GET /test-dashboard-card-order 200 in 494ms (compile: 110ms, proxy.ts: 29ms, render: 356ms)
 GET /test-resilience-score 200 in 479ms (compile: 34ms, proxy.ts: 50ms, render: 396ms)
 GET /login?redirectTo=%2Fdashboard 200 in 481ms (compile: 65ms, proxy.ts: 50ms, render: 365ms)
 GET /login 200 in 465ms (compile: 100ms, proxy.ts: 31ms, render: 334ms)
 GET /test-dashboard-card-order 200 in 521ms (compile: 127ms, proxy.ts: 34ms, render: 360ms)
 GET /test-resilience-score 200 in 470ms (compile: 37ms, proxy.ts: 59ms, render: 373ms)
 GET /login?redirectTo=%2Fdashboard 200 in 483ms (compile: 54ms, proxy.ts: 74ms, render: 355ms)
 GET /login 200 in 486ms (compile: 98ms, proxy.ts: 73ms, render: 315ms)
 GET /test-dashboard-card-order 200 in 505ms (compile: 109ms, proxy.ts: 63ms, render: 333ms)
 GET /test-resilience-score 200 in 456ms (compile: 42ms, proxy.ts: 95ms, render: 319ms)
 GET /login?redirectTo=%2Fdashboard 200 in 425ms (compile: 58ms, proxy.ts: 67ms, render: 300ms)
 GET /login 200 in 426ms (compile: 80ms, proxy.ts: 75ms, render: 271ms)
 GET /test-dashboard-card-order 200 in 448ms (compile: 56ms, proxy.ts: 86ms, render: 306ms)
 GET /test-resilience-score 200 in 439ms (compile: 38ms, proxy.ts: 66ms, render: 335ms)
 GET /login?redirectTo=%2Fdashboard 200 in 439ms (compile: 57ms, proxy.ts: 72ms, render: 309ms)
 GET /login 200 in 433ms (compile: 83ms, proxy.ts: 68ms, render: 282ms)
 GET /test-dashboard-card-order 200 in 460ms (compile: 40ms, proxy.ts: 86ms, render: 334ms)
 GET /test-resilience-score 200 in 467ms (compile: 30ms, proxy.ts: 64ms, render: 373ms)
 GET /login?redirectTo=%2Fdashboard 200 in 445ms (compile: 56ms, proxy.ts: 43ms, render: 346ms)
 GET /login 200 in 452ms (compile: 92ms, proxy.ts: 52ms, render: 307ms)
 GET /test-dashboard-card-order 200 in 509ms (compile: 56ms, proxy.ts: 101ms, render: 353ms)
 GET /login?redirectTo=%2Fdashboard 200 in 485ms (compile: 58ms, proxy.ts: 69ms, render: 358ms)
 GET /test-resilience-score 200 in 527ms (compile: 34ms, proxy.ts: 95ms, render: 398ms)
 GET /login 200 in 497ms (compile: 89ms, proxy.ts: 75ms, render: 333ms)
 GET /test-dashboard-card-order 200 in 535ms (compile: 59ms, proxy.ts: 93ms, render: 382ms)
 GET /login?redirectTo=%2Fdashboard 200 in 515ms (compile: 48ms, proxy.ts: 59ms, render: 407ms)
 GET /test-resilience-score 200 in 522ms (compile: 26ms, proxy.ts: 59ms, render: 437ms)
 GET /login 200 in 559ms (compile: 102ms, proxy.ts: 63ms, render: 395ms)
 GET /test-dashboard-card-order 200 in 548ms (compile: 71ms, proxy.ts: 100ms, render: 377ms)
 GET /test-resilience-score 200 in 501ms (compile: 44ms, proxy.ts: 106ms, render: 352ms)
 GET /login?redirectTo=%2Fdashboard 200 in 497ms (compile: 66ms, proxy.ts: 90ms, render: 341ms)
 GET /login 200 in 498ms (compile: 104ms, proxy.ts: 81ms, render: 313ms)
 GET /test-dashboard-card-order 200 in 465ms (compile: 70ms, proxy.ts: 106ms, render: 289ms)
 GET /test-resilience-score 200 in 425ms (compile: 78ms, proxy.ts: 69ms, render: 278ms)
 GET /login?redirectTo=%2Fdashboard 200 in 411ms (compile: 55ms, proxy.ts: 84ms, render: 272ms)
 GET /login 200 in 456ms (compile: 56ms, proxy.ts: 109ms, render: 291ms)
 GET /test-dashboard-card-order 200 in 433ms (compile: 54ms, proxy.ts: 55ms, render: 324ms)
 GET /test-resilience-score 200 in 474ms (compile: 42ms, proxy.ts: 58ms, render: 374ms)
 GET /login?redirectTo=%2Fdashboard 200 in 476ms (compile: 37ms, proxy.ts: 46ms, render: 393ms)
 GET /login 200 in 509ms (compile: 49ms, proxy.ts: 62ms, render: 398ms)
 GET /test-dashboard-card-order 200 in 530ms (compile: 60ms, proxy.ts: 44ms, render: 426ms)
 GET /test-resilience-score 200 in 512ms (compile: 59ms, proxy.ts: 60ms, render: 393ms)
 GET /login?redirectTo=%2Fdashboard 200 in 504ms (compile: 78ms, proxy.ts: 55ms, render: 371ms)
 GET /login 200 in 535ms (compile: 92ms, proxy.ts: 95ms, render: 348ms)
 GET /test-dashboard-card-order 200 in 544ms (compile: 89ms, proxy.ts: 93ms, render: 362ms)
 GET /test-resilience-score 200 in 501ms (compile: 66ms, proxy.ts: 101ms, render: 334ms)
 GET /login?redirectTo=%2Fdashboard 200 in 435ms (compile: 54ms, proxy.ts: 83ms, render: 298ms)
 GET /login 200 in 480ms (compile: 53ms, proxy.ts: 92ms, render: 335ms)
 GET /test-dashboard-card-order 200 in 497ms (compile: 25ms, proxy.ts: 85ms, render: 387ms)
 GET /test-resilience-score 200 in 488ms (compile: 51ms, proxy.ts: 80ms, render: 357ms)
 GET /login?redirectTo=%2Fdashboard 200 in 469ms (compile: 88ms, proxy.ts: 18ms, render: 363ms)
 GET /login 200 in 500ms (compile: 66ms, proxy.ts: 79ms, render: 355ms)
 GET /test-dashboard-card-order 200 in 521ms (compile: 31ms, proxy.ts: 105ms, render: 385ms)
 GET /test-resilience-score 200 in 486ms (compile: 53ms, proxy.ts: 79ms, render: 354ms)
 GET /login?redirectTo=%2Fdashboard 200 in 439ms (compile: 94ms, proxy.ts: 30ms, render: 315ms)
 GET /login 200 in 481ms (compile: 66ms, proxy.ts: 86ms, render: 328ms)
 GET /test-dashboard-card-order 200 in 456ms (compile: 33ms, proxy.ts: 86ms, render: 337ms)
 GET /test-resilience-score 200 in 433ms (compile: 58ms, proxy.ts: 70ms, render: 306ms)
 GET /login?redirectTo=%2Fdashboard 200 in 396ms (compile: 86ms, proxy.ts: 34ms, render: 277ms)
 GET /login 200 in 440ms (compile: 61ms, proxy.ts: 86ms, render: 294ms)
 GET /test-resilience-score 200 in 373ms (compile: 46ms, proxy.ts: 80ms, render: 248ms)
 GET /test-dashboard-card-order 200 in 410ms (compile: 47ms, proxy.ts: 88ms, render: 275ms)
 GET /login?redirectTo=%2Fdashboard 200 in 368ms (compile: 77ms, proxy.ts: 75ms, render: 216ms)
 GET /login 200 in 370ms (compile: 44ms, proxy.ts: 74ms, render: 253ms)
 GET /test-resilience-score 200 in 332ms (compile: 44ms, proxy.ts: 55ms, render: 232ms)
 GET /test-dashboard-card-order 200 in 355ms (compile: 27ms, proxy.ts: 69ms, render: 260ms)
 GET /login?redirectTo=%2Fdashboard 200 in 303ms (compile: 66ms, proxy.ts: 25ms, render: 212ms)
 GET /login 200 in 347ms (compile: 40ms, proxy.ts: 65ms, render: 242ms)
 GET /test-dashboard-card-order 200 in 349ms (compile: 22ms, proxy.ts: 55ms, render: 272ms)
 GET /test-resilience-score 200 in 349ms (compile: 41ms, proxy.ts: 55ms, render: 253ms)
 GET /login?redirectTo=%2Fdashboard 200 in 377ms (compile: 72ms, proxy.ts: 22ms, render: 283ms)
 GET /login 200 in 415ms (compile: 36ms, proxy.ts: 70ms, render: 309ms)
 GET /test-dashboard-card-order 200 in 443ms (compile: 27ms, proxy.ts: 60ms, render: 356ms)
 GET /test-resilience-score 200 in 442ms (compile: 49ms, proxy.ts: 58ms, render: 335ms)
 GET /login?redirectTo=%2Fdashboard 200 in 457ms (compile: 68ms, proxy.ts: 28ms, render: 362ms)
 GET /login 200 in 494ms (compile: 50ms, proxy.ts: 69ms, render: 375ms)
 GET /test-dashboard-card-order 200 in 484ms (compile: 66ms, proxy.ts: 43ms, render: 375ms)
 GET /test-resilience-score 200 in 522ms (compile: 88ms, proxy.ts: 70ms, render: 363ms)
 GET /login?redirectTo=%2Fdashboard 200 in 509ms (compile: 65ms, proxy.ts: 86ms, render: 358ms)
 GET /login 200 in 514ms (compile: 68ms, proxy.ts: 106ms, render: 341ms)
 GET /test-dashboard-card-order 200 in 465ms (compile: 63ms, proxy.ts: 68ms, render: 335ms)
 GET /test-resilience-score 200 in 486ms (compile: 76ms, proxy.ts: 98ms, render: 311ms)
 GET /login?redirectTo=%2Fdashboard 200 in 433ms (compile: 69ms, proxy.ts: 73ms, render: 291ms)
 GET /login 200 in 465ms (compile: 59ms, proxy.ts: 109ms, render: 297ms)
 GET /test-dashboard-card-order 200 in 406ms (compile: 63ms, proxy.ts: 57ms, render: 286ms)
 GET /test-resilience-score 200 in 425ms (compile: 65ms, proxy.ts: 97ms, render: 263ms)
 GET /login?redirectTo=%2Fdashboard 200 in 389ms (compile: 44ms, proxy.ts: 65ms, render: 279ms)
 GET /login 200 in 403ms (compile: 52ms, proxy.ts: 86ms, render: 265ms)
 GET /test-dashboard-card-order 200 in 360ms (compile: 44ms, proxy.ts: 49ms, render: 267ms)
 GET /test-resilience-score 200 in 385ms (compile: 42ms, proxy.ts: 76ms, render: 266ms)
 GET /login?redirectTo=%2Fdashboard 200 in 321ms (compile: 56ms, proxy.ts: 42ms, render: 223ms)
 GET /login 200 in 364ms (compile: 52ms, proxy.ts: 78ms, render: 234ms)
 GET /test-dashboard-card-order 200 in 332ms (compile: 55ms, proxy.ts: 61ms, render: 216ms)
 GET /test-resilience-score 200 in 320ms (compile: 63ms, proxy.ts: 67ms, render: 190ms)
 GET /login?redirectTo=%2Fdashboard 200 in 583ms (compile: 34ms, proxy.ts: 63ms, render: 486ms)
 GET /login 200 in 657ms (compile: 42ms, proxy.ts: 65ms, render: 549ms)
 GET /login 200 in 547ms (compile: 47ms, proxy.ts: 61ms, render: 440ms)
 GET /test-dashboard-card-order 200 in 686ms (compile: 44ms, proxy.ts: 41ms, render: 601ms)
 GET /test-resilience-score 200 in 684ms (compile: 62ms, proxy.ts: 40ms, render: 582ms)
 GET /login?redirectTo=%2Fdashboard 200 in 724ms (compile: 57ms, proxy.ts: 40ms, render: 627ms)
 GET /test-dashboard-card-order 200 in 732ms (compile: 330ms, proxy.ts: 43ms, render: 360ms)
 GET /test-resilience-score 200 in 732ms (compile: 356ms, proxy.ts: 44ms, render: 333ms)
 GET /login?redirectTo=%2Fdashboard 200 in 961ms (compile: 103ms, proxy.ts: 329ms, render: 529ms)
 GET /test-dashboard-card-order 200 in 598ms (compile: 65ms, proxy.ts: 57ms, render: 477ms)
 GET /test-resilience-score 200 in 597ms (compile: 87ms, proxy.ts: 55ms, render: 455ms)
 GET /test-budget-form-state/interactive 200 in 1821ms (compile: 784ms, proxy.ts: 99ms, render: 938ms)
 GET /login?redirectTo=%2Fdashboard 200 in 581ms (compile: 87ms, proxy.ts: 58ms, render: 436ms)
 GET /test-dashboard-card-order 200 in 517ms (compile: 41ms, proxy.ts: 57ms, render: 419ms)
 GET /test-resilience-score 200 in 525ms (compile: 217ms, proxy.ts: 67ms, render: 240ms)
 GET /login?redirectTo=%2Fdashboard 200 in 500ms (compile: 86ms, proxy.ts: 219ms, render: 195ms)
 GET /test-dashboard-card-order 200 in 300ms (compile: 27ms, proxy.ts: 50ms, render: 223ms)
 GET /test-resilience-score 200 in 299ms (compile: 42ms, proxy.ts: 51ms, render: 206ms)
 GET /login?redirectTo=%2Fdashboard 200 in 297ms (compile: 41ms, proxy.ts: 48ms, render: 208ms)
 GET /test-dashboard-card-order 200 in 302ms (compile: 23ms, proxy.ts: 42ms, render: 237ms)
 GET /test-resilience-score 200 in 305ms (compile: 38ms, proxy.ts: 47ms, render: 219ms)
 GET /login?redirectTo=%2Fdashboard 200 in 317ms (compile: 55ms, proxy.ts: 41ms, render: 221ms)
 GET /test-dashboard-card-order 200 in 321ms (compile: 26ms, proxy.ts: 52ms, render: 244ms)
 GET /test-resilience-score 200 in 322ms (compile: 46ms, proxy.ts: 55ms, render: 221ms)
 GET /login?redirectTo=%2Fdashboard 200 in 300ms (compile: 49ms, proxy.ts: 44ms, render: 207ms)
 GET /test-dashboard-card-order 200 in 278ms (compile: 31ms, proxy.ts: 46ms, render: 201ms)
 GET /test-resilience-score 200 in 275ms (compile: 56ms, proxy.ts: 51ms, render: 168ms)
 GET /login?redirectTo=%2Fdashboard 200 in 289ms (compile: 46ms, proxy.ts: 60ms, render: 183ms)
 GET /test-dashboard-card-order 200 in 253ms (compile: 16ms, proxy.ts: 48ms, render: 188ms)
 GET /test-resilience-score 200 in 252ms (compile: 39ms, proxy.ts: 45ms, render: 168ms)
 GET /login?redirectTo=%2Fdashboard 200 in 286ms (compile: 31ms, proxy.ts: 35ms, render: 220ms)
 GET /test-dashboard-card-order 200 in 282ms (compile: 19ms, proxy.ts: 33ms, render: 231ms)
 GET /test-resilience-score 200 in 283ms (compile: 30ms, proxy.ts: 37ms, render: 217ms)
 GET /login?redirectTo=%2Fdashboard 200 in 273ms (compile: 46ms, proxy.ts: 32ms, render: 194ms)
 GET /test-dashboard-card-order 200 in 332ms (compile: 23ms, proxy.ts: 40ms, render: 269ms)
 GET /test-resilience-score 200 in 336ms (compile: 46ms, proxy.ts: 47ms, render: 244ms)
 GET /login?redirectTo=%2Fdashboard 200 in 321ms (compile: 51ms, proxy.ts: 52ms, render: 218ms)
 GET /test-dashboard-card-order 200 in 343ms (compile: 34ms, proxy.ts: 46ms, render: 263ms)
 GET /test-resilience-score 200 in 339ms (compile: 62ms, proxy.ts: 48ms, render: 229ms)
 GET /login?redirectTo=%2Fdashboard 200 in 315ms (compile: 92ms, proxy.ts: 29ms, render: 194ms)
 GET /test-dashboard-card-order 200 in 320ms (compile: 22ms, proxy.ts: 54ms, render: 244ms)
 GET /test-resilience-score 200 in 319ms (compile: 53ms, proxy.ts: 56ms, render: 211ms)
 GET /login?redirectTo=%2Fdashboard 200 in 292ms (compile: 78ms, proxy.ts: 24ms, render: 190ms)
 GET /test-resilience-score 200 in 314ms (compile: 42ms, proxy.ts: 25ms, render: 246ms)
 GET /test-dashboard-card-order 200 in 349ms (compile: 22ms, proxy.ts: 51ms, render: 276ms)
 GET /login?redirectTo=%2Fdashboard 200 in 321ms (compile: 65ms, proxy.ts: 27ms, render: 230ms)
 GET /test-dashboard-card-order 200 in 345ms (compile: 22ms, proxy.ts: 61ms, render: 262ms)
 GET /test-resilience-score 200 in 319ms (compile: 44ms, proxy.ts: 30ms, render: 245ms)
 GET /login?redirectTo=%2Fdashboard 200 in 315ms (compile: 105ms, proxy.ts: 26ms, render: 184ms)
 GET /test-dashboard-card-order 200 in 303ms (compile: 18ms, proxy.ts: 54ms, render: 231ms)
 GET /test-resilience-score 200 in 272ms (compile: 50ms, proxy.ts: 24ms, render: 198ms)
 GET /login?redirectTo=%2Fdashboard 200 in 329ms (compile: 76ms, proxy.ts: 22ms, render: 232ms)
 GET /test-dashboard-card-order 200 in 289ms (compile: 24ms, proxy.ts: 40ms, render: 226ms)
 GET /test-resilience-score 200 in 291ms (compile: 54ms, proxy.ts: 40ms, render: 197ms)
 GET /login?redirectTo=%2Fdashboard 200 in 270ms (compile: 75ms, proxy.ts: 22ms, render: 173ms)
 GET /test-dashboard-card-order 200 in 273ms (compile: 18ms, proxy.ts: 43ms, render: 212ms)
 GET /test-resilience-score 200 in 276ms (compile: 40ms, proxy.ts: 49ms, render: 187ms)
 GET /login?redirectTo=%2Fdashboard 200 in 245ms (compile: 48ms, proxy.ts: 40ms, render: 157ms)
 GET /test-dashboard-card-order 200 in 304ms (compile: 26ms, proxy.ts: 44ms, render: 234ms)
 GET /test-resilience-score 200 in 303ms (compile: 37ms, proxy.ts: 49ms, render: 218ms)
 GET /login?redirectTo=%2Fdashboard 200 in 282ms (compile: 59ms, proxy.ts: 18ms, render: 205ms)
 GET /test-dashboard-card-order 200 in 354ms (compile: 18ms, proxy.ts: 45ms, render: 291ms)
 GET /test-resilience-score 200 in 352ms (compile: 42ms, proxy.ts: 45ms, render: 266ms)
 GET /login?redirectTo=%2Fdashboard 200 in 328ms (compile: 78ms, proxy.ts: 15ms, render: 236ms)
 GET /test-dashboard-card-order 200 in 366ms (compile: 22ms, proxy.ts: 71ms, render: 273ms)
 GET /test-resilience-score 200 in 366ms (compile: 52ms, proxy.ts: 73ms, render: 241ms)
 GET /login?redirectTo=%2Fdashboard 200 in 319ms (compile: 98ms, proxy.ts: 22ms, render: 199ms)
 GET /test-dashboard-card-order 200 in 327ms (compile: 17ms, proxy.ts: 57ms, render: 253ms)
 GET /test-resilience-score 200 in 328ms (compile: 49ms, proxy.ts: 57ms, render: 222ms)
 GET /login?redirectTo=%2Fdashboard 200 in 298ms (compile: 92ms, proxy.ts: 16ms, render: 191ms)
 GET /test-dashboard-card-order 200 in 321ms (compile: 18ms, proxy.ts: 47ms, render: 256ms)
 GET /test-resilience-score 200 in 323ms (compile: 44ms, proxy.ts: 48ms, render: 231ms)
 GET /login?redirectTo=%2Fdashboard 200 in 334ms (compile: 45ms, proxy.ts: 48ms, render: 242ms)
 GET /test-dashboard-card-order 200 in 338ms (compile: 24ms, proxy.ts: 63ms, render: 252ms)
 GET /test-resilience-score 200 in 341ms (compile: 52ms, proxy.ts: 67ms, render: 222ms)
 GET /login?redirectTo=%2Fdashboard 200 in 286ms (compile: 82ms, proxy.ts: 18ms, render: 186ms)
 GET /test-dashboard-card-order 200 in 322ms (compile: 24ms, proxy.ts: 43ms, render: 254ms)
 GET /test-resilience-score 200 in 299ms (compile: 49ms, proxy.ts: 22ms, render: 227ms)
 GET /login?redirectTo=%2Fdashboard 200 in 296ms (compile: 77ms, proxy.ts: 15ms, render: 204ms)
 GET /test-dashboard-card-order 200 in 349ms (compile: 29ms, proxy.ts: 51ms, render: 269ms)
 GET /test-resilience-score 200 in 330ms (compile: 51ms, proxy.ts: 21ms, render: 259ms)
 GET /login?redirectTo=%2Fdashboard 200 in 334ms (compile: 85ms, proxy.ts: 23ms, render: 227ms)
 GET /test-dashboard-card-order 200 in 363ms (compile: 29ms, proxy.ts: 45ms, render: 288ms)
 GET /test-resilience-score 200 in 345ms (compile: 66ms, proxy.ts: 31ms, render: 247ms)
 GET /login?redirectTo=%2Fdashboard 200 in 365ms (compile: 41ms, proxy.ts: 73ms, render: 251ms)
 GET /test-dashboard-card-order 200 in 338ms (compile: 28ms, proxy.ts: 71ms, render: 238ms)
 GET /test-resilience-score 200 in 299ms (compile: 55ms, proxy.ts: 39ms, render: 206ms)
 GET /login?redirectTo=%2Fdashboard 200 in 287ms (compile: 48ms, proxy.ts: 61ms, render: 177ms)
 GET /test-dashboard-card-order 200 in 310ms (compile: 19ms, proxy.ts: 51ms, render: 241ms)
 GET /test-resilience-score 200 in 283ms (compile: 38ms, proxy.ts: 28ms, render: 217ms)
 GET /login?redirectTo=%2Fdashboard 200 in 276ms (compile: 40ms, proxy.ts: 43ms, render: 193ms)
 GET /test-dashboard-card-order 200 in 340ms (compile: 25ms, proxy.ts: 47ms, render: 268ms)
 GET /test-resilience-score 200 in 314ms (compile: 42ms, proxy.ts: 24ms, render: 248ms)
 GET /login?redirectTo=%2Fdashboard 200 in 309ms (compile: 81ms, proxy.ts: 20ms, render: 208ms)
 GET /test-dashboard-card-order 200 in 337ms (compile: 20ms, proxy.ts: 53ms, render: 264ms)
 GET /test-resilience-score 200 in 310ms (compile: 44ms, proxy.ts: 24ms, render: 242ms)
 GET /login?redirectTo=%2Fdashboard 200 in 310ms (compile: 94ms, proxy.ts: 18ms, render: 198ms)
 GET /test-dashboard-card-order 200 in 336ms (compile: 19ms, proxy.ts: 53ms, render: 263ms)
 GET /test-resilience-score 200 in 304ms (compile: 39ms, proxy.ts: 25ms, render: 240ms)
 GET /login?redirectTo=%2Fdashboard 200 in 308ms (compile: 72ms, proxy.ts: 21ms, render: 215ms)
 GET /test-dashboard-card-order 200 in 373ms (compile: 24ms, proxy.ts: 58ms, render: 291ms)
 GET /test-resilience-score 200 in 347ms (compile: 51ms, proxy.ts: 31ms, render: 265ms)
 GET /login?redirectTo=%2Fdashboard 200 in 354ms (compile: 87ms, proxy.ts: 29ms, render: 238ms)
 GET /test-dashboard-card-order 200 in 366ms (compile: 19ms, proxy.ts: 59ms, render: 287ms)
 GET /test-resilience-score 200 in 339ms (compile: 56ms, proxy.ts: 28ms, render: 254ms)
 GET /login?redirectTo=%2Fdashboard 200 in 337ms (compile: 104ms, proxy.ts: 21ms, render: 212ms)
 GET /test-dashboard-card-order 200 in 350ms (compile: 27ms, proxy.ts: 67ms, render: 255ms)
 GET /test-resilience-score 200 in 315ms (compile: 49ms, proxy.ts: 35ms, render: 231ms)
 GET /login?redirectTo=%2Fdashboard 200 in 311ms (compile: 79ms, proxy.ts: 31ms, render: 201ms)
 GET /test-resilience-score 200 in 292ms (compile: 46ms, proxy.ts: 19ms, render: 226ms)
 GET /test-dashboard-card-order 200 in 318ms (compile: 23ms, proxy.ts: 39ms, render: 256ms)
 GET /login?redirectTo=%2Fdashboard 200 in 295ms (compile: 73ms, proxy.ts: 23ms, render: 198ms)
 GET /test-dashboard-card-order 200 in 318ms (compile: 27ms, proxy.ts: 63ms, render: 227ms)
 GET /test-resilience-score 200 in 286ms (compile: 40ms, proxy.ts: 40ms, render: 206ms)
 GET /login?redirectTo=%2Fdashboard 200 in 277ms (compile: 63ms, proxy.ts: 27ms, render: 187ms)
 GET /test-dashboard-card-order 200 in 305ms (compile: 25ms, proxy.ts: 45ms, render: 235ms)
 GET /test-resilience-score 200 in 310ms (compile: 44ms, proxy.ts: 55ms, render: 211ms)
 GET /login?redirectTo=%2Fdashboard 200 in 275ms (compile: 44ms, proxy.ts: 42ms, render: 188ms)
 GET /test-resilience-score 200 in 306ms (compile: 49ms, proxy.ts: 53ms, render: 204ms)
 GET /test-dashboard-card-order 200 in 313ms (compile: 26ms, proxy.ts: 47ms, render: 239ms)
 GET /login?redirectTo=%2Fdashboard 200 in 278ms (compile: 76ms, proxy.ts: 18ms, render: 185ms)
 GET /test-resilience-score 200 in 306ms (compile: 44ms, proxy.ts: 53ms, render: 209ms)
 GET /test-dashboard-card-order 200 in 313ms (compile: 19ms, proxy.ts: 52ms, render: 241ms)
 GET /login?redirectTo=%2Fdashboard 200 in 282ms (compile: 71ms, proxy.ts: 26ms, render: 186ms)
 GET /test-resilience-score 200 in 306ms (compile: 45ms, proxy.ts: 50ms, render: 211ms)
 GET /test-dashboard-card-order 200 in 310ms (compile: 22ms, proxy.ts: 50ms, render: 238ms)
 GET /login?redirectTo=%2Fdashboard 200 in 276ms (compile: 71ms, proxy.ts: 21ms, render: 184ms)
 GET /test-dashboard-card-order 200 in 292ms (compile: 12ms, proxy.ts: 61ms, render: 219ms)
 GET /test-resilience-score 200 in 291ms (compile: 52ms, proxy.ts: 60ms, render: 179ms)
 GET /login?redirectTo=%2Fdashboard 200 in 255ms (compile: 14ms, proxy.ts: 86ms, render: 154ms)
 GET /test-dashboard-card-order 200 in 290ms (compile: 13ms, proxy.ts: 38ms, render: 240ms)
 GET /test-resilience-score 200 in 290ms (compile: 39ms, proxy.ts: 37ms, render: 214ms)
 GET /login?redirectTo=%2Fdashboard 200 in 272ms (compile: 69ms, proxy.ts: 10ms, render: 192ms)
 GET /test-dashboard-card-order 200 in 329ms (compile: 20ms, proxy.ts: 40ms, render: 269ms)
 GET /test-resilience-score 200 in 336ms (compile: 40ms, proxy.ts: 44ms, render: 253ms)
 GET /login?redirectTo=%2Fdashboard 200 in 314ms (compile: 77ms, proxy.ts: 19ms, render: 218ms)
 GET /test-dashboard-card-order 200 in 353ms (compile: 18ms, proxy.ts: 67ms, render: 268ms)
 GET /test-resilience-score 200 in 357ms (compile: 45ms, proxy.ts: 71ms, render: 242ms)
 GET /login?redirectTo=%2Fdashboard 200 in 320ms (compile: 50ms, proxy.ts: 46ms, render: 224ms)
 GET /test-dashboard-card-order 200 in 383ms (compile: 20ms, proxy.ts: 65ms, render: 297ms)
 GET /test-resilience-score 200 in 380ms (compile: 54ms, proxy.ts: 66ms, render: 260ms)
 GET /login?redirectTo=%2Fdashboard 200 in 378ms (compile: 84ms, proxy.ts: 15ms, render: 278ms)
 GET /test-dashboard-card-order 200 in 354ms (compile: 28ms, proxy.ts: 57ms, render: 270ms)
 GET /test-resilience-score 200 in 362ms (compile: 56ms, proxy.ts: 61ms, render: 245ms)
 GET /login?redirectTo=%2Fdashboard 200 in 321ms (compile: 94ms, proxy.ts: 26ms, render: 201ms)
 GET /test-dashboard-card-order 200 in 356ms (compile: 16ms, proxy.ts: 71ms, render: 270ms)
 GET /test-resilience-score 200 in 364ms (compile: 52ms, proxy.ts: 70ms, render: 243ms)
 GET /login?redirectTo=%2Fdashboard 200 in 349ms (compile: 43ms, proxy.ts: 57ms, render: 250ms)
 GET /test-dashboard-card-order 200 in 355ms (compile: 20ms, proxy.ts: 43ms, render: 292ms)
 GET /test-resilience-score 200 in 359ms (compile: 53ms, proxy.ts: 48ms, render: 259ms)
 GET /login?redirectTo=%2Fdashboard 200 in 364ms (compile: 67ms, proxy.ts: 54ms, render: 243ms)
 GET /test-dashboard-card-order 200 in 360ms (compile: 23ms, proxy.ts: 59ms, render: 278ms)
 GET /test-resilience-score 200 in 364ms (compile: 49ms, proxy.ts: 67ms, render: 247ms)
 GET /login?redirectTo=%2Fdashboard 200 in 350ms (compile: 56ms, proxy.ts: 55ms, render: 239ms)
 GET /test-dashboard-card-order 200 in 316ms (compile: 21ms, proxy.ts: 46ms, render: 249ms)
 GET /test-resilience-score 200 in 383ms (compile: 55ms, proxy.ts: 51ms, render: 277ms)
 GET /login?redirectTo=%2Fdashboard 200 in 388ms (compile: 58ms, proxy.ts: 56ms, render: 274ms)
 GET /test-dashboard-card-order 200 in 402ms (compile: 30ms, proxy.ts: 85ms, render: 287ms)
 GET /test-resilience-score 200 in 401ms (compile: 52ms, proxy.ts: 54ms, render: 295ms)
 GET /login?redirectTo=%2Fdashboard 200 in 451ms (compile: 57ms, proxy.ts: 53ms, render: 342ms)
 GET /test-dashboard-card-order 200 in 376ms (compile: 40ms, proxy.ts: 70ms, render: 266ms)
 GET /test-resilience-score 200 in 400ms (compile: 50ms, proxy.ts: 88ms, render: 262ms)
 GET /login?redirectTo=%2Fdashboard 200 in 366ms (compile: 32ms, proxy.ts: 94ms, render: 239ms)
 GET /test-dashboard-card-order 200 in 340ms (compile: 29ms, proxy.ts: 67ms, render: 244ms)
 GET /test-resilience-score 200 in 360ms (compile: 65ms, proxy.ts: 67ms, render: 228ms)
 GET /login?redirectTo=%2Fdashboard 200 in 344ms (compile: 16ms, proxy.ts: 95ms, render: 233ms)
 GET /test-dashboard-card-order 200 in 287ms (compile: 15ms, proxy.ts: 47ms, render: 225ms)
 GET /test-resilience-score 200 in 293ms (compile: 48ms, proxy.ts: 48ms, render: 198ms)
 GET /login?redirectTo=%2Fdashboard 200 in 308ms (compile: 36ms, proxy.ts: 89ms, render: 184ms)
 GET /test-resilience-score 200 in 221ms (compile: 28ms, proxy.ts: 55ms, render: 138ms)
 GET /test-dashboard-card-order 200 in 226ms (compile: 13ms, proxy.ts: 55ms, render: 157ms)
 GET /login?redirectTo=%2Fdashboard 200 in 286ms (compile: 9ms, proxy.ts: 54ms, render: 223ms)
 GET /test-dashboard-card-order 200 in 250ms (compile: 15ms, proxy.ts: 33ms, render: 201ms)
 GET /test-resilience-score 200 in 252ms (compile: 45ms, proxy.ts: 35ms, render: 172ms)
 GET /login?redirectTo=%2Fdashboard 200 in 316ms (compile: 13ms, proxy.ts: 64ms, render: 239ms)
 GET /test-dashboard-card-order 200 in 290ms (compile: 18ms, proxy.ts: 35ms, render: 238ms)
 GET /test-resilience-score 200 in 297ms (compile: 47ms, proxy.ts: 37ms, render: 213ms)
 GET /login?redirectTo=%2Fdashboard 200 in 339ms (compile: 22ms, proxy.ts: 89ms, render: 228ms)
 GET /test-dashboard-card-order 200 in 299ms (compile: 21ms, proxy.ts: 48ms, render: 230ms)
 GET /test-resilience-score 200 in 311ms (compile: 48ms, proxy.ts: 47ms, render: 216ms)
 GET /login?redirectTo=%2Fdashboard 200 in 274ms (compile: 12ms, proxy.ts: 68ms, render: 194ms)
 GET /test-dashboard-card-order 200 in 300ms (compile: 18ms, proxy.ts: 40ms, render: 242ms)
 GET /test-resilience-score 200 in 303ms (compile: 44ms, proxy.ts: 41ms, render: 218ms)
 GET /login?redirectTo=%2Fdashboard 200 in 273ms (compile: 57ms, proxy.ts: 40ms, render: 176ms)
 GET /test-dashboard-card-order 200 in 298ms (compile: 21ms, proxy.ts: 59ms, render: 218ms)
 GET /test-resilience-score 200 in 301ms (compile: 46ms, proxy.ts: 63ms, render: 191ms)
 GET /login?redirectTo=%2Fdashboard 200 in 256ms (compile: 13ms, proxy.ts: 74ms, render: 168ms)
 GET /test-dashboard-card-order 200 in 268ms (compile: 14ms, proxy.ts: 39ms, render: 215ms)
 GET /test-resilience-score 200 in 282ms (compile: 38ms, proxy.ts: 40ms, render: 204ms)
 GET /login?redirectTo=%2Fdashboard 200 in 331ms (compile: 44ms, proxy.ts: 37ms, render: 249ms)
 GET /test-resilience-score 200 in 354ms (compile: 36ms, proxy.ts: 55ms, render: 263ms)
 GET /test-dashboard-card-order 200 in 361ms (compile: 20ms, proxy.ts: 53ms, render: 287ms)
 GET /login?redirectTo=%2Fdashboard 200 in 666ms (compile: 17ms, proxy.ts: 57ms, render: 592ms)
 GET /test-resilience-score 200 in 662ms (compile: 46ms, proxy.ts: 57ms, render: 559ms)
 GET /test-dashboard-card-order 200 in 666ms (compile: 22ms, proxy.ts: 58ms, render: 587ms)
 GET /login?redirectTo=%2Fdashboard 200 in 655ms (compile: 51ms, proxy.ts: 76ms, render: 529ms)
 GET /test-dashboard-card-order 200 in 635ms (compile: 25ms, proxy.ts: 58ms, render: 551ms)
 GET /test-resilience-score 200 in 635ms (compile: 49ms, proxy.ts: 61ms, render: 525ms)
 GET /login?redirectTo=%2Fdashboard 200 in 583ms (compile: 19ms, proxy.ts: 366ms, render: 198ms)
 GET /test-dashboard-card-order 200 in 298ms (compile: 22ms, proxy.ts: 62ms, render: 214ms)
 GET /test-resilience-score 200 in 300ms (compile: 52ms, proxy.ts: 66ms, render: 182ms)
 GET /login?redirectTo=%2Fdashboard 200 in 245ms (compile: 52ms, proxy.ts: 47ms, render: 146ms)
 GET /test-dashboard-card-order 200 in 286ms (compile: 12ms, proxy.ts: 44ms, render: 229ms)
 GET /test-resilience-score 200 in 285ms (compile: 25ms, proxy.ts: 45ms, render: 216ms)
 GET /login?redirectTo=%2Fdashboard 200 in 260ms (compile: 13ms, proxy.ts: 55ms, render: 191ms)
 GET /test-dashboard-card-order 200 in 327ms (compile: 13ms, proxy.ts: 41ms, render: 272ms)
 GET /test-resilience-score 200 in 337ms (compile: 29ms, proxy.ts: 44ms, render: 264ms)
 GET /login?redirectTo=%2Fdashboard 200 in 364ms (compile: 60ms, proxy.ts: 29ms, render: 275ms)
 GET /test-dashboard-card-order 200 in 339ms (compile: 24ms, proxy.ts: 63ms, render: 251ms)
 GET /test-resilience-score 200 in 342ms (compile: 52ms, proxy.ts: 72ms, render: 218ms)
 GET /login?redirectTo=%2Fdashboard 200 in 357ms (compile: 57ms, proxy.ts: 55ms, render: 245ms)
 GET /test-dashboard-card-order 200 in 289ms (compile: 16ms, proxy.ts: 53ms, render: 219ms)
 GET /test-resilience-score 200 in 330ms (compile: 44ms, proxy.ts: 50ms, render: 236ms)
 GET /login?redirectTo=%2Fdashboard 200 in 377ms (compile: 18ms, proxy.ts: 75ms, render: 284ms)
 GET /test-dashboard-card-order 200 in 318ms (compile: 31ms, proxy.ts: 39ms, render: 248ms)
 GET /test-resilience-score 200 in 317ms (compile: 54ms, proxy.ts: 44ms, render: 219ms)
 GET /login?redirectTo=%2Fdashboard 200 in 399ms (compile: 22ms, proxy.ts: 90ms, render: 287ms)
 GET /test-dashboard-card-order 200 in 327ms (compile: 32ms, proxy.ts: 66ms, render: 230ms)
 GET /test-resilience-score 200 in 361ms (compile: 61ms, proxy.ts: 67ms, render: 233ms)
 GET /login?redirectTo=%2Fdashboard 200 in 363ms (compile: 22ms, proxy.ts: 73ms, render: 268ms)
 GET /test-resilience-score 200 in 343ms (compile: 49ms, proxy.ts: 45ms, render: 249ms)
 GET /test-dashboard-card-order 200 in 350ms (compile: 21ms, proxy.ts: 47ms, render: 281ms)
 GET /login?redirectTo=%2Fdashboard 200 in 419ms (compile: 21ms, proxy.ts: 93ms, render: 305ms)
 GET /test-dashboard-card-order 200 in 351ms (compile: 27ms, proxy.ts: 50ms, render: 274ms)
 GET /test-resilience-score 200 in 388ms (compile: 45ms, proxy.ts: 55ms, render: 288ms)
 GET /login?redirectTo=%2Fdashboard 200 in 420ms (compile: 20ms, proxy.ts: 80ms, render: 320ms)
 GET /test-dashboard-card-order 200 in 351ms (compile: 22ms, proxy.ts: 63ms, render: 265ms)
 GET /test-resilience-score 200 in 399ms (compile: 75ms, proxy.ts: 68ms, render: 257ms)
 GET /login?redirectTo=%2Fdashboard 200 in 455ms (compile: 29ms, proxy.ts: 112ms, render: 315ms)
 GET /test-dashboard-card-order 200 in 361ms (compile: 24ms, proxy.ts: 52ms, render: 285ms)
 GET /test-resilience-score 200 in 360ms (compile: 54ms, proxy.ts: 50ms, render: 257ms)
 GET /login?redirectTo=%2Fdashboard 200 in 414ms (compile: 29ms, proxy.ts: 89ms, render: 296ms)
 GET /test-dashboard-card-order 200 in 336ms (compile: 84ms, proxy.ts: 21ms, render: 231ms)
 GET /test-resilience-score 200 in 338ms (compile: 115ms, proxy.ts: 21ms, render: 202ms)
 GET /login?redirectTo=%2Fdashboard 200 in 379ms (compile: 20ms, proxy.ts: 102ms, render: 257ms)
 GET /test-dashboard-card-order 200 in 301ms (compile: 43ms, proxy.ts: 19ms, render: 239ms)
 GET /test-resilience-score 200 in 306ms (compile: 78ms, proxy.ts: 22ms, render: 206ms)
 GET /login?redirectTo=%2Fdashboard 200 in 338ms (compile: 25ms, proxy.ts: 48ms, render: 265ms)
 GET /test-dashboard-card-order 200 in 309ms (compile: 46ms, proxy.ts: 23ms, render: 240ms)
 GET /test-resilience-score 200 in 312ms (compile: 75ms, proxy.ts: 26ms, render: 211ms)
 GET /login?redirectTo=%2Fdashboard 200 in 332ms (compile: 26ms, proxy.ts: 71ms, render: 236ms)
 GET /test-dashboard-card-order 200 in 292ms (compile: 47ms, proxy.ts: 32ms, render: 213ms)
 GET /test-resilience-score 200 in 284ms (compile: 80ms, proxy.ts: 24ms, render: 180ms)
 GET /login?redirectTo=%2Fdashboard 200 in 332ms (compile: 24ms, proxy.ts: 44ms, render: 264ms)
 GET /test-dashboard-card-order 200 in 305ms (compile: 51ms, proxy.ts: 22ms, render: 233ms)
 GET /test-resilience-score 200 in 309ms (compile: 74ms, proxy.ts: 23ms, render: 213ms)
 GET /login?redirectTo=%2Fdashboard 200 in 375ms (compile: 16ms, proxy.ts: 48ms, render: 311ms)
 GET /test-dashboard-card-order 200 in 359ms (compile: 56ms, proxy.ts: 24ms, render: 279ms)
 GET /test-resilience-score 200 in 361ms (compile: 86ms, proxy.ts: 18ms, render: 258ms)
 GET /login?redirectTo=%2Fdashboard 200 in 418ms (compile: 21ms, proxy.ts: 65ms, render: 331ms)
 GET /test-dashboard-card-order 200 in 385ms (compile: 52ms, proxy.ts: 25ms, render: 307ms)
 GET /test-resilience-score 200 in 382ms (compile: 84ms, proxy.ts: 21ms, render: 277ms)
 GET /login?redirectTo=%2Fdashboard 200 in 449ms (compile: 29ms, proxy.ts: 123ms, render: 298ms)
 GET /test-dashboard-card-order 200 in 362ms (compile: 72ms, proxy.ts: 31ms, render: 259ms)
 GET /test-resilience-score 200 in 358ms (compile: 91ms, proxy.ts: 31ms, render: 237ms)
 GET /login?redirectTo=%2Fdashboard 200 in 447ms (compile: 29ms, proxy.ts: 109ms, render: 310ms)
 GET /test-dashboard-card-order 200 in 368ms (compile: 72ms, proxy.ts: 32ms, render: 264ms)
 GET /test-resilience-score 200 in 372ms (compile: 92ms, proxy.ts: 29ms, render: 252ms)
 GET /login?redirectTo=%2Fdashboard 200 in 422ms (compile: 29ms, proxy.ts: 72ms, render: 322ms)
 GET /test-dashboard-card-order 200 in 377ms (compile: 73ms, proxy.ts: 23ms, render: 281ms)
 GET /test-resilience-score 200 in 401ms (compile: 111ms, proxy.ts: 23ms, render: 266ms)
 GET /login?redirectTo=%2Fdashboard 200 in 382ms (compile: 24ms, proxy.ts: 71ms, render: 287ms)
 GET /test-dashboard-card-order 200 in 334ms (compile: 52ms, proxy.ts: 28ms, render: 255ms)
 GET /test-resilience-score 200 in 332ms (compile: 88ms, proxy.ts: 26ms, render: 218ms)
 GET /login?redirectTo=%2Fdashboard 200 in 381ms (compile: 46ms, proxy.ts: 65ms, render: 269ms)
 GET /test-dashboard-card-order 200 in 346ms (compile: 55ms, proxy.ts: 47ms, render: 244ms)
 GET /test-resilience-score 200 in 348ms (compile: 77ms, proxy.ts: 49ms, render: 222ms)
 GET /login?redirectTo=%2Fdashboard 200 in 344ms (compile: 19ms, proxy.ts: 37ms, render: 289ms)
 GET /test-dashboard-card-order 200 in 334ms (compile: 51ms, proxy.ts: 20ms, render: 263ms)
 GET /test-resilience-score 200 in 336ms (compile: 84ms, proxy.ts: 24ms, render: 229ms)
 GET /test-dashboard-card-order 200 in 145ms (compile: 44ms, proxy.ts: 22ms, render: 80ms)
 GET /test-dashboard-card-order 200 in 297ms (compile: 49ms, proxy.ts: 32ms, render: 216ms)
 GET /login?redirectTo=%2Fdashboard 200 in 362ms (compile: 26ms, proxy.ts: 80ms, render: 256ms)
 GET /test-resilience-score 200 in 306ms (compile: 83ms, proxy.ts: 25ms, render: 199ms)
 GET /login?redirectTo=%2Fdashboard 200 in 265ms (compile: 21ms, proxy.ts: 46ms, render: 198ms)
 GET /test-resilience-score 200 in 233ms (compile: 69ms, proxy.ts: 22ms, render: 142ms)
 GET /login?redirectTo=%2Fdashboard 200 in 235ms (compile: 17ms, proxy.ts: 63ms, render: 155ms)
 GET /test-resilience-score 200 in 191ms (compile: 35ms, proxy.ts: 21ms, render: 134ms)
 GET /login?redirectTo=%2Fdashboard 200 in 197ms (compile: 11ms, proxy.ts: 14ms, render: 172ms)
 GET /test-resilience-score 200 in 195ms (compile: 31ms, proxy.ts: 13ms, render: 151ms)
 GET /login?redirectTo=%2Fdashboard 200 in 181ms (compile: 10ms, proxy.ts: 17ms, render: 154ms)
 GET /test-resilience-score 200 in 182ms (compile: 36ms, proxy.ts: 16ms, render: 129ms)
 GET /login?redirectTo=%2Fdashboard 200 in 167ms (compile: 9ms, proxy.ts: 15ms, render: 142ms)
 GET /test-resilience-score 200 in 170ms (compile: 31ms, proxy.ts: 15ms, render: 124ms)
 GET /login?redirectTo=%2Fdashboard 200 in 166ms (compile: 8ms, proxy.ts: 16ms, render: 142ms)
 GET /test-resilience-score 200 in 168ms (compile: 25ms, proxy.ts: 14ms, render: 128ms)
 GET /login?redirectTo=%2Fdashboard 200 in 173ms (compile: 8ms, proxy.ts: 23ms, render: 142ms)
 GET /test-resilience-score 200 in 172ms (compile: 29ms, proxy.ts: 23ms, render: 120ms)
 GET /login?redirectTo=%2Fdashboard 200 in 189ms (compile: 12ms, proxy.ts: 13ms, render: 164ms)
 GET /test-resilience-score 200 in 190ms (compile: 32ms, proxy.ts: 17ms, render: 141ms)
 GET /login?redirectTo=%2Fdashboard 200 in 220ms (compile: 11ms, proxy.ts: 20ms, render: 189ms)
 GET /test-resilience-score 200 in 220ms (compile: 39ms, proxy.ts: 22ms, render: 159ms)
 GET /login?redirectTo=%2Fdashboard 200 in 223ms (compile: 11ms, proxy.ts: 16ms, render: 197ms)
 GET /test-resilience-score 200 in 222ms (compile: 49ms, proxy.ts: 16ms, render: 156ms)
 GET /login?redirectTo=%2Fdashboard 200 in 187ms (compile: 14ms, proxy.ts: 18ms, render: 155ms)
 GET /test-resilience-score 200 in 191ms (compile: 42ms, proxy.ts: 18ms, render: 130ms)
 GET /login?redirectTo=%2Fdashboard 200 in 165ms (compile: 9ms, proxy.ts: 13ms, render: 143ms)
 GET /test-resilience-score 200 in 166ms (compile: 33ms, proxy.ts: 14ms, render: 118ms)
 GET /login?redirectTo=%2Fdashboard 200 in 186ms (compile: 9ms, proxy.ts: 17ms, render: 160ms)
 GET /test-resilience-score 200 in 188ms (compile: 37ms, proxy.ts: 17ms, render: 134ms)
 GET /login?redirectTo=%2Fdashboard 200 in 214ms (compile: 8ms, proxy.ts: 15ms, render: 192ms)
 GET /test-resilience-score 200 in 217ms (compile: 40ms, proxy.ts: 15ms, render: 162ms)
 GET /login?redirectTo=%2Fdashboard 200 in 212ms (compile: 9ms, proxy.ts: 19ms, render: 183ms)
 GET /test-resilience-score 200 in 208ms (compile: 34ms, proxy.ts: 17ms, render: 157ms)
 GET /login?redirectTo=%2Fdashboard 200 in 192ms (compile: 10ms, proxy.ts: 20ms, render: 162ms)
 GET /test-resilience-score 200 in 189ms (compile: 39ms, proxy.ts: 19ms, render: 131ms)
 GET /login?redirectTo=%2Fdashboard 200 in 186ms (compile: 9ms, proxy.ts: 16ms, render: 161ms)
 GET /test-resilience-score 200 in 189ms (compile: 35ms, proxy.ts: 16ms, render: 138ms)
 GET /login?redirectTo=%2Fdashboard 200 in 195ms (compile: 10ms, proxy.ts: 17ms, render: 168ms)
 GET /test-resilience-score 200 in 191ms (compile: 36ms, proxy.ts: 14ms, render: 141ms)
 GET /login?redirectTo=%2Fdashboard 200 in 196ms (compile: 10ms, proxy.ts: 16ms, render: 170ms)
 GET /test-resilience-score 200 in 200ms (compile: 35ms, proxy.ts: 17ms, render: 148ms)
 GET /test-resilience-score 200 in 187ms (compile: 36ms, proxy.ts: 15ms, render: 135ms)
 GET /login?redirectTo=%2Fdashboard 200 in 192ms (compile: 9ms, proxy.ts: 15ms, render: 167ms)
 GET /login?redirectTo=%2Fdashboard 200 in 141ms (compile: 11ms, proxy.ts: 18ms, render: 113ms)
 GET /test-resilience-score 200 in 161ms (compile: 32ms, proxy.ts: 15ms, render: 114ms)
 GET /test-resilience-score 200 in 167ms (compile: 43ms, proxy.ts: 18ms, render: 106ms)
 GET /login?redirectTo=%2Fdashboard 200 in 172ms (compile: 11ms, proxy.ts: 18ms, render: 142ms)
 GET /login?redirectTo=%2Fdashboard 200 in 177ms (compile: 9ms, proxy.ts: 9ms, render: 158ms)
 GET /test-resilience-score 200 in 186ms (compile: 31ms, proxy.ts: 10ms, render: 146ms)
 GET /login?redirectTo=%2Fdashboard 200 in 181ms (compile: 11ms, proxy.ts: 22ms, render: 148ms)
 GET /test-resilience-score 200 in 176ms (compile: 42ms, proxy.ts: 18ms, render: 117ms)
 GET /login?redirectTo=%2Fdashboard 200 in 142ms (compile: 10ms, proxy.ts: 18ms, render: 114ms)
 GET /test-resilience-score 200 in 141ms (compile: 32ms, proxy.ts: 19ms, render: 91ms)
 GET /login?redirectTo=%2Fdashboard 200 in 146ms (compile: 8ms, proxy.ts: 9ms, render: 128ms)
 GET /test-resilience-score 200 in 150ms (compile: 26ms, proxy.ts: 10ms, render: 114ms)
 GET /login?redirectTo=%2Fdashboard 200 in 199ms (compile: 8ms, proxy.ts: 12ms, render: 179ms)
 GET /test-resilience-score 200 in 198ms (compile: 26ms, proxy.ts: 11ms, render: 161ms)
 GET /login?redirectTo=%2Fdashboard 200 in 231ms (compile: 12ms, proxy.ts: 16ms, render: 202ms)
 GET /test-resilience-score 200 in 233ms (compile: 57ms, proxy.ts: 16ms, render: 160ms)
 GET /login?redirectTo=%2Fdashboard 200 in 207ms (compile: 11ms, proxy.ts: 17ms, render: 179ms)
 GET /test-resilience-score 200 in 208ms (compile: 54ms, proxy.ts: 17ms, render: 137ms)
 GET /login?redirectTo=%2Fdashboard 200 in 205ms (compile: 13ms, proxy.ts: 17ms, render: 174ms)
 GET /test-resilience-score 200 in 208ms (compile: 40ms, proxy.ts: 19ms, render: 149ms)
 GET /login?redirectTo=%2Fdashboard 200 in 198ms (compile: 11ms, proxy.ts: 17ms, render: 170ms)
 GET /test-resilience-score 200 in 200ms (compile: 41ms, proxy.ts: 16ms, render: 142ms)
 GET /test-resilience-score 200 in 160ms (compile: 7ms, proxy.ts: 25ms, render: 128ms)
 GET /login?redirectTo=%2Fdashboard 200 in 172ms (compile: 38ms, proxy.ts: 25ms, render: 109ms)
 GET /test-resilience-score 200 in 168ms (compile: 9ms, proxy.ts: 17ms, render: 142ms)
 GET /login?redirectTo=%2Fdashboard 200 in 166ms (compile: 29ms, proxy.ts: 16ms, render: 121ms)
 GET /test-resilience-score 200 in 225ms (compile: 14ms, proxy.ts: 11ms, render: 200ms)
 GET /login?redirectTo=%2Fdashboard 200 in 228ms (compile: 37ms, proxy.ts: 17ms, render: 174ms)
 GET /test-resilience-score 200 in 211ms (compile: 12ms, proxy.ts: 19ms, render: 180ms)
 GET /login?redirectTo=%2Fdashboard 200 in 214ms (compile: 57ms, proxy.ts: 19ms, render: 137ms)
 GET /test-resilience-score 200 in 162ms (compile: 12ms, proxy.ts: 17ms, render: 134ms)
 GET /login?redirectTo=%2Fdashboard 200 in 162ms (compile: 28ms, proxy.ts: 16ms, render: 118ms)
 GET /test-resilience-score 200 in 207ms (compile: 10ms, proxy.ts: 15ms, render: 182ms)
 GET /login?redirectTo=%2Fdashboard 200 in 208ms (compile: 27ms, proxy.ts: 16ms, render: 166ms)
 GET /test-resilience-score 200 in 235ms (compile: 12ms, proxy.ts: 21ms, render: 202ms)
 GET /login?redirectTo=%2Fdashboard 200 in 243ms (compile: 46ms, proxy.ts: 21ms, render: 176ms)
 GET /test-resilience-score 200 in 196ms (compile: 12ms, proxy.ts: 17ms, render: 167ms)
 GET /login?redirectTo=%2Fdashboard 200 in 195ms (compile: 40ms, proxy.ts: 18ms, render: 136ms)
 GET /test-resilience-score 200 in 187ms (compile: 11ms, proxy.ts: 31ms, render: 145ms)
 GET /login?redirectTo=%2Fdashboard 200 in 179ms (compile: 32ms, proxy.ts: 24ms, render: 123ms)
 GET /test-resilience-score 200 in 173ms (compile: 11ms, proxy.ts: 12ms, render: 149ms)
 GET /login?redirectTo=%2Fdashboard 200 in 179ms (compile: 37ms, proxy.ts: 15ms, render: 127ms)
 GET /test-resilience-score 200 in 182ms (compile: 10ms, proxy.ts: 12ms, render: 159ms)
 GET /login?redirectTo=%2Fdashboard 200 in 182ms (compile: 32ms, proxy.ts: 13ms, render: 137ms)
 GET /test-resilience-score 200 in 208ms (compile: 8ms, proxy.ts: 24ms, render: 175ms)
 GET /login?redirectTo=%2Fdashboard 200 in 205ms (compile: 37ms, proxy.ts: 21ms, render: 146ms)
 GET /test-resilience-score 200 in 189ms (compile: 11ms, proxy.ts: 16ms, render: 163ms)
 GET /login?redirectTo=%2Fdashboard 200 in 188ms (compile: 43ms, proxy.ts: 16ms, render: 129ms)
 GET /test-resilience-score 200 in 178ms (compile: 14ms, proxy.ts: 20ms, render: 145ms)
 GET /login?redirectTo=%2Fdashboard 200 in 178ms (compile: 41ms, proxy.ts: 19ms, render: 117ms)
 GET /test-resilience-score 200 in 170ms (compile: 8ms, proxy.ts: 11ms, render: 151ms)
 GET /login?redirectTo=%2Fdashboard 200 in 173ms (compile: 32ms, proxy.ts: 13ms, render: 128ms)
 GET /test-resilience-score 200 in 172ms (compile: 14ms, proxy.ts: 24ms, render: 134ms)
 GET /login?redirectTo=%2Fdashboard 200 in 172ms (compile: 29ms, proxy.ts: 28ms, render: 115ms)
 GET /test-resilience-score 200 in 159ms (compile: 9ms, proxy.ts: 13ms, render: 137ms)
 GET /login?redirectTo=%2Fdashboard 200 in 159ms (compile: 32ms, proxy.ts: 15ms, render: 113ms)
 GET /test-resilience-score 200 in 164ms (compile: 12ms, proxy.ts: 15ms, render: 138ms)
 GET /login?redirectTo=%2Fdashboard 200 in 163ms (compile: 32ms, proxy.ts: 16ms, render: 115ms)
 GET /test-resilience-score 200 in 171ms (compile: 12ms, proxy.ts: 15ms, render: 145ms)
 GET /login?redirectTo=%2Fdashboard 200 in 173ms (compile: 39ms, proxy.ts: 15ms, render: 119ms)
 GET /test-resilience-score 200 in 187ms (compile: 12ms, proxy.ts: 15ms, render: 160ms)
 GET /login?redirectTo=%2Fdashboard 200 in 191ms (compile: 31ms, proxy.ts: 16ms, render: 144ms)
 GET /login?redirectTo=%2Fdashboard 200 in 211ms (compile: 28ms, proxy.ts: 19ms, render: 164ms)
 GET /test-resilience-score 200 in 215ms (compile: 10ms, proxy.ts: 18ms, render: 187ms)
 GET /test-resilience-score 200 in 240ms (compile: 11ms, proxy.ts: 24ms, render: 205ms)
 GET /login?redirectTo=%2Fdashboard 200 in 247ms (compile: 43ms, proxy.ts: 24ms, render: 180ms)
 GET /test-resilience-score 200 in 267ms (compile: 17ms, proxy.ts: 22ms, render: 228ms)
 GET /login?redirectTo=%2Fdashboard 200 in 270ms (compile: 39ms, proxy.ts: 24ms, render: 207ms)
 GET /test-resilience-score 200 in 245ms (compile: 18ms, proxy.ts: 27ms, render: 201ms)
 GET /login?redirectTo=%2Fdashboard 200 in 242ms (compile: 60ms, proxy.ts: 26ms, render: 155ms)
 GET /test-resilience-score 200 in 199ms (compile: 17ms, proxy.ts: 27ms, render: 156ms)
 GET /login?redirectTo=%2Fdashboard 200 in 203ms (compile: 38ms, proxy.ts: 28ms, render: 138ms)
 GET /test-resilience-score 200 in 201ms (compile: 9ms, proxy.ts: 14ms, render: 178ms)
 GET /login?redirectTo=%2Fdashboard 200 in 204ms (compile: 31ms, proxy.ts: 13ms, render: 159ms)
 GET /test-resilience-score 200 in 264ms (compile: 12ms, proxy.ts: 23ms, render: 229ms)
 GET /login?redirectTo=%2Fdashboard 200 in 262ms (compile: 39ms, proxy.ts: 23ms, render: 200ms)
 GET /login?redirectTo=%2Fdashboard 200 in 221ms (compile: 38ms, proxy.ts: 19ms, render: 164ms)
 GET /test-resilience-score 200 in 228ms (compile: 13ms, proxy.ts: 20ms, render: 194ms)
 GET /test-resilience-score 200 in 171ms (compile: 11ms, proxy.ts: 39ms, render: 121ms)
 GET /login?redirectTo=%2Fdashboard 200 in 159ms (compile: 30ms, proxy.ts: 28ms, render: 100ms)
 GET /test-resilience-score 200 in 490ms (compile: 9ms, proxy.ts: 11ms, render: 470ms)
 GET /login?redirectTo=%2Fdashboard 200 in 498ms (compile: 28ms, proxy.ts: 13ms, render: 457ms)
 GET /login?redirectTo=%2Fdashboard 200 in 518ms (compile: 343ms, proxy.ts: 13ms, render: 162ms)
 GET /test-resilience-score 200 in 526ms (compile: 8ms, proxy.ts: 13ms, render: 504ms)
 GET /login?redirectTo=%2Fdashboard 200 in 199ms (compile: 9ms, proxy.ts: 15ms, render: 175ms)
 GET /test-resilience-score 200 in 207ms (compile: 52ms, proxy.ts: 16ms, render: 139ms)
 GET /login?redirectTo=%2Fdashboard 200 in 181ms (compile: 15ms, proxy.ts: 16ms, render: 150ms)
 GET /test-resilience-score 200 in 182ms (compile: 45ms, proxy.ts: 19ms, render: 118ms)
 GET /test-resilience-score 200 in 174ms (compile: 8ms, proxy.ts: 21ms, render: 145ms)
 GET /login?redirectTo=%2Fdashboard 200 in 179ms (compile: 32ms, proxy.ts: 19ms, render: 128ms)
 GET /test-resilience-score 200 in 218ms (compile: 27ms, proxy.ts: 17ms, render: 173ms)
 GET /login?redirectTo=%2Fdashboard 200 in 217ms (compile: 6ms, proxy.ts: 17ms, render: 194ms)
 GET /login?redirectTo=%2Fdashboard 200 in 246ms (compile: 11ms, proxy.ts: 30ms, render: 206ms)
 GET /test-resilience-score 200 in 246ms (compile: 55ms, proxy.ts: 29ms, render: 163ms)
 GET /login?redirectTo=%2Fdashboard 200 in 259ms (compile: 12ms, proxy.ts: 19ms, render: 229ms)
 GET /test-resilience-score 200 in 261ms (compile: 54ms, proxy.ts: 19ms, render: 188ms)
 GET /login?redirectTo=%2Fdashboard 200 in 254ms (compile: 12ms, proxy.ts: 25ms, render: 218ms)
 GET /test-resilience-score 200 in 258ms (compile: 62ms, proxy.ts: 24ms, render: 172ms)
 GET /login?redirectTo=%2Fdashboard 200 in 287ms (compile: 19ms, proxy.ts: 64ms, render: 204ms)
 GET /test-resilience-score 200 in 246ms (compile: 53ms, proxy.ts: 17ms, render: 176ms)
 GET /login?redirectTo=%2Fdashboard 200 in 242ms (compile: 16ms, proxy.ts: 19ms, render: 208ms)
 GET /test-resilience-score 200 in 241ms (compile: 53ms, proxy.ts: 15ms, render: 173ms)
 GET /login?redirectTo=%2Fdashboard 200 in 238ms (compile: 52ms, proxy.ts: 34ms, render: 153ms)
 GET /test-resilience-score 200 in 238ms (compile: 11ms, proxy.ts: 34ms, render: 193ms)
 GET /login?redirectTo=%2Fdashboard 200 in 219ms (compile: 7ms, proxy.ts: 15ms, render: 198ms)
 GET /test-resilience-score 200 in 233ms (compile: 37ms, proxy.ts: 20ms, render: 175ms)
 GET /login?redirectTo=%2Fdashboard 200 in 260ms (compile: 7ms, proxy.ts: 24ms, render: 229ms)
 GET /test-resilience-score 200 in 257ms (compile: 43ms, proxy.ts: 20ms, render: 194ms)
 GET /login?redirectTo=%2Fdashboard 200 in 236ms (compile: 14ms, proxy.ts: 27ms, render: 196ms)
 GET /test-resilience-score 200 in 235ms (compile: 58ms, proxy.ts: 22ms, render: 156ms)
 GET /test-resilience-score 200 in 177ms (compile: 8ms, proxy.ts: 17ms, render: 152ms)
 GET /login?redirectTo=%2Fdashboard 200 in 182ms (compile: 37ms, proxy.ts: 18ms, render: 128ms)
 GET /test-resilience-score 200 in 185ms (compile: 7ms, proxy.ts: 33ms, render: 146ms)
 GET /login?redirectTo=%2Fdashboard 200 in 182ms (compile: 28ms, proxy.ts: 30ms, render: 124ms)
 GET /test-resilience-score 200 in 251ms (compile: 14ms, proxy.ts: 19ms, render: 218ms)
 GET /login?redirectTo=%2Fdashboard 200 in 252ms (compile: 34ms, proxy.ts: 20ms, render: 198ms)
 GET /test-resilience-score 200 in 262ms (compile: 13ms, proxy.ts: 16ms, render: 234ms)
 GET /login?redirectTo=%2Fdashboard 200 in 271ms (compile: 49ms, proxy.ts: 16ms, render: 206ms)
 GET /test-resilience-score 200 in 250ms (compile: 10ms, proxy.ts: 17ms, render: 224ms)
 GET /login?redirectTo=%2Fdashboard 200 in 256ms (compile: 52ms, proxy.ts: 13ms, render: 191ms)
 GET /test-resilience-score 200 in 297ms (compile: 20ms, proxy.ts: 53ms, render: 224ms)
 GET /login?redirectTo=%2Fdashboard 200 in 266ms (compile: 25ms, proxy.ts: 72ms, render: 168ms)
 GET /test-resilience-score 200 in 269ms (compile: 14ms, proxy.ts: 62ms, render: 193ms)
 GET /login?redirectTo=%2Fdashboard 200 in 222ms (compile: 21ms, proxy.ts: 58ms, render: 143ms)
 GET /test-resilience-score 200 in 223ms (compile: 17ms, proxy.ts: 43ms, render: 162ms)
 GET /login?redirectTo=%2Fdashboard 200 in 224ms (compile: 13ms, proxy.ts: 42ms, render: 169ms)
 GET /test-resilience-score 200 in 197ms (compile: 12ms, proxy.ts: 56ms, render: 129ms)
 GET /login?redirectTo=%2Fdashboard 200 in 185ms (compile: 13ms, proxy.ts: 34ms, render: 138ms)
 GET /test-resilience-score 200 in 179ms (compile: 13ms, proxy.ts: 41ms, render: 125ms)
 GET /login?redirectTo=%2Fdashboard 200 in 223ms (compile: 14ms, proxy.ts: 48ms, render: 161ms)
 GET /test-resilience-score 200 in 188ms (compile: 12ms, proxy.ts: 46ms, render: 130ms)
 GET /login?redirectTo=%2Fdashboard 200 in 260ms (compile: 11ms, proxy.ts: 32ms, render: 217ms)
 GET /test-resilience-score 200 in 248ms (compile: 10ms, proxy.ts: 41ms, render: 197ms)
 GET /login?redirectTo=%2Fdashboard 200 in 290ms (compile: 21ms, proxy.ts: 50ms, render: 219ms)
 GET /test-resilience-score 200 in 252ms (compile: 40ms, proxy.ts: 57ms, render: 155ms)
 GET /login?redirectTo=%2Fdashboard 200 in 233ms (compile: 16ms, proxy.ts: 58ms, render: 160ms)
 GET /test-resilience-score 200 in 243ms (compile: 18ms, proxy.ts: 41ms, render: 185ms)
 GET /login?redirectTo=%2Fdashboard 200 in 245ms (compile: 20ms, proxy.ts: 56ms, render: 169ms)
 GET /test-resilience-score 200 in 287ms (compile: 18ms, proxy.ts: 55ms, render: 213ms)
 GET /login?redirectTo=%2Fdashboard 200 in 250ms (compile: 31ms, proxy.ts: 59ms, render: 160ms)
 GET /test-resilience-score 200 in 267ms (compile: 17ms, proxy.ts: 51ms, render: 199ms)
 GET /login?redirectTo=%2Fdashboard 200 in 226ms (compile: 17ms, proxy.ts: 51ms, render: 158ms)
 GET /test-resilience-score 200 in 243ms (compile: 18ms, proxy.ts: 63ms, render: 163ms)
 GET /login?redirectTo=%2Fdashboard 200 in 224ms (compile: 23ms, proxy.ts: 46ms, render: 155ms)
 GET /test-resilience-score 200 in 241ms (compile: 11ms, proxy.ts: 51ms, render: 178ms)
 GET /login?redirectTo=%2Fdashboard 200 in 201ms (compile: 9ms, proxy.ts: 38ms, render: 153ms)
 GET /test-resilience-score 200 in 212ms (compile: 11ms, proxy.ts: 40ms, render: 161ms)
 GET /login?redirectTo=%2Fdashboard 200 in 268ms (compile: 17ms, proxy.ts: 45ms, render: 206ms)
 GET /test-resilience-score 200 in 239ms (compile: 23ms, proxy.ts: 55ms, render: 161ms)
 GET /login?redirectTo=%2Fdashboard 200 in 253ms (compile: 17ms, proxy.ts: 53ms, render: 182ms)
 GET /test-resilience-score 200 in 208ms (compile: 66ms, proxy.ts: 12ms, render: 130ms)
 GET /login?redirectTo=%2Fdashboard 200 in 216ms (compile: 14ms, proxy.ts: 46ms, render: 156ms)
 GET /test-resilience-score 200 in 186ms (compile: 35ms, proxy.ts: 18ms, render: 133ms)
 GET /login?redirectTo=%2Fdashboard 200 in 216ms (compile: 13ms, proxy.ts: 50ms, render: 152ms)
 GET /test-resilience-score 200 in 174ms (compile: 39ms, proxy.ts: 12ms, render: 124ms)
 GET /login?redirectTo=%2Fdashboard 200 in 165ms (compile: 13ms, proxy.ts: 16ms, render: 137ms)
 GET /test-resilience-score 200 in 164ms (compile: 37ms, proxy.ts: 13ms, render: 114ms)
 GET /login?redirectTo=%2Fdashboard 200 in 171ms (compile: 7ms, proxy.ts: 13ms, render: 150ms)
 GET /test-resilience-score 200 in 183ms (compile: 29ms, proxy.ts: 14ms, render: 140ms)
 GET /login?redirectTo=%2Fdashboard 200 in 181ms (compile: 12ms, proxy.ts: 25ms, render: 144ms)
 GET /test-resilience-score 200 in 180ms (compile: 37ms, proxy.ts: 25ms, render: 118ms)
 GET /test-resilience-score 200 in 175ms (compile: 31ms, proxy.ts: 19ms, render: 124ms)
 GET /login?redirectTo=%2Fdashboard 200 in 180ms (compile: 14ms, proxy.ts: 17ms, render: 150ms)
 GET /login?redirectTo=%2Fdashboard 200 in 199ms (compile: 10ms, proxy.ts: 16ms, render: 173ms)
 GET /test-resilience-score 200 in 200ms (compile: 48ms, proxy.ts: 16ms, render: 136ms)
 GET /login?redirectTo=%2Fdashboard 200 in 168ms (compile: 5ms, proxy.ts: 14ms, render: 150ms)
 GET /test-resilience-score 200 in 176ms (compile: 28ms, proxy.ts: 14ms, render: 135ms)
 GET /test-resilience-score 200 in 162ms (compile: 10ms, proxy.ts: 14ms, render: 138ms)
 GET /login?redirectTo=%2Fdashboard 200 in 167ms (compile: 31ms, proxy.ts: 14ms, render: 122ms)
 GET /test-resilience-score 200 in 149ms (compile: 13ms, proxy.ts: 11ms, render: 124ms)
 GET /login?redirectTo=%2Fdashboard 200 in 148ms (compile: 49ms, proxy.ts: 11ms, render: 88ms)
 GET /test-resilience-score 200 in 129ms (compile: 7ms, proxy.ts: 13ms, render: 109ms)
 GET /login?redirectTo=%2Fdashboard 200 in 130ms (compile: 25ms, proxy.ts: 13ms, render: 92ms)
 GET /test-resilience-score 200 in 143ms (compile: 9ms, proxy.ts: 9ms, render: 125ms)
 GET /login?redirectTo=%2Fdashboard 200 in 146ms (compile: 29ms, proxy.ts: 9ms, render: 108ms)
 GET /test-resilience-score 200 in 152ms (compile: 9ms, proxy.ts: 10ms, render: 132ms)
 GET /login?redirectTo=%2Fdashboard 200 in 154ms (compile: 28ms, proxy.ts: 10ms, render: 116ms)
 GET /test-resilience-score 200 in 151ms (compile: 6ms, proxy.ts: 11ms, render: 134ms)
 GET /login?redirectTo=%2Fdashboard 200 in 149ms (compile: 32ms, proxy.ts: 8ms, render: 109ms)
 GET /test-resilience-score 200 in 165ms (compile: 10ms, proxy.ts: 13ms, render: 142ms)
 GET /login?redirectTo=%2Fdashboard 200 in 172ms (compile: 35ms, proxy.ts: 12ms, render: 125ms)
 GET /test-resilience-score 200 in 194ms (compile: 9ms, proxy.ts: 14ms, render: 171ms)
 GET /login?redirectTo=%2Fdashboard 200 in 196ms (compile: 31ms, proxy.ts: 14ms, render: 152ms)
 GET /test-resilience-score 200 in 196ms (compile: 43ms, proxy.ts: 26ms, render: 127ms)
 GET /login?redirectTo=%2Fdashboard 200 in 194ms (compile: 11ms, proxy.ts: 25ms, render: 158ms)
 GET /test-resilience-score 200 in 150ms (compile: 9ms, proxy.ts: 13ms, render: 129ms)
 GET /login?redirectTo=%2Fdashboard 200 in 156ms (compile: 43ms, proxy.ts: 15ms, render: 98ms)
 GET /test-resilience-score 200 in 121ms (compile: 8ms, proxy.ts: 13ms, render: 100ms)
 GET /login?redirectTo=%2Fdashboard 200 in 131ms (compile: 29ms, proxy.ts: 14ms, render: 88ms)
 GET /test-resilience-score 200 in 157ms (compile: 5ms, proxy.ts: 10ms, render: 142ms)
 GET /login?redirectTo=%2Fdashboard 200 in 158ms (compile: 22ms, proxy.ts: 10ms, render: 126ms)
 GET /test-resilience-score 200 in 177ms (compile: 12ms, proxy.ts: 34ms, render: 131ms)
 GET /login?redirectTo=%2Fdashboard 200 in 182ms (compile: 34ms, proxy.ts: 32ms, render: 115ms)
 GET /test-resilience-score 200 in 172ms (compile: 9ms, proxy.ts: 8ms, render: 154ms)
 GET /login?redirectTo=%2Fdashboard 200 in 173ms (compile: 29ms, proxy.ts: 8ms, render: 136ms)
 GET /test-resilience-score 200 in 230ms (compile: 9ms, proxy.ts: 17ms, render: 204ms)
 GET /login?redirectTo=%2Fdashboard 200 in 228ms (compile: 31ms, proxy.ts: 14ms, render: 183ms)
 GET /test-resilience-score 200 in 218ms (compile: 12ms, proxy.ts: 19ms, render: 187ms)
 GET /login?redirectTo=%2Fdashboard 200 in 219ms (compile: 48ms, proxy.ts: 19ms, render: 153ms)
 GET /test-resilience-score 200 in 169ms (compile: 9ms, proxy.ts: 18ms, render: 142ms)
 GET /login?redirectTo=%2Fdashboard 200 in 170ms (compile: 37ms, proxy.ts: 18ms, render: 115ms)
 GET /test-resilience-score 200 in 166ms (compile: 11ms, proxy.ts: 17ms, render: 138ms)
 GET /login?redirectTo=%2Fdashboard 200 in 163ms (compile: 30ms, proxy.ts: 15ms, render: 118ms)
 GET /test-resilience-score 200 in 149ms (compile: 8ms, proxy.ts: 15ms, render: 126ms)
 GET /login?redirectTo=%2Fdashboard 200 in 152ms (compile: 28ms, proxy.ts: 15ms, render: 109ms)
 GET /test-resilience-score 200 in 160ms (compile: 23ms, proxy.ts: 11ms, render: 126ms)
 GET /login?redirectTo=%2Fdashboard 200 in 164ms (compile: 35ms, proxy.ts: 16ms, render: 112ms)
 GET /test-resilience-score 200 in 185ms (compile: 12ms, proxy.ts: 15ms, render: 158ms)
 GET /login?redirectTo=%2Fdashboard 200 in 193ms (compile: 40ms, proxy.ts: 16ms, render: 137ms)
 GET /test-resilience-score 200 in 236ms (compile: 12ms, proxy.ts: 18ms, render: 206ms)
 GET /login?redirectTo=%2Fdashboard 200 in 242ms (compile: 42ms, proxy.ts: 20ms, render: 179ms)
 GET /test-resilience-score 200 in 252ms (compile: 19ms, proxy.ts: 22ms, render: 211ms)
 GET /login?redirectTo=%2Fdashboard 200 in 253ms (compile: 66ms, proxy.ts: 23ms, render: 164ms)
 GET /test-resilience-score 200 in 189ms (compile: 11ms, proxy.ts: 17ms, render: 161ms)
 GET /login?redirectTo=%2Fdashboard 200 in 198ms (compile: 47ms, proxy.ts: 18ms, render: 133ms)
 GET /login?redirectTo=%2Fdashboard 200 in 162ms (compile: 29ms, proxy.ts: 16ms, render: 116ms)
 GET /test-resilience-score 200 in 167ms (compile: 11ms, proxy.ts: 15ms, render: 141ms)
 GET /test-resilience-score 200 in 160ms (compile: 17ms, proxy.ts: 12ms, render: 132ms)
 GET /login?redirectTo=%2Fdashboard 200 in 166ms (compile: 41ms, proxy.ts: 14ms, render: 112ms)
 GET /login?redirectTo=%2Fdashboard 200 in 167ms (compile: 26ms, proxy.ts: 12ms, render: 129ms)
 GET /test-resilience-score 200 in 170ms (compile: 9ms, proxy.ts: 11ms, render: 151ms)
 GET /login?redirectTo=%2Fdashboard 200 in 208ms (compile: 38ms, proxy.ts: 15ms, render: 154ms)
 GET /test-resilience-score 200 in 218ms (compile: 11ms, proxy.ts: 18ms, render: 189ms)
 GET /login?redirectTo=%2Fdashboard 200 in 238ms (compile: 56ms, proxy.ts: 15ms, render: 166ms)
 GET /test-resilience-score 200 in 242ms (compile: 11ms, proxy.ts: 15ms, render: 216ms)
 GET /login?redirectTo=%2Fdashboard 200 in 210ms (compile: 49ms, proxy.ts: 19ms, render: 142ms)
 GET /test-resilience-score 200 in 218ms (compile: 13ms, proxy.ts: 19ms, render: 185ms)
 GET /test-resilience-score 200 in 187ms (compile: 9ms, proxy.ts: 19ms, render: 159ms)
 GET /login?redirectTo=%2Fdashboard 200 in 185ms (compile: 40ms, proxy.ts: 18ms, render: 127ms)
 GET /login?redirectTo=%2Fdashboard 200 in 159ms (compile: 33ms, proxy.ts: 15ms, render: 111ms)
 GET /test-resilience-score 200 in 163ms (compile: 7ms, proxy.ts: 16ms, render: 141ms)
 GET /test-resilience-score 200 in 165ms (compile: 7ms, proxy.ts: 13ms, render: 145ms)
 GET /login?redirectTo=%2Fdashboard 200 in 168ms (compile: 26ms, proxy.ts: 13ms, render: 130ms)
 GET /test-resilience-score 200 in 161ms (compile: 10ms, proxy.ts: 17ms, render: 134ms)
 GET /login?redirectTo=%2Fdashboard 200 in 159ms (compile: 30ms, proxy.ts: 18ms, render: 112ms)
 GET /test-resilience-score 200 in 121ms (compile: 7ms, proxy.ts: 15ms, render: 99ms)
 GET /login?redirectTo=%2Fdashboard 200 in 120ms (compile: 24ms, proxy.ts: 16ms, render: 81ms)
 GET /test-resilience-score 200 in 125ms (compile: 6ms, proxy.ts: 13ms, render: 106ms)
 GET /login?redirectTo=%2Fdashboard 200 in 125ms (compile: 22ms, proxy.ts: 12ms, render: 91ms)
 GET /test-resilience-score 200 in 147ms (compile: 8ms, proxy.ts: 11ms, render: 127ms)
 GET /login?redirectTo=%2Fdashboard 200 in 148ms (compile: 30ms, proxy.ts: 12ms, render: 107ms)
 GET /test-resilience-score 200 in 146ms (compile: 10ms, proxy.ts: 14ms, render: 122ms)
 GET /login?redirectTo=%2Fdashboard 200 in 152ms (compile: 32ms, proxy.ts: 15ms, render: 105ms)
 GET /test-resilience-score 200 in 173ms (compile: 10ms, proxy.ts: 13ms, render: 151ms)
 GET /login?redirectTo=%2Fdashboard 200 in 182ms (compile: 27ms, proxy.ts: 13ms, render: 142ms)
 GET /test-resilience-score 200 in 192ms (compile: 8ms, proxy.ts: 26ms, render: 158ms)
 GET /login?redirectTo=%2Fdashboard 200 in 192ms (compile: 28ms, proxy.ts: 21ms, render: 142ms)
 GET /test-resilience-score 200 in 165ms (compile: 12ms, proxy.ts: 22ms, render: 131ms)
 GET /login?redirectTo=%2Fdashboard 200 in 165ms (compile: 33ms, proxy.ts: 20ms, render: 112ms)
 GET /test-resilience-score 200 in 164ms (compile: 7ms, proxy.ts: 17ms, render: 140ms)
 GET /login?redirectTo=%2Fdashboard 200 in 162ms (compile: 27ms, proxy.ts: 14ms, render: 121ms)
 GET /test-resilience-score 200 in 161ms (compile: 11ms, proxy.ts: 16ms, render: 134ms)
 GET /login?redirectTo=%2Fdashboard 200 in 160ms (compile: 32ms, proxy.ts: 15ms, render: 112ms)
 GET /test-resilience-score 200 in 149ms (compile: 7ms, proxy.ts: 16ms, render: 126ms)
 GET /login?redirectTo=%2Fdashboard 200 in 151ms (compile: 32ms, proxy.ts: 16ms, render: 102ms)
 GET /test-resilience-score 200 in 153ms (compile: 10ms, proxy.ts: 12ms, render: 131ms)
 GET /login?redirectTo=%2Fdashboard 200 in 152ms (compile: 29ms, proxy.ts: 11ms, render: 112ms)
 GET /login?redirectTo=%2Fdashboard 200 in 148ms (compile: 31ms, proxy.ts: 17ms, render: 100ms)
 GET /test-resilience-score 200 in 153ms (compile: 9ms, proxy.ts: 18ms, render: 126ms)
 GET /test-resilience-score 200 in 228ms (compile: 7ms, proxy.ts: 15ms, render: 205ms)
 GET /login?redirectTo=%2Fdashboard 200 in 227ms (compile: 30ms, proxy.ts: 14ms, render: 184ms)
 GET /test-resilience-score 200 in 260ms (compile: 14ms, proxy.ts: 16ms, render: 231ms)
 GET /login?redirectTo=%2Fdashboard 200 in 261ms (compile: 55ms, proxy.ts: 17ms, render: 189ms)
 GET /test-resilience-score 200 in 192ms (compile: 12ms, proxy.ts: 16ms, render: 164ms)
 GET /login?redirectTo=%2Fdashboard 200 in 194ms (compile: 43ms, proxy.ts: 14ms, render: 137ms)
 GET /test-resilience-score 200 in 183ms (compile: 12ms, proxy.ts: 24ms, render: 147ms)
 GET /login?redirectTo=%2Fdashboard 200 in 190ms (compile: 37ms, proxy.ts: 19ms, render: 135ms)
 GET /test-resilience-score 200 in 252ms (compile: 12ms, proxy.ts: 36ms, render: 204ms)
 GET /login?redirectTo=%2Fdashboard 200 in 233ms (compile: 44ms, proxy.ts: 12ms, render: 176ms)
 GET /test-resilience-score 200 in 250ms (compile: 17ms, proxy.ts: 46ms, render: 187ms)
 GET /login?redirectTo=%2Fdashboard 200 in 252ms (compile: 16ms, proxy.ts: 58ms, render: 178ms)
 GET /test-resilience-score 200 in 259ms (compile: 29ms, proxy.ts: 63ms, render: 167ms)
 GET /login?redirectTo=%2Fdashboard 200 in 231ms (compile: 30ms, proxy.ts: 57ms, render: 144ms)
 GET /test-resilience-score 200 in 181ms (compile: 13ms, proxy.ts: 52ms, render: 116ms)
 GET /login?redirectTo=%2Fdashboard 200 in 188ms (compile: 13ms, proxy.ts: 37ms, render: 138ms)
 GET /test-resilience-score 200 in 164ms (compile: 14ms, proxy.ts: 37ms, render: 112ms)
 GET /login?redirectTo=%2Fdashboard 200 in 183ms (compile: 11ms, proxy.ts: 39ms, render: 133ms)
 GET /test-resilience-score 200 in 184ms (compile: 8ms, proxy.ts: 28ms, render: 148ms)
 GET /login?redirectTo=%2Fdashboard 200 in 212ms (compile: 15ms, proxy.ts: 47ms, render: 150ms)
 GET /test-resilience-score 200 in 182ms (compile: 59ms, proxy.ts: 15ms, render: 107ms)
 GET /login?redirectTo=%2Fdashboard 200 in 193ms (compile: 13ms, proxy.ts: 42ms, render: 138ms)
 GET /test-resilience-score 200 in 202ms (compile: 9ms, proxy.ts: 39ms, render: 154ms)
 GET /login?redirectTo=%2Fdashboard 200 in 214ms (compile: 13ms, proxy.ts: 33ms, render: 169ms)
 GET /test-resilience-score 200 in 200ms (compile: 17ms, proxy.ts: 35ms, render: 148ms)
 GET /login?redirectTo=%2Fdashboard 200 in 203ms (compile: 17ms, proxy.ts: 47ms, render: 138ms)
 GET /test-resilience-score 200 in 188ms (compile: 13ms, proxy.ts: 45ms, render: 130ms)
 GET /login?redirectTo=%2Fdashboard 200 in 211ms (compile: 21ms, proxy.ts: 49ms, render: 142ms)
 GET /test-resilience-score 200 in 174ms (compile: 13ms, proxy.ts: 46ms, render: 116ms)
 GET /login?redirectTo=%2Fdashboard 200 in 183ms (compile: 15ms, proxy.ts: 37ms, render: 131ms)
 GET /test-resilience-score 200 in 156ms (compile: 31ms, proxy.ts: 12ms, render: 113ms)
 GET /login?redirectTo=%2Fdashboard 200 in 226ms (compile: 12ms, proxy.ts: 47ms, render: 167ms)
 GET /test-resilience-score 200 in 187ms (compile: 31ms, proxy.ts: 12ms, render: 144ms)
 GET /login?redirectTo=%2Fdashboard 200 in 232ms (compile: 41ms, proxy.ts: 13ms, render: 178ms)
 GET /test-resilience-score 200 in 230ms (compile: 72ms, proxy.ts: 13ms, render: 145ms)
 GET /test-resilience-score 200 in 515ms (compile: 56ms, proxy.ts: 15ms, render: 444ms)
 GET /login?redirectTo=%2Fdashboard 200 in 519ms (compile: 9ms, proxy.ts: 15ms, render: 495ms)
 GET /login?redirectTo=%2Fdashboard 200 in 475ms (compile: 10ms, proxy.ts: 17ms, render: 448ms)
 GET /test-resilience-score 200 in 474ms (compile: 332ms, proxy.ts: 15ms, render: 128ms)
 GET /login?redirectTo=%2Fdashboard 200 in 188ms (compile: 14ms, proxy.ts: 26ms, render: 148ms)
 GET /test-resilience-score 200 in 179ms (compile: 29ms, proxy.ts: 18ms, render: 132ms)
 GET /login?redirectTo=%2Fdashboard 200 in 189ms (compile: 12ms, proxy.ts: 15ms, render: 162ms)
 GET /test-resilience-score 200 in 191ms (compile: 39ms, proxy.ts: 13ms, render: 139ms)
 GET /login?redirectTo=%2Fdashboard 200 in 165ms (compile: 10ms, proxy.ts: 20ms, render: 135ms)
 GET /test-resilience-score 200 in 164ms (compile: 36ms, proxy.ts: 17ms, render: 110ms)
 GET /login?redirectTo=%2Fdashboard 200 in 167ms (compile: 8ms, proxy.ts: 11ms, render: 148ms)
 GET /test-resilience-score 200 in 168ms (compile: 33ms, proxy.ts: 8ms, render: 126ms)
 GET /login?redirectTo=%2Fdashboard 200 in 187ms (compile: 9ms, proxy.ts: 16ms, render: 163ms)
 GET /test-resilience-score 200 in 186ms (compile: 34ms, proxy.ts: 15ms, render: 137ms)
 GET /login?redirectTo=%2Fdashboard 200 in 175ms (compile: 14ms, proxy.ts: 19ms, render: 142ms)
 GET /test-resilience-score 200 in 175ms (compile: 40ms, proxy.ts: 21ms, render: 114ms)
 GET /login?redirectTo=%2Fdashboard 200 in 178ms (compile: 10ms, proxy.ts: 15ms, render: 152ms)
 GET /test-resilience-score 200 in 181ms (compile: 38ms, proxy.ts: 15ms, render: 128ms)
 GET /login?redirectTo=%2Fdashboard 200 in 197ms (compile: 9ms, proxy.ts: 16ms, render: 172ms)
 GET /test-resilience-score 200 in 198ms (compile: 39ms, proxy.ts: 17ms, render: 142ms)
 GET /login?redirectTo=%2Fdashboard 200 in 220ms (compile: 12ms, proxy.ts: 20ms, render: 188ms)
 GET /test-resilience-score 200 in 222ms (compile: 40ms, proxy.ts: 20ms, render: 162ms)
 GET /login?redirectTo=%2Fdashboard 200 in 231ms (compile: 20ms, proxy.ts: 13ms, render: 198ms)
 GET /test-resilience-score 200 in 235ms (compile: 61ms, proxy.ts: 13ms, render: 161ms)
 GET /login?redirectTo=%2Fdashboard 200 in 251ms (compile: 17ms, proxy.ts: 18ms, render: 217ms)
 GET /test-resilience-score 200 in 251ms (compile: 48ms, proxy.ts: 19ms, render: 185ms)
 GET /login?redirectTo=%2Fdashboard 200 in 274ms (compile: 13ms, proxy.ts: 22ms, render: 238ms)
 GET /test-resilience-score 200 in 276ms (compile: 60ms, proxy.ts: 22ms, render: 194ms)
 GET /login?redirectTo=%2Fdashboard 200 in 278ms (compile: 11ms, proxy.ts: 22ms, render: 245ms)
 GET /test-resilience-score 200 in 284ms (compile: 45ms, proxy.ts: 23ms, render: 216ms)
 GET /login?redirectTo=%2Fdashboard 200 in 276ms (compile: 14ms, proxy.ts: 29ms, render: 233ms)
 GET /test-resilience-score 200 in 273ms (compile: 41ms, proxy.ts: 25ms, render: 207ms)
 GET /test-resilience-score 200 in 246ms (compile: 47ms, proxy.ts: 31ms, render: 168ms)
 GET /login?redirectTo=%2Fdashboard 200 in 257ms (compile: 18ms, proxy.ts: 31ms, render: 208ms)
 GET /test-resilience-score 200 in 264ms (compile: 43ms, proxy.ts: 23ms, render: 199ms)
 GET /login?redirectTo=%2Fdashboard 200 in 270ms (compile: 11ms, proxy.ts: 22ms, render: 237ms)
 GET /test-resilience-score 200 in 293ms (compile: 47ms, proxy.ts: 20ms, render: 226ms)
 GET /login?redirectTo=%2Fdashboard 200 in 300ms (compile: 12ms, proxy.ts: 20ms, render: 269ms)
 GET /login?redirectTo=%2Fdashboard 200 in 257ms (compile: 15ms, proxy.ts: 17ms, render: 226ms)
 GET /test-resilience-score 200 in 264ms (compile: 69ms, proxy.ts: 18ms, render: 177ms)
 GET /login?redirectTo=%2Fdashboard 200 in 224ms (compile: 9ms, proxy.ts: 18ms, render: 197ms)
 GET /test-resilience-score 200 in 227ms (compile: 40ms, proxy.ts: 18ms, render: 169ms)
 GET /login?redirectTo=%2Fdashboard 200 in 227ms (compile: 12ms, proxy.ts: 21ms, render: 194ms)
 GET /test-resilience-score 200 in 229ms (compile: 42ms, proxy.ts: 22ms, render: 164ms)
 GET /login?redirectTo=%2Fdashboard 200 in 228ms (compile: 14ms, proxy.ts: 24ms, render: 191ms)
 GET /test-resilience-score 200 in 229ms (compile: 50ms, proxy.ts: 20ms, render: 159ms)
 GET /login?redirectTo=%2Fdashboard 200 in 260ms (compile: 14ms, proxy.ts: 16ms, render: 230ms)
 GET /test-resilience-score 200 in 270ms (compile: 48ms, proxy.ts: 18ms, render: 204ms)
 GET /login?redirectTo=%2Fdashboard 200 in 320ms (compile: 19ms, proxy.ts: 64ms, render: 237ms)
 GET /test-resilience-score 200 in 283ms (compile: 68ms, proxy.ts: 18ms, render: 196ms)
 GET /login?redirectTo=%2Fdashboard 200 in 358ms (compile: 11ms, proxy.ts: 75ms, render: 272ms)
 GET /test-resilience-score 200 in 309ms (compile: 17ms, proxy.ts: 51ms, render: 241ms)
 GET /login?redirectTo=%2Fdashboard 200 in 360ms (compile: 23ms, proxy.ts: 72ms, render: 264ms)
 GET /test-resilience-score 200 in 300ms (compile: 19ms, proxy.ts: 57ms, render: 224ms)
 GET /login?redirectTo=%2Fdashboard 200 in 324ms (compile: 26ms, proxy.ts: 102ms, render: 197ms)
 GET /test-resilience-score 200 in 231ms (compile: 62ms, proxy.ts: 17ms, render: 151ms)
 GET /login?redirectTo=%2Fdashboard 200 in 287ms (compile: 13ms, proxy.ts: 57ms, render: 217ms)
 GET /test-resilience-score 200 in 253ms (compile: 20ms, proxy.ts: 51ms, render: 182ms)
 GET /login?redirectTo=%2Fdashboard 200 in 249ms (compile: 19ms, proxy.ts: 42ms, render: 187ms)
 GET /test-resilience-score 200 in 216ms (compile: 61ms, proxy.ts: 14ms, render: 141ms)
 GET /login?redirectTo=%2Fdashboard 200 in 233ms (compile: 12ms, proxy.ts: 77ms, render: 145ms)
 GET /test-resilience-score 200 in 168ms (compile: 28ms, proxy.ts: 10ms, render: 129ms)
 GET /login?redirectTo=%2Fdashboard 200 in 199ms (compile: 17ms, proxy.ts: 16ms, render: 167ms)
 GET /test-resilience-score 200 in 195ms (compile: 45ms, proxy.ts: 15ms, render: 136ms)
 GET /login?redirectTo=%2Fdashboard 200 in 235ms (compile: 8ms, proxy.ts: 15ms, render: 211ms)
 GET /test-resilience-score 200 in 244ms (compile: 30ms, proxy.ts: 16ms, render: 197ms)
 GET /login?redirectTo=%2Fdashboard 200 in 296ms (compile: 12ms, proxy.ts: 24ms, render: 260ms)
 GET /test-resilience-score 200 in 295ms (compile: 63ms, proxy.ts: 21ms, render: 211ms)
 GET /test-resilience-score 200 in 259ms (compile: 11ms, proxy.ts: 23ms, render: 225ms)
 GET /login?redirectTo=%2Fdashboard 200 in 265ms (compile: 63ms, proxy.ts: 22ms, render: 180ms)
 GET /test-resilience-score 200 in 238ms (compile: 8ms, proxy.ts: 25ms, render: 205ms)
 GET /login?redirectTo=%2Fdashboard 200 in 239ms (compile: 45ms, proxy.ts: 22ms, render: 173ms)
 GET /test-resilience-score 200 in 195ms (compile: 14ms, proxy.ts: 19ms, render: 163ms)
 GET /login?redirectTo=%2Fdashboard 200 in 198ms (compile: 59ms, proxy.ts: 20ms, render: 120ms)
 GET /test-resilience-score 200 in 147ms (compile: 9ms, proxy.ts: 17ms, render: 121ms)
 GET /login?redirectTo=%2Fdashboard 200 in 149ms (compile: 26ms, proxy.ts: 19ms, render: 104ms)
 GET /test-resilience-score 200 in 163ms (compile: 12ms, proxy.ts: 17ms, render: 134ms)
 GET /login?redirectTo=%2Fdashboard 200 in 166ms (compile: 32ms, proxy.ts: 17ms, render: 117ms)
 GET /login?redirectTo=%2Fdashboard 200 in 161ms (compile: 36ms, proxy.ts: 15ms, render: 109ms)
 GET /test-resilience-score 200 in 164ms (compile: 7ms, proxy.ts: 14ms, render: 143ms)
 GET /test-resilience-score 200 in 162ms (compile: 8ms, proxy.ts: 16ms, render: 138ms)
 GET /login?redirectTo=%2Fdashboard 200 in 166ms (compile: 30ms, proxy.ts: 16ms, render: 119ms)
 GET /test-resilience-score 200 in 185ms (compile: 10ms, proxy.ts: 11ms, render: 163ms)
 GET /login?redirectTo=%2Fdashboard 200 in 189ms (compile: 38ms, proxy.ts: 11ms, render: 140ms)
 GET /test-resilience-score 200 in 195ms (compile: 12ms, proxy.ts: 14ms, render: 169ms)
 GET /login?redirectTo=%2Fdashboard 200 in 200ms (compile: 39ms, proxy.ts: 15ms, render: 146ms)
 GET /test-resilience-score 200 in 187ms (compile: 10ms, proxy.ts: 17ms, render: 159ms)
 GET /login?redirectTo=%2Fdashboard 200 in 185ms (compile: 37ms, proxy.ts: 16ms, render: 132ms)
 GET /login?redirectTo=%2Fdashboard 200 in 167ms (compile: 33ms, proxy.ts: 20ms, render: 114ms)
 GET /test-resilience-score 200 in 171ms (compile: 10ms, proxy.ts: 20ms, render: 141ms)
 GET /test-resilience-score 200 in 157ms (compile: 35ms, proxy.ts: 16ms, render: 107ms)
 GET /login?redirectTo=%2Fdashboard 200 in 157ms (compile: 7ms, proxy.ts: 15ms, render: 134ms)
 GET /login?redirectTo=%2Fdashboard 200 in 190ms (compile: 8ms, proxy.ts: 14ms, render: 168ms)
 GET /test-resilience-score 200 in 195ms (compile: 30ms, proxy.ts: 14ms, render: 151ms)
 GET /login?redirectTo=%2Fdashboard 200 in 202ms (compile: 14ms, proxy.ts: 21ms, render: 168ms)
 GET /test-resilience-score 200 in 205ms (compile: 37ms, proxy.ts: 25ms, render: 143ms)
 GET /login?redirectTo=%2Fdashboard 200 in 171ms (compile: 10ms, proxy.ts: 19ms, render: 142ms)
 GET /test-resilience-score 200 in 171ms (compile: 35ms, proxy.ts: 18ms, render: 118ms)
 GET /login?redirectTo=%2Fdashboard 200 in 213ms (compile: 7ms, proxy.ts: 18ms, render: 188ms)
 GET /test-resilience-score 200 in 215ms (compile: 29ms, proxy.ts: 17ms, render: 168ms)
 GET /login?redirectTo=%2Fdashboard 200 in 264ms (compile: 11ms, proxy.ts: 19ms, render: 233ms)
 GET /test-resilience-score 200 in 271ms (compile: 41ms, proxy.ts: 19ms, render: 211ms)
 GET /login?redirectTo=%2Fdashboard 200 in 291ms (compile: 14ms, proxy.ts: 41ms, render: 236ms)
 GET /test-resilience-score 200 in 278ms (compile: 54ms, proxy.ts: 19ms, render: 205ms)
 GET /login?redirectTo=%2Fdashboard 200 in 330ms (compile: 21ms, proxy.ts: 74ms, render: 236ms)
 GET /test-resilience-score 200 in 270ms (compile: 63ms, proxy.ts: 19ms, render: 188ms)
 GET /login?redirectTo=%2Fdashboard 200 in 234ms (compile: 15ms, proxy.ts: 68ms, render: 151ms)
 GET /test-resilience-score 200 in 211ms (compile: 20ms, proxy.ts: 68ms, render: 123ms)
 GET /login?redirectTo=%2Fdashboard 200 in 173ms (compile: 12ms, proxy.ts: 60ms, render: 101ms)
 GET /test-resilience-score 200 in 150ms (compile: 11ms, proxy.ts: 34ms, render: 105ms)
 GET /login?redirectTo=%2Fdashboard 200 in 167ms (compile: 12ms, proxy.ts: 37ms, render: 118ms)
 GET /test-resilience-score 200 in 182ms (compile: 12ms, proxy.ts: 32ms, render: 139ms)
 GET /login?redirectTo=%2Fdashboard 200 in 191ms (compile: 10ms, proxy.ts: 38ms, render: 143ms)
 GET /test-resilience-score 200 in 232ms (compile: 17ms, proxy.ts: 45ms, render: 170ms)
 GET /login?redirectTo=%2Fdashboard 200 in 194ms (compile: 12ms, proxy.ts: 54ms, render: 129ms)
 GET /test-resilience-score 200 in 218ms (compile: 14ms, proxy.ts: 39ms, render: 164ms)
 GET /login?redirectTo=%2Fdashboard 200 in 200ms (compile: 17ms, proxy.ts: 45ms, render: 139ms)
 GET /test-resilience-score 200 in 228ms (compile: 11ms, proxy.ts: 42ms, render: 174ms)
 GET /login?redirectTo=%2Fdashboard 200 in 197ms (compile: 10ms, proxy.ts: 49ms, render: 138ms)
 GET /test-resilience-score 200 in 228ms (compile: 26ms, proxy.ts: 40ms, render: 162ms)
 GET /login?redirectTo=%2Fdashboard 200 in 197ms (compile: 46ms, proxy.ts: 17ms, render: 133ms)
 GET /test-resilience-score 200 in 223ms (compile: 17ms, proxy.ts: 42ms, render: 165ms)
 GET /login?redirectTo=%2Fdashboard 200 in 190ms (compile: 40ms, proxy.ts: 16ms, render: 134ms)
 GET /test-resilience-score 200 in 173ms (compile: 14ms, proxy.ts: 15ms, render: 144ms)
 GET /login?redirectTo=%2Fdashboard 200 in 169ms (compile: 36ms, proxy.ts: 10ms, render: 123ms)
 GET /test-resilience-score 200 in 157ms (compile: 7ms, proxy.ts: 13ms, render: 136ms)
 GET /login?redirectTo=%2Fdashboard 200 in 161ms (compile: 28ms, proxy.ts: 13ms, render: 120ms)
 GET /test-resilience-score 200 in 212ms (compile: 11ms, proxy.ts: 21ms, render: 180ms)
 GET /login?redirectTo=%2Fdashboard 200 in 208ms (compile: 32ms, proxy.ts: 18ms, render: 159ms)
 GET /test-resilience-score 200 in 224ms (compile: 13ms, proxy.ts: 15ms, render: 196ms)
 GET /login?redirectTo=%2Fdashboard 200 in 223ms (compile: 51ms, proxy.ts: 15ms, render: 157ms)
 GET /test-resilience-score 200 in 230ms (compile: 11ms, proxy.ts: 16ms, render: 203ms)
 GET /login?redirectTo=%2Fdashboard 200 in 236ms (compile: 35ms, proxy.ts: 16ms, render: 185ms)
 GET /test-resilience-score 200 in 255ms (compile: 10ms, proxy.ts: 19ms, render: 226ms)
 GET /login?redirectTo=%2Fdashboard 200 in 257ms (compile: 44ms, proxy.ts: 19ms, render: 194ms)
 GET /login?redirectTo=%2Fdashboard 200 in 210ms (compile: 46ms, proxy.ts: 23ms, render: 141ms)
 GET /test-resilience-score 200 in 215ms (compile: 16ms, proxy.ts: 19ms, render: 180ms)
 GET /test-resilience-score 200 in 219ms (compile: 12ms, proxy.ts: 19ms, render: 188ms)
 GET /login?redirectTo=%2Fdashboard 200 in 220ms (compile: 37ms, proxy.ts: 19ms, render: 164ms)
 GET /test-resilience-score 200 in 224ms (compile: 11ms, proxy.ts: 18ms, render: 195ms)
 GET /login?redirectTo=%2Fdashboard 200 in 229ms (compile: 59ms, proxy.ts: 17ms, render: 154ms)
 GET /login?redirectTo=%2Fdashboard 200 in 209ms (compile: 31ms, proxy.ts: 22ms, render: 156ms)
 GET /test-resilience-score 200 in 214ms (compile: 13ms, proxy.ts: 20ms, render: 181ms)
 GET /login?redirectTo=%2Fdashboard 200 in 235ms (compile: 40ms, proxy.ts: 20ms, render: 175ms)
 GET /test-resilience-score 200 in 242ms (compile: 9ms, proxy.ts: 20ms, render: 213ms)
 GET /test-resilience-score 200 in 264ms (compile: 17ms, proxy.ts: 24ms, render: 223ms)
 GET /login?redirectTo=%2Fdashboard 200 in 264ms (compile: 50ms, proxy.ts: 23ms, render: 192ms)
 GET /test-resilience-score 200 in 266ms (compile: 14ms, proxy.ts: 25ms, render: 227ms)
 GET /login?redirectTo=%2Fdashboard 200 in 268ms (compile: 45ms, proxy.ts: 26ms, render: 196ms)
 GET /login?redirectTo=%2Fdashboard 200 in 195ms (compile: 46ms, proxy.ts: 23ms, render: 126ms)
 GET /test-resilience-score 200 in 201ms (compile: 12ms, proxy.ts: 26ms, render: 163ms)
 GET /test-resilience-score 200 in 136ms (compile: 8ms, proxy.ts: 13ms, render: 115ms)
 GET /login?redirectTo=%2Fdashboard 200 in 140ms (compile: 28ms, proxy.ts: 14ms, render: 98ms)
 GET /login?redirectTo=%2Fdashboard 200 in 160ms (compile: 24ms, proxy.ts: 13ms, render: 124ms)
 GET /test-resilience-score 200 in 165ms (compile: 7ms, proxy.ts: 12ms, render: 145ms)
 GET /login?redirectTo=%2Fdashboard 200 in 164ms (compile: 38ms, proxy.ts: 18ms, render: 109ms)
 GET /test-resilience-score 200 in 169ms (compile: 13ms, proxy.ts: 16ms, render: 140ms)
 GET /test-resilience-score 200 in 170ms (compile: 7ms, proxy.ts: 15ms, render: 148ms)
 GET /login?redirectTo=%2Fdashboard 200 in 171ms (compile: 31ms, proxy.ts: 13ms, render: 126ms)
 GET /test-resilience-score 200 in 186ms (compile: 9ms, proxy.ts: 12ms, render: 165ms)
 GET /login?redirectTo=%2Fdashboard 200 in 185ms (compile: 33ms, proxy.ts: 12ms, render: 139ms)
 GET /test-resilience-score 200 in 200ms (compile: 12ms, proxy.ts: 18ms, render: 170ms)
 GET /login?redirectTo=%2Fdashboard 200 in 205ms (compile: 36ms, proxy.ts: 19ms, render: 150ms)
 GET /test-resilience-score 200 in 265ms (compile: 9ms, proxy.ts: 16ms, render: 241ms)
 GET /login?redirectTo=%2Fdashboard 200 in 267ms (compile: 36ms, proxy.ts: 14ms, render: 217ms)
 GET /test-resilience-score 200 in 272ms (compile: 14ms, proxy.ts: 18ms, render: 241ms)
 GET /login?redirectTo=%2Fdashboard 200 in 273ms (compile: 52ms, proxy.ts: 20ms, render: 201ms)
 GET /test-resilience-score 200 in 216ms (compile: 14ms, proxy.ts: 21ms, render: 180ms)
 GET /login?redirectTo=%2Fdashboard 200 in 213ms (compile: 51ms, proxy.ts: 20ms, render: 142ms)
 GET /test-resilience-score 200 in 118ms (compile: 10ms, proxy.ts: 18ms, render: 90ms)
 GET /login?redirectTo=%2Fdashboard 200 in 119ms (compile: 39ms, proxy.ts: 18ms, render: 62ms)
 GET /login?redirectTo=%2Fdashboard 200 in 60ms (compile: 12ms, proxy.ts: 15ms, render: 33ms)
 GET /login?redirectTo=%2Fdashboard 200 in 96ms (compile: 7ms, proxy.ts: 5ms, render: 83ms)
 GET /login?redirectTo=%2Fdashboard 200 in 64ms (compile: 8ms, proxy.ts: 10ms, render: 46ms)
 GET /api/health 200 in 914ms (compile: 367ms, proxy.ts: 9ms, render: 537ms)
 GET /api/health 200 in 300ms (compile: 6ms, proxy.ts: 7ms, render: 287ms)
 GET /login?redirectTo=%2Fcore%2Fbudgets 200 in 69ms (compile: 9ms, proxy.ts: 7ms, render: 53ms)
 GET / 200 in 153ms (compile: 26ms, proxy.ts: 12ms, render: 114ms)
 GET /api/health 200 in 224ms (compile: 4ms, proxy.ts: 8ms, render: 212ms)
 GET /api/health 200 in 215ms (compile: 5ms, proxy.ts: 9ms, render: 200ms)
 GET /api/health 200 in 222ms (compile: 10ms, proxy.ts: 8ms, render: 205ms)
[?25h
