▲ Next.js 16.1.6 (Turbopack)
- Local:         http://localhost:3000
- Network:       http://192.168.86.37:3000
- Environments: .env.local
- Experiments (use with caution):
  ⨯ turbopackFileSystemCacheForDev

✓ Starting...
✓ Ready in 985ms
 GET /api/health 200 in 704ms (compile: 301ms, proxy.ts: 115ms, render: 288ms)
 GET /api/health 200 in 711ms (compile: 294ms, proxy.ts: 115ms, render: 302ms)
 GET /api/health 200 in 121ms (compile: 14ms, proxy.ts: 22ms, render: 85ms)
⨯ Error: Simulated render error for Feature #102 testing
    at RenderErrorPage (app\test-500-error\render-error\page.tsx:9:9)
   7 | export default function RenderErrorPage() {
   8 |   // Immediately throw to trigger the error boundary
>  9 |   throw new Error('Simulated render error for Feature #102 testing')
     |         ^
  10 |
  11 |   // This is unreachable but TypeScript needs it
  12 |   return null {
  digest: '2381778966'
}
⨯ Error: Simulated render error for Feature #102 testing
    at RenderErrorPage (app\test-500-error\render-error\page.tsx:9:9)
   7 | export default function RenderErrorPage() {
   8 |   // Immediately throw to trigger the error boundary
>  9 |   throw new Error('Simulated render error for Feature #102 testing')
     |         ^
  10 |
  11 |   // This is unreachable but TypeScript needs it
  12 |   return null {
  digest: '2381778966'
}
 GET /test-500-error/render-error 500 in 633ms (compile: 408ms, proxy.ts: 7ms, render: 218ms)
 GET / 200 in 691ms (compile: 606ms, proxy.ts: 5ms, render: 80ms)
 GET / 200 in 80ms (compile: 4ms, proxy.ts: 6ms, render: 71ms)
⚠ Cross origin request detected from 127.0.0.1 to /_next/* resource. In a future major version of Next.js, you will need to explicitly configure "allowedDevOrigins" in next.config to allow this.
Read more: https://nextjs.org/docs/app/api-reference/config/next-config-js/allowedDevOrigins
 GET /api/health 200 in 189ms (compile: 3ms, proxy.ts: 6ms, render: 180ms)
 POST /api/dev-login 401 in 533ms (compile: 157ms, proxy.ts: 24ms, render: 352ms)
 POST /api/dev-login 401 in 408ms (compile: 3ms, proxy.ts: 6ms, render: 400ms)
✓ Compiled in 230ms
 GET /api/verify-empty-badge-eval 200 in 153ms (compile: 110ms, proxy.ts: 23ms, render: 19ms)
 GET /test-empty-badge-eval 200 in 483ms (compile: 418ms, proxy.ts: 6ms, render: 59ms)
 GET /login 200 in 511ms (compile: 430ms, proxy.ts: 6ms, render: 75ms)
✓ Compiled in 379ms
 GET /test-empty-badge-eval 200 in 71ms (compile: 8ms, proxy.ts: 6ms, render: 57ms)
⨯ Error: ENOENT: no such file or directory, open 'C:\Users\janpa\cd\development\fin\.next\dev\static\development\_buildManifest.js.tmp.hmvxxcw9ckk'
    at ignore-listed frames {
  errno: -4058,
  code: 'ENOENT',
  syscall: 'open',
  path: 'C:\\Users\\janpa\\cd\\development\\fin\\.next\\dev\\static\\development\\_buildManifest.js.tmp.hmvxxcw9ckk'
}
⨯ Error: Cannot find module '../chunks/ssr/[turbopack]_runtime.js'
Require stack:
- C:\Users\janpa\cd\development\fin\.next\dev\server\pages\_document.js
- C:\Users\janpa\cd\development\fin\node_modules\next\dist\server\require.js
- C:\Users\janpa\cd\development\fin\node_modules\next\dist\server\load-components.js
- C:\Users\janpa\cd\development\fin\node_modules\next\dist\build\utils.js
- C:\Users\janpa\cd\development\fin\node_modules\next\dist\build\swc\options.js
- C:\Users\janpa\cd\development\fin\node_modules\next\dist\build\swc\index.js
- C:\Users\janpa\cd\development\fin\node_modules\next\dist\build\next-config-ts\transpile-config.js
- C:\Users\janpa\cd\development\fin\node_modules\next\dist\server\config.js
- C:\Users\janpa\cd\development\fin\node_modules\next\dist\server\next.js
- C:\Users\janpa\cd\development\fin\node_modules\next\dist\server\lib\start-server.js
    at Object.<anonymous> (C:\Users\janpa\cd\development\fin\.next\dev\server\pages\_document.js:1:7) {
  code: 'MODULE_NOT_FOUND',
  requireStack: [Array]
}
⨯ Error: Cannot find module '../../chunks/ssr/[turbopack]_runtime.js'
Require stack:
- C:\Users\janpa\cd\development\fin\.next\dev\server\app\_not-found\page.js
- C:\Users\janpa\cd\development\fin\node_modules\next\dist\server\require.js
- C:\Users\janpa\cd\development\fin\node_modules\next\dist\server\load-components.js
- C:\Users\janpa\cd\development\fin\node_modules\next\dist\build\utils.js
- C:\Users\janpa\cd\development\fin\node_modules\next\dist\build\swc\options.js
- C:\Users\janpa\cd\development\fin\node_modules\next\dist\build\swc\index.js
- C:\Users\janpa\cd\development\fin\node_modules\next\dist\build\next-config-ts\transpile-config.js
- C:\Users\janpa\cd\development\fin\node_modules\next\dist\server\config.js
- C:\Users\janpa\cd\development\fin\node_modules\next\dist\server\next.js
- C:\Users\janpa\cd\development\fin\node_modules\next\dist\server\lib\start-server.js
    at Object.<anonymous> (C:\Users\janpa\cd\development\fin\.next\dev\server\app\_not-found\page.js:1:7) {
  code: 'MODULE_NOT_FOUND',
  requireStack: [Array]
}
⨯ Error: Cannot find module '../../chunks/ssr/[turbopack]_runtime.js'
Require stack:
- C:\Users\janpa\cd\development\fin\.next\dev\server\app\_not-found\page.js
- C:\Users\janpa\cd\development\fin\node_modules\next\dist\server\require.js
- C:\Users\janpa\cd\development\fin\node_modules\next\dist\server\load-components.js
- C:\Users\janpa\cd\development\fin\node_modules\next\dist\build\utils.js
- C:\Users\janpa\cd\development\fin\node_modules\next\dist\build\swc\options.js
- C:\Users\janpa\cd\development\fin\node_modules\next\dist\build\swc\index.js
- C:\Users\janpa\cd\development\fin\node_modules\next\dist\build\next-config-ts\transpile-config.js
- C:\Users\janpa\cd\development\fin\node_modules\next\dist\server\config.js
- C:\Users\janpa\cd\development\fin\node_modules\next\dist\server\next.js
- C:\Users\janpa\cd\development\fin\node_modules\next\dist\server\lib\start-server.js
    at Object.<anonymous> (C:\Users\janpa\cd\development\fin\.next\dev\server\app\_not-found\page.js:1:7) {
  code: 'MODULE_NOT_FOUND',
  requireStack: [Array]
}
Error: ENOENT: no such file or directory, open 'C:\Users\janpa\cd\development\fin\.next\dev\routes-manifest.json'
    at ignore-listed frames {
  errno: -4058,
  code: 'ENOENT',
  syscall: 'open',
  path: 'C:\\Users\\janpa\\cd\\development\\fin\\.next\\dev\\routes-manifest.json'
}
Error: ENOENT: no such file or directory, open 'C:\Users\janpa\cd\development\fin\.next\dev\routes-manifest.json'
    at ignore-listed frames {
  errno: -4058,
  code: 'ENOENT',
  syscall: 'open',
  path: 'C:\\Users\\janpa\\cd\\development\\fin\\.next\\dev\\routes-manifest.json'
}
⨯ Error: Cannot find module '../chunks/ssr/[turbopack]_runtime.js'
Require stack:
- C:\Users\janpa\cd\development\fin\.next\dev\server\pages\_document.js
- C:\Users\janpa\cd\development\fin\node_modules\next\dist\server\require.js
- C:\Users\janpa\cd\development\fin\node_modules\next\dist\server\load-components.js
- C:\Users\janpa\cd\development\fin\node_modules\next\dist\build\utils.js
- C:\Users\janpa\cd\development\fin\node_modules\next\dist\build\swc\options.js
- C:\Users\janpa\cd\development\fin\node_modules\next\dist\build\swc\index.js
- C:\Users\janpa\cd\development\fin\node_modules\next\dist\build\next-config-ts\transpile-config.js
- C:\Users\janpa\cd\development\fin\node_modules\next\dist\server\config.js
- C:\Users\janpa\cd\development\fin\node_modules\next\dist\server\next.js
- C:\Users\janpa\cd\development\fin\node_modules\next\dist\server\lib\start-server.js
    at Object.<anonymous> (C:\Users\janpa\cd\development\fin\.next\dev\server\pages\_document.js:1:7) {
  code: 'MODULE_NOT_FOUND',
  requireStack: [Array]
}
⨯ Error: Cannot find module '../chunks/ssr/[turbopack]_runtime.js'
Require stack:
- C:\Users\janpa\cd\development\fin\.next\dev\server\pages\_document.js
- C:\Users\janpa\cd\development\fin\node_modules\next\dist\server\require.js
- C:\Users\janpa\cd\development\fin\node_modules\next\dist\server\load-components.js
- C:\Users\janpa\cd\development\fin\node_modules\next\dist\build\utils.js
- C:\Users\janpa\cd\development\fin\node_modules\next\dist\build\swc\options.js
- C:\Users\janpa\cd\development\fin\node_modules\next\dist\build\swc\index.js
- C:\Users\janpa\cd\development\fin\node_modules\next\dist\build\next-config-ts\transpile-config.js
- C:\Users\janpa\cd\development\fin\node_modules\next\dist\server\config.js
- C:\Users\janpa\cd\development\fin\node_modules\next\dist\server\next.js
- C:\Users\janpa\cd\development\fin\node_modules\next\dist\server\lib\start-server.js
    at Object.<anonymous> (C:\Users\janpa\cd\development\fin\.next\dev\server\pages\_document.js:1:7) {
  code: 'MODULE_NOT_FOUND',
  requireStack: [Array]
}
Error: ENOENT: no such file or directory, open 'C:\Users\janpa\cd\development\fin\.next\dev\routes-manifest.json'
    at ignore-listed frames {
  errno: -4058,
  code: 'ENOENT',
  syscall: 'open',
  path: 'C:\\Users\\janpa\\cd\\development\\fin\\.next\\dev\\routes-manifest.json'
}
 GET /test-empty-badge-eval 500 in 1451ms (compile: 91ms, proxy.ts: 1347ms, render: 13ms)
Error: ENOENT: no such file or directory, open 'C:\Users\janpa\cd\development\fin\.next\dev\routes-manifest.json'
    at ignore-listed frames {
  errno: -4058,
  code: 'ENOENT',
  syscall: 'open',
  path: 'C:\\Users\\janpa\\cd\\development\\fin\\.next\\dev\\routes-manifest.json'
}
 GET /login 500 in 1489ms (compile: 79ms, proxy.ts: 1393ms, render: 17ms)
⨯ Error: Cannot find module '../chunks/ssr/[turbopack]_runtime.js'
Require stack:
- C:\Users\janpa\cd\development\fin\.next\dev\server\pages\_document.js
- C:\Users\janpa\cd\development\fin\node_modules\next\dist\server\require.js
- C:\Users\janpa\cd\development\fin\node_modules\next\dist\server\load-components.js
- C:\Users\janpa\cd\development\fin\node_modules\next\dist\build\utils.js
- C:\Users\janpa\cd\development\fin\node_modules\next\dist\build\swc\options.js
- C:\Users\janpa\cd\development\fin\node_modules\next\dist\build\swc\index.js
- C:\Users\janpa\cd\development\fin\node_modules\next\dist\build\next-config-ts\transpile-config.js
- C:\Users\janpa\cd\development\fin\node_modules\next\dist\server\config.js
- C:\Users\janpa\cd\development\fin\node_modules\next\dist\server\next.js
- C:\Users\janpa\cd\development\fin\node_modules\next\dist\server\lib\start-server.js
    at Object.<anonymous> (C:\Users\janpa\cd\development\fin\.next\dev\server\pages\_document.js:1:7) {
  code: 'MODULE_NOT_FOUND',
  requireStack: [Array]
}
⨯ Error: Cannot find module '../chunks/ssr/[turbopack]_runtime.js'
Require stack:
- C:\Users\janpa\cd\development\fin\.next\dev\server\pages\_document.js
- C:\Users\janpa\cd\development\fin\node_modules\next\dist\server\require.js
- C:\Users\janpa\cd\development\fin\node_modules\next\dist\server\load-components.js
- C:\Users\janpa\cd\development\fin\node_modules\next\dist\build\utils.js
- C:\Users\janpa\cd\development\fin\node_modules\next\dist\build\swc\options.js
- C:\Users\janpa\cd\development\fin\node_modules\next\dist\build\swc\index.js
- C:\Users\janpa\cd\development\fin\node_modules\next\dist\build\next-config-ts\transpile-config.js
- C:\Users\janpa\cd\development\fin\node_modules\next\dist\server\config.js
- C:\Users\janpa\cd\development\fin\node_modules\next\dist\server\next.js
- C:\Users\janpa\cd\development\fin\node_modules\next\dist\server\lib\start-server.js
    at Object.<anonymous> (C:\Users\janpa\cd\development\fin\.next\dev\server\pages\_document.js:1:7) {
  code: 'MODULE_NOT_FOUND',
  requireStack: [Array]
}
⨯ Error: Cannot find module '../chunks/ssr/[turbopack]_runtime.js'
Require stack:
- C:\Users\janpa\cd\development\fin\.next\dev\server\pages\_document.js
- C:\Users\janpa\cd\development\fin\node_modules\next\dist\server\require.js
- C:\Users\janpa\cd\development\fin\node_modules\next\dist\server\load-components.js
- C:\Users\janpa\cd\development\fin\node_modules\next\dist\build\utils.js
- C:\Users\janpa\cd\development\fin\node_modules\next\dist\build\swc\options.js
- C:\Users\janpa\cd\development\fin\node_modules\next\dist\build\swc\index.js
- C:\Users\janpa\cd\development\fin\node_modules\next\dist\build\next-config-ts\transpile-config.js
- C:\Users\janpa\cd\development\fin\node_modules\next\dist\server\config.js
- C:\Users\janpa\cd\development\fin\node_modules\next\dist\server\next.js
- C:\Users\janpa\cd\development\fin\node_modules\next\dist\server\lib\start-server.js
    at Object.<anonymous> (C:\Users\janpa\cd\development\fin\.next\dev\server\pages\_document.js:1:7) {
  code: 'MODULE_NOT_FOUND',
  requireStack: [Array]
}
⨯ Error: Cannot find module '../chunks/ssr/[turbopack]_runtime.js'
Require stack:
- C:\Users\janpa\cd\development\fin\.next\dev\server\pages\_document.js
- C:\Users\janpa\cd\development\fin\node_modules\next\dist\server\require.js
- C:\Users\janpa\cd\development\fin\node_modules\next\dist\server\load-components.js
- C:\Users\janpa\cd\development\fin\node_modules\next\dist\build\utils.js
- C:\Users\janpa\cd\development\fin\node_modules\next\dist\build\swc\options.js
- C:\Users\janpa\cd\development\fin\node_modules\next\dist\build\swc\index.js
- C:\Users\janpa\cd\development\fin\node_modules\next\dist\build\next-config-ts\transpile-config.js
- C:\Users\janpa\cd\development\fin\node_modules\next\dist\server\config.js
- C:\Users\janpa\cd\development\fin\node_modules\next\dist\server\next.js
- C:\Users\janpa\cd\development\fin\node_modules\next\dist\server\lib\start-server.js
    at Object.<anonymous> (C:\Users\janpa\cd\development\fin\.next\dev\server\pages\_document.js:1:7) {
  code: 'MODULE_NOT_FOUND',
  requireStack: [Array]
}
⨯ Error: Cannot find module '../../chunks/ssr/[turbopack]_runtime.js'
Require stack:
- C:\Users\janpa\cd\development\fin\.next\dev\server\app\_not-found\page.js
- C:\Users\janpa\cd\development\fin\node_modules\next\dist\server\require.js
- C:\Users\janpa\cd\development\fin\node_modules\next\dist\server\load-components.js
- C:\Users\janpa\cd\development\fin\node_modules\next\dist\build\utils.js
- C:\Users\janpa\cd\development\fin\node_modules\next\dist\build\swc\options.js
- C:\Users\janpa\cd\development\fin\node_modules\next\dist\build\swc\index.js
- C:\Users\janpa\cd\development\fin\node_modules\next\dist\build\next-config-ts\transpile-config.js
- C:\Users\janpa\cd\development\fin\node_modules\next\dist\server\config.js
- C:\Users\janpa\cd\development\fin\node_modules\next\dist\server\next.js
- C:\Users\janpa\cd\development\fin\node_modules\next\dist\server\lib\start-server.js
    at Object.<anonymous> (C:\Users\janpa\cd\development\fin\.next\dev\server\app\_not-found\page.js:1:7) {
  code: 'MODULE_NOT_FOUND',
  requireStack: [Array]
}
⨯ Error: Cannot find module '../../chunks/ssr/[turbopack]_runtime.js'
Require stack:
- C:\Users\janpa\cd\development\fin\.next\dev\server\app\_not-found\page.js
- C:\Users\janpa\cd\development\fin\node_modules\next\dist\server\require.js
- C:\Users\janpa\cd\development\fin\node_modules\next\dist\server\load-components.js
- C:\Users\janpa\cd\development\fin\node_modules\next\dist\build\utils.js
- C:\Users\janpa\cd\development\fin\node_modules\next\dist\build\swc\options.js
- C:\Users\janpa\cd\development\fin\node_modules\next\dist\build\swc\index.js
- C:\Users\janpa\cd\development\fin\node_modules\next\dist\build\next-config-ts\transpile-config.js
- C:\Users\janpa\cd\development\fin\node_modules\next\dist\server\config.js
- C:\Users\janpa\cd\development\fin\node_modules\next\dist\server\next.js
- C:\Users\janpa\cd\development\fin\node_modules\next\dist\server\lib\start-server.js
    at Object.<anonymous> (C:\Users\janpa\cd\development\fin\.next\dev\server\app\_not-found\page.js:1:7) {
  code: 'MODULE_NOT_FOUND',
  requireStack: [Array]
}
⨯ Error: Cannot find module '../../chunks/ssr/[turbopack]_runtime.js'
Require stack:
- C:\Users\janpa\cd\development\fin\.next\dev\server\app\_not-found\page.js
- C:\Users\janpa\cd\development\fin\node_modules\next\dist\server\require.js
- C:\Users\janpa\cd\development\fin\node_modules\next\dist\server\load-components.js
- C:\Users\janpa\cd\development\fin\node_modules\next\dist\build\utils.js
- C:\Users\janpa\cd\development\fin\node_modules\next\dist\build\swc\options.js
- C:\Users\janpa\cd\development\fin\node_modules\next\dist\build\swc\index.js
- C:\Users\janpa\cd\development\fin\node_modules\next\dist\build\next-config-ts\transpile-config.js
- C:\Users\janpa\cd\development\fin\node_modules\next\dist\server\config.js
- C:\Users\janpa\cd\development\fin\node_modules\next\dist\server\next.js
- C:\Users\janpa\cd\development\fin\node_modules\next\dist\server\lib\start-server.js
    at Object.<anonymous> (C:\Users\janpa\cd\development\fin\.next\dev\server\app\_not-found\page.js:1:7) {
  code: 'MODULE_NOT_FOUND',
  requireStack: [Array]
}
⨯ Error: Cannot find module '../../chunks/ssr/[turbopack]_runtime.js'
Require stack:
- C:\Users\janpa\cd\development\fin\.next\dev\server\app\_not-found\page.js
- C:\Users\janpa\cd\development\fin\node_modules\next\dist\server\require.js
- C:\Users\janpa\cd\development\fin\node_modules\next\dist\server\load-components.js
- C:\Users\janpa\cd\development\fin\node_modules\next\dist\build\utils.js
- C:\Users\janpa\cd\development\fin\node_modules\next\dist\build\swc\options.js
- C:\Users\janpa\cd\development\fin\node_modules\next\dist\build\swc\index.js
- C:\Users\janpa\cd\development\fin\node_modules\next\dist\build\next-config-ts\transpile-config.js
- C:\Users\janpa\cd\development\fin\node_modules\next\dist\server\config.js
- C:\Users\janpa\cd\development\fin\node_modules\next\dist\server\next.js
- C:\Users\janpa\cd\development\fin\node_modules\next\dist\server\lib\start-server.js
    at Object.<anonymous> (C:\Users\janpa\cd\development\fin\.next\dev\server\app\_not-found\page.js:1:7) {
  code: 'MODULE_NOT_FOUND',
  requireStack: [Array]
}
Error: ENOENT: no such file or directory, open 'C:\Users\janpa\cd\development\fin\.next\dev\routes-manifest.json'
    at ignore-listed frames {
  errno: -4058,
  code: 'ENOENT',
  syscall: 'open',
  path: 'C:\\Users\\janpa\\cd\\development\\fin\\.next\\dev\\routes-manifest.json'
}
Error: ENOENT: no such file or directory, open 'C:\Users\janpa\cd\development\fin\.next\dev\routes-manifest.json'
    at ignore-listed frames {
  errno: -4058,
  code: 'ENOENT',
  syscall: 'open',
  path: 'C:\\Users\\janpa\\cd\\development\\fin\\.next\\dev\\routes-manifest.json'
}
Error: ENOENT: no such file or directory, open 'C:\Users\janpa\cd\development\fin\.next\dev\routes-manifest.json'
    at ignore-listed frames {
  errno: -4058,
  code: 'ENOENT',
  syscall: 'open',
  path: 'C:\\Users\\janpa\\cd\\development\\fin\\.next\\dev\\routes-manifest.json'
}
Error: ENOENT: no such file or directory, open 'C:\Users\janpa\cd\development\fin\.next\dev\routes-manifest.json'
    at ignore-listed frames {
  errno: -4058,
  code: 'ENOENT',
  syscall: 'open',
  path: 'C:\\Users\\janpa\\cd\\development\\fin\\.next\\dev\\routes-manifest.json'
}
⨯ Error: Cannot find module '../chunks/ssr/[turbopack]_runtime.js'
Require stack:
- C:\Users\janpa\cd\development\fin\.next\dev\server\pages\_document.js
- C:\Users\janpa\cd\development\fin\node_modules\next\dist\server\require.js
- C:\Users\janpa\cd\development\fin\node_modules\next\dist\server\load-components.js
- C:\Users\janpa\cd\development\fin\node_modules\next\dist\build\utils.js
- C:\Users\janpa\cd\development\fin\node_modules\next\dist\build\swc\options.js
- C:\Users\janpa\cd\development\fin\node_modules\next\dist\build\swc\index.js
- C:\Users\janpa\cd\development\fin\node_modules\next\dist\build\next-config-ts\transpile-config.js
- C:\Users\janpa\cd\development\fin\node_modules\next\dist\server\config.js
- C:\Users\janpa\cd\development\fin\node_modules\next\dist\server\next.js
- C:\Users\janpa\cd\development\fin\node_modules\next\dist\server\lib\start-server.js
    at Object.<anonymous> (C:\Users\janpa\cd\development\fin\.next\dev\server\pages\_document.js:1:7) {
  code: 'MODULE_NOT_FOUND',
  requireStack: [Array]
}
⨯ Error: Cannot find module '../chunks/ssr/[turbopack]_runtime.js'
Require stack:
- C:\Users\janpa\cd\development\fin\.next\dev\server\pages\_document.js
- C:\Users\janpa\cd\development\fin\node_modules\next\dist\server\require.js
- C:\Users\janpa\cd\development\fin\node_modules\next\dist\server\load-components.js
- C:\Users\janpa\cd\development\fin\node_modules\next\dist\build\utils.js
- C:\Users\janpa\cd\development\fin\node_modules\next\dist\build\swc\options.js
- C:\Users\janpa\cd\development\fin\node_modules\next\dist\build\swc\index.js
- C:\Users\janpa\cd\development\fin\node_modules\next\dist\build\next-config-ts\transpile-config.js
- C:\Users\janpa\cd\development\fin\node_modules\next\dist\server\config.js
- C:\Users\janpa\cd\development\fin\node_modules\next\dist\server\next.js
- C:\Users\janpa\cd\development\fin\node_modules\next\dist\server\lib\start-server.js
    at Object.<anonymous> (C:\Users\janpa\cd\development\fin\.next\dev\server\pages\_document.js:1:7) {
  code: 'MODULE_NOT_FOUND',
  requireStack: [Array]
}
⨯ Error: Cannot find module '../chunks/ssr/[turbopack]_runtime.js'
Require stack:
- C:\Users\janpa\cd\development\fin\.next\dev\server\pages\_document.js
- C:\Users\janpa\cd\development\fin\node_modules\next\dist\server\require.js
- C:\Users\janpa\cd\development\fin\node_modules\next\dist\server\load-components.js
- C:\Users\janpa\cd\development\fin\node_modules\next\dist\build\utils.js
- C:\Users\janpa\cd\development\fin\node_modules\next\dist\build\swc\options.js
- C:\Users\janpa\cd\development\fin\node_modules\next\dist\build\swc\index.js
- C:\Users\janpa\cd\development\fin\node_modules\next\dist\build\next-config-ts\transpile-config.js
- C:\Users\janpa\cd\development\fin\node_modules\next\dist\server\config.js
- C:\Users\janpa\cd\development\fin\node_modules\next\dist\server\next.js
- C:\Users\janpa\cd\development\fin\node_modules\next\dist\server\lib\start-server.js
    at Object.<anonymous> (C:\Users\janpa\cd\development\fin\.next\dev\server\pages\_document.js:1:7) {
  code: 'MODULE_NOT_FOUND',
  requireStack: [Array]
}
⨯ Error: Cannot find module '../chunks/ssr/[turbopack]_runtime.js'
Require stack:
- C:\Users\janpa\cd\development\fin\.next\dev\server\pages\_document.js
- C:\Users\janpa\cd\development\fin\node_modules\next\dist\server\require.js
- C:\Users\janpa\cd\development\fin\node_modules\next\dist\server\load-components.js
- C:\Users\janpa\cd\development\fin\node_modules\next\dist\build\utils.js
- C:\Users\janpa\cd\development\fin\node_modules\next\dist\build\swc\options.js
- C:\Users\janpa\cd\development\fin\node_modules\next\dist\build\swc\index.js
- C:\Users\janpa\cd\development\fin\node_modules\next\dist\build\next-config-ts\transpile-config.js
- C:\Users\janpa\cd\development\fin\node_modules\next\dist\server\config.js
- C:\Users\janpa\cd\development\fin\node_modules\next\dist\server\next.js
- C:\Users\janpa\cd\development\fin\node_modules\next\dist\server\lib\start-server.js
    at Object.<anonymous> (C:\Users\janpa\cd\development\fin\.next\dev\server\pages\_document.js:1:7) {
  code: 'MODULE_NOT_FOUND',
  requireStack: [Array]
}
Error: ENOENT: no such file or directory, open 'C:\Users\janpa\cd\development\fin\.next\dev\routes-manifest.json'
    at ignore-listed frames {
  errno: -4058,
  code: 'ENOENT',
  syscall: 'open',
  path: 'C:\\Users\\janpa\\cd\\development\\fin\\.next\\dev\\routes-manifest.json'
}
 GET /test-empty-badge-eval 500 in 424ms (compile: 186ms, proxy.ts: 225ms, render: 13ms)
Error: ENOENT: no such file or directory, open 'C:\Users\janpa\cd\development\fin\.next\dev\routes-manifest.json'
    at ignore-listed frames {
  errno: -4058,
  code: 'ENOENT',
  syscall: 'open',
  path: 'C:\\Users\\janpa\\cd\\development\\fin\\.next\\dev\\routes-manifest.json'
}
 GET /test-empty-badge-eval 500 in 440ms (compile: 176ms, proxy.ts: 250ms, render: 14ms)
Error: ENOENT: no such file or directory, open 'C:\Users\janpa\cd\development\fin\.next\dev\routes-manifest.json'
    at ignore-listed frames {
  errno: -4058,
  code: 'ENOENT',
  syscall: 'open',
  path: 'C:\\Users\\janpa\\cd\\development\\fin\\.next\\dev\\routes-manifest.json'
}
 GET /login 500 in 461ms (compile: 178ms, proxy.ts: 266ms, render: 17ms)
Error: ENOENT: no such file or directory, open 'C:\Users\janpa\cd\development\fin\.next\dev\routes-manifest.json'
    at ignore-listed frames {
  errno: -4058,
  code: 'ENOENT',
  syscall: 'open',
  path: 'C:\\Users\\janpa\\cd\\development\\fin\\.next\\dev\\routes-manifest.json'
}
 GET /login 500 in 479ms (compile: 174ms, proxy.ts: 288ms, render: 17ms)
⨯ Error: Cannot find module '../chunks/ssr/[turbopack]_runtime.js'
Require stack:
- C:\Users\janpa\cd\development\fin\.next\dev\server\pages\_document.js
- C:\Users\janpa\cd\development\fin\node_modules\next\dist\server\require.js
- C:\Users\janpa\cd\development\fin\node_modules\next\dist\server\load-components.js
- C:\Users\janpa\cd\development\fin\node_modules\next\dist\build\utils.js
- C:\Users\janpa\cd\development\fin\node_modules\next\dist\build\swc\options.js
- C:\Users\janpa\cd\development\fin\node_modules\next\dist\build\swc\index.js
- C:\Users\janpa\cd\development\fin\node_modules\next\dist\build\next-config-ts\transpile-config.js
- C:\Users\janpa\cd\development\fin\node_modules\next\dist\server\config.js
- C:\Users\janpa\cd\development\fin\node_modules\next\dist\server\next.js
- C:\Users\janpa\cd\development\fin\node_modules\next\dist\server\lib\start-server.js
    at Object.<anonymous> (C:\Users\janpa\cd\development\fin\.next\dev\server\pages\_document.js:1:7) {
  code: 'MODULE_NOT_FOUND',
  requireStack: [Array]
}
⨯ Error: Cannot find module '../chunks/ssr/[turbopack]_runtime.js'
Require stack:
- C:\Users\janpa\cd\development\fin\.next\dev\server\pages\_document.js
- C:\Users\janpa\cd\development\fin\node_modules\next\dist\server\require.js
- C:\Users\janpa\cd\development\fin\node_modules\next\dist\server\load-components.js
- C:\Users\janpa\cd\development\fin\node_modules\next\dist\build\utils.js
- C:\Users\janpa\cd\development\fin\node_modules\next\dist\build\swc\options.js
- C:\Users\janpa\cd\development\fin\node_modules\next\dist\build\swc\index.js
- C:\Users\janpa\cd\development\fin\node_modules\next\dist\build\next-config-ts\transpile-config.js
- C:\Users\janpa\cd\development\fin\node_modules\next\dist\server\config.js
- C:\Users\janpa\cd\development\fin\node_modules\next\dist\server\next.js
- C:\Users\janpa\cd\development\fin\node_modules\next\dist\server\lib\start-server.js
    at Object.<anonymous> (C:\Users\janpa\cd\development\fin\.next\dev\server\pages\_document.js:1:7) {
  code: 'MODULE_NOT_FOUND',
  requireStack: [Array]
}
⨯ Error: Cannot find module '../chunks/ssr/[turbopack]_runtime.js'
Require stack:
- C:\Users\janpa\cd\development\fin\.next\dev\server\pages\_document.js
- C:\Users\janpa\cd\development\fin\node_modules\next\dist\server\require.js
- C:\Users\janpa\cd\development\fin\node_modules\next\dist\server\load-components.js
- C:\Users\janpa\cd\development\fin\node_modules\next\dist\build\utils.js
- C:\Users\janpa\cd\development\fin\node_modules\next\dist\build\swc\options.js
- C:\Users\janpa\cd\development\fin\node_modules\next\dist\build\swc\index.js
- C:\Users\janpa\cd\development\fin\node_modules\next\dist\build\next-config-ts\transpile-config.js
- C:\Users\janpa\cd\development\fin\node_modules\next\dist\server\config.js
- C:\Users\janpa\cd\development\fin\node_modules\next\dist\server\next.js
- C:\Users\janpa\cd\development\fin\node_modules\next\dist\server\lib\start-server.js
    at Object.<anonymous> (C:\Users\janpa\cd\development\fin\.next\dev\server\pages\_document.js:1:7) {
  code: 'MODULE_NOT_FOUND',
  requireStack: [Array]
}
⨯ Error: Cannot find module '../chunks/ssr/[turbopack]_runtime.js'
Require stack:
- C:\Users\janpa\cd\development\fin\.next\dev\server\pages\_document.js
- C:\Users\janpa\cd\development\fin\node_modules\next\dist\server\require.js
- C:\Users\janpa\cd\development\fin\node_modules\next\dist\server\load-components.js
- C:\Users\janpa\cd\development\fin\node_modules\next\dist\build\utils.js
- C:\Users\janpa\cd\development\fin\node_modules\next\dist\build\swc\options.js
- C:\Users\janpa\cd\development\fin\node_modules\next\dist\build\swc\index.js
- C:\Users\janpa\cd\development\fin\node_modules\next\dist\build\next-config-ts\transpile-config.js
- C:\Users\janpa\cd\development\fin\node_modules\next\dist\server\config.js
- C:\Users\janpa\cd\development\fin\node_modules\next\dist\server\next.js
- C:\Users\janpa\cd\development\fin\node_modules\next\dist\server\lib\start-server.js
    at Object.<anonymous> (C:\Users\janpa\cd\development\fin\.next\dev\server\pages\_document.js:1:7) {
  code: 'MODULE_NOT_FOUND',
  requireStack: [Array]
}
⨯ Error: Cannot find module '../chunks/ssr/[turbopack]_runtime.js'
Require stack:
- C:\Users\janpa\cd\development\fin\.next\dev\server\pages\_document.js
- C:\Users\janpa\cd\development\fin\node_modules\next\dist\server\require.js
- C:\Users\janpa\cd\development\fin\node_modules\next\dist\server\load-components.js
- C:\Users\janpa\cd\development\fin\node_modules\next\dist\build\utils.js
- C:\Users\janpa\cd\development\fin\node_modules\next\dist\build\swc\options.js
- C:\Users\janpa\cd\development\fin\node_modules\next\dist\build\swc\index.js
- C:\Users\janpa\cd\development\fin\node_modules\next\dist\build\next-config-ts\transpile-config.js
- C:\Users\janpa\cd\development\fin\node_modules\next\dist\server\config.js
- C:\Users\janpa\cd\development\fin\node_modules\next\dist\server\next.js
- C:\Users\janpa\cd\development\fin\node_modules\next\dist\server\lib\start-server.js
    at Object.<anonymous> (C:\Users\janpa\cd\development\fin\.next\dev\server\pages\_document.js:1:7) {
  code: 'MODULE_NOT_FOUND',
  requireStack: [Array]
}
⨯ Error: Cannot find module '../chunks/ssr/[turbopack]_runtime.js'
Require stack:
- C:\Users\janpa\cd\development\fin\.next\dev\server\pages\_document.js
- C:\Users\janpa\cd\development\fin\node_modules\next\dist\server\require.js
- C:\Users\janpa\cd\development\fin\node_modules\next\dist\server\load-components.js
- C:\Users\janpa\cd\development\fin\node_modules\next\dist\build\utils.js
- C:\Users\janpa\cd\development\fin\node_modules\next\dist\build\swc\options.js
- C:\Users\janpa\cd\development\fin\node_modules\next\dist\build\swc\index.js
- C:\Users\janpa\cd\development\fin\node_modules\next\dist\build\next-config-ts\transpile-config.js
- C:\Users\janpa\cd\development\fin\node_modules\next\dist\server\config.js
- C:\Users\janpa\cd\development\fin\node_modules\next\dist\server\next.js
- C:\Users\janpa\cd\development\fin\node_modules\next\dist\server\lib\start-server.js
    at Object.<anonymous> (C:\Users\janpa\cd\development\fin\.next\dev\server\pages\_document.js:1:7) {
  code: 'MODULE_NOT_FOUND',
  requireStack: [Array]
}
⨯ Error: Cannot find module '../chunks/ssr/[turbopack]_runtime.js'
Require stack:
- C:\Users\janpa\cd\development\fin\.next\dev\server\pages\_document.js
- C:\Users\janpa\cd\development\fin\node_modules\next\dist\server\require.js
- C:\Users\janpa\cd\development\fin\node_modules\next\dist\server\load-components.js
- C:\Users\janpa\cd\development\fin\node_modules\next\dist\build\utils.js
- C:\Users\janpa\cd\development\fin\node_modules\next\dist\build\swc\options.js
- C:\Users\janpa\cd\development\fin\node_modules\next\dist\build\swc\index.js
- C:\Users\janpa\cd\development\fin\node_modules\next\dist\build\next-config-ts\transpile-config.js
- C:\Users\janpa\cd\development\fin\node_modules\next\dist\server\config.js
- C:\Users\janpa\cd\development\fin\node_modules\next\dist\server\next.js
- C:\Users\janpa\cd\development\fin\node_modules\next\dist\server\lib\start-server.js
    at Object.<anonymous> (C:\Users\janpa\cd\development\fin\.next\dev\server\pages\_document.js:1:7) {
  code: 'MODULE_NOT_FOUND',
  requireStack: [Array]
}
⨯ Error: Cannot find module '../chunks/ssr/[turbopack]_runtime.js'
Require stack:
- C:\Users\janpa\cd\development\fin\.next\dev\server\pages\_document.js
- C:\Users\janpa\cd\development\fin\node_modules\next\dist\server\require.js
- C:\Users\janpa\cd\development\fin\node_modules\next\dist\server\load-components.js
- C:\Users\janpa\cd\development\fin\node_modules\next\dist\build\utils.js
- C:\Users\janpa\cd\development\fin\node_modules\next\dist\build\swc\options.js
- C:\Users\janpa\cd\development\fin\node_modules\next\dist\build\swc\index.js
- C:\Users\janpa\cd\development\fin\node_modules\next\dist\build\next-config-ts\transpile-config.js
- C:\Users\janpa\cd\development\fin\node_modules\next\dist\server\config.js
- C:\Users\janpa\cd\development\fin\node_modules\next\dist\server\next.js
- C:\Users\janpa\cd\development\fin\node_modules\next\dist\server\lib\start-server.js
    at Object.<anonymous> (C:\Users\janpa\cd\development\fin\.next\dev\server\pages\_document.js:1:7) {
  code: 'MODULE_NOT_FOUND',
  requireStack: [Array]
}
⨯ Error: Cannot find module '../chunks/ssr/[turbopack]_runtime.js'
Require stack:
- C:\Users\janpa\cd\development\fin\.next\dev\server\pages\_document.js
- C:\Users\janpa\cd\development\fin\node_modules\next\dist\server\require.js
- C:\Users\janpa\cd\development\fin\node_modules\next\dist\server\load-components.js
- C:\Users\janpa\cd\development\fin\node_modules\next\dist\build\utils.js
- C:\Users\janpa\cd\development\fin\node_modules\next\dist\build\swc\options.js
- C:\Users\janpa\cd\development\fin\node_modules\next\dist\build\swc\index.js
- C:\Users\janpa\cd\development\fin\node_modules\next\dist\build\next-config-ts\transpile-config.js
- C:\Users\janpa\cd\development\fin\node_modules\next\dist\server\config.js
- C:\Users\janpa\cd\development\fin\node_modules\next\dist\server\next.js
- C:\Users\janpa\cd\development\fin\node_modules\next\dist\server\lib\start-server.js
    at Object.<anonymous> (C:\Users\janpa\cd\development\fin\.next\dev\server\pages\_document.js:1:7) {
  code: 'MODULE_NOT_FOUND',
  requireStack: [Array]
}
⨯ Error: Cannot find module '../chunks/ssr/[turbopack]_runtime.js'
Require stack:
- C:\Users\janpa\cd\development\fin\.next\dev\server\pages\_document.js
- C:\Users\janpa\cd\development\fin\node_modules\next\dist\server\require.js
- C:\Users\janpa\cd\development\fin\node_modules\next\dist\server\load-components.js
- C:\Users\janpa\cd\development\fin\node_modules\next\dist\build\utils.js
- C:\Users\janpa\cd\development\fin\node_modules\next\dist\build\swc\options.js
- C:\Users\janpa\cd\development\fin\node_modules\next\dist\build\swc\index.js
- C:\Users\janpa\cd\development\fin\node_modules\next\dist\build\next-config-ts\transpile-config.js
- C:\Users\janpa\cd\development\fin\node_modules\next\dist\server\config.js
- C:\Users\janpa\cd\development\fin\node_modules\next\dist\server\next.js
- C:\Users\janpa\cd\development\fin\node_modules\next\dist\server\lib\start-server.js
    at Object.<anonymous> (C:\Users\janpa\cd\development\fin\.next\dev\server\pages\_document.js:1:7) {
  code: 'MODULE_NOT_FOUND',
  requireStack: [Array]
}
⨯ Error: Cannot find module '../chunks/ssr/[turbopack]_runtime.js'
Require stack:
- C:\Users\janpa\cd\development\fin\.next\dev\server\pages\_document.js
- C:\Users\janpa\cd\development\fin\node_modules\next\dist\server\require.js
- C:\Users\janpa\cd\development\fin\node_modules\next\dist\server\load-components.js
- C:\Users\janpa\cd\development\fin\node_modules\next\dist\build\utils.js
- C:\Users\janpa\cd\development\fin\node_modules\next\dist\build\swc\options.js
- C:\Users\janpa\cd\development\fin\node_modules\next\dist\build\swc\index.js
- C:\Users\janpa\cd\development\fin\node_modules\next\dist\build\next-config-ts\transpile-config.js
- C:\Users\janpa\cd\development\fin\node_modules\next\dist\server\config.js
- C:\Users\janpa\cd\development\fin\node_modules\next\dist\server\next.js
- C:\Users\janpa\cd\development\fin\node_modules\next\dist\server\lib\start-server.js
    at Object.<anonymous> (C:\Users\janpa\cd\development\fin\.next\dev\server\pages\_document.js:1:7) {
  code: 'MODULE_NOT_FOUND',
  requireStack: [Array]
}
⨯ Error: Cannot find module '../chunks/ssr/[turbopack]_runtime.js'
Require stack:
- C:\Users\janpa\cd\development\fin\.next\dev\server\pages\_document.js
- C:\Users\janpa\cd\development\fin\node_modules\next\dist\server\require.js
- C:\Users\janpa\cd\development\fin\node_modules\next\dist\server\load-components.js
- C:\Users\janpa\cd\development\fin\node_modules\next\dist\build\utils.js
- C:\Users\janpa\cd\development\fin\node_modules\next\dist\build\swc\options.js
- C:\Users\janpa\cd\development\fin\node_modules\next\dist\build\swc\index.js
- C:\Users\janpa\cd\development\fin\node_modules\next\dist\build\next-config-ts\transpile-config.js
- C:\Users\janpa\cd\development\fin\node_modules\next\dist\server\config.js
- C:\Users\janpa\cd\development\fin\node_modules\next\dist\server\next.js
- C:\Users\janpa\cd\development\fin\node_modules\next\dist\server\lib\start-server.js
    at Object.<anonymous> (C:\Users\janpa\cd\development\fin\.next\dev\server\pages\_document.js:1:7) {
  code: 'MODULE_NOT_FOUND',
  requireStack: [Array]
}
⨯ Error: Cannot find module '../chunks/ssr/[turbopack]_runtime.js'
Require stack:
- C:\Users\janpa\cd\development\fin\.next\dev\server\pages\_document.js
- C:\Users\janpa\cd\development\fin\node_modules\next\dist\server\require.js
- C:\Users\janpa\cd\development\fin\node_modules\next\dist\server\load-components.js
- C:\Users\janpa\cd\development\fin\node_modules\next\dist\build\utils.js
- C:\Users\janpa\cd\development\fin\node_modules\next\dist\build\swc\options.js
- C:\Users\janpa\cd\development\fin\node_modules\next\dist\build\swc\index.js
- C:\Users\janpa\cd\development\fin\node_modules\next\dist\build\next-config-ts\transpile-config.js
- C:\Users\janpa\cd\development\fin\node_modules\next\dist\server\config.js
- C:\Users\janpa\cd\development\fin\node_modules\next\dist\server\next.js
- C:\Users\janpa\cd\development\fin\node_modules\next\dist\server\lib\start-server.js
    at Object.<anonymous> (C:\Users\janpa\cd\development\fin\.next\dev\server\pages\_document.js:1:7) {
  code: 'MODULE_NOT_FOUND',
  requireStack: [Array]
}
⨯ Error: Cannot find module '../chunks/ssr/[turbopack]_runtime.js'
Require stack:
- C:\Users\janpa\cd\development\fin\.next\dev\server\pages\_document.js
- C:\Users\janpa\cd\development\fin\node_modules\next\dist\server\require.js
- C:\Users\janpa\cd\development\fin\node_modules\next\dist\server\load-components.js
- C:\Users\janpa\cd\development\fin\node_modules\next\dist\build\utils.js
- C:\Users\janpa\cd\development\fin\node_modules\next\dist\build\swc\options.js
- C:\Users\janpa\cd\development\fin\node_modules\next\dist\build\swc\index.js
- C:\Users\janpa\cd\development\fin\node_modules\next\dist\build\next-config-ts\transpile-config.js
- C:\Users\janpa\cd\development\fin\node_modules\next\dist\server\config.js
- C:\Users\janpa\cd\development\fin\node_modules\next\dist\server\next.js
- C:\Users\janpa\cd\development\fin\node_modules\next\dist\server\lib\start-server.js
    at Object.<anonymous> (C:\Users\janpa\cd\development\fin\.next\dev\server\pages\_document.js:1:7) {
  code: 'MODULE_NOT_FOUND',
  requireStack: [Array]
}
⨯ Error: Cannot find module '../chunks/ssr/[turbopack]_runtime.js'
Require stack:
- C:\Users\janpa\cd\development\fin\.next\dev\server\pages\_document.js
- C:\Users\janpa\cd\development\fin\node_modules\next\dist\server\require.js
- C:\Users\janpa\cd\development\fin\node_modules\next\dist\server\load-components.js
- C:\Users\janpa\cd\development\fin\node_modules\next\dist\build\utils.js
- C:\Users\janpa\cd\development\fin\node_modules\next\dist\build\swc\options.js
- C:\Users\janpa\cd\development\fin\node_modules\next\dist\build\swc\index.js
- C:\Users\janpa\cd\development\fin\node_modules\next\dist\build\next-config-ts\transpile-config.js
- C:\Users\janpa\cd\development\fin\node_modules\next\dist\server\config.js
- C:\Users\janpa\cd\development\fin\node_modules\next\dist\server\next.js
- C:\Users\janpa\cd\development\fin\node_modules\next\dist\server\lib\start-server.js
    at Object.<anonymous> (C:\Users\janpa\cd\development\fin\.next\dev\server\pages\_document.js:1:7) {
  code: 'MODULE_NOT_FOUND',
  requireStack: [Array]
}
⨯ Error: Cannot find module '../chunks/ssr/[turbopack]_runtime.js'
Require stack:
- C:\Users\janpa\cd\development\fin\.next\dev\server\pages\_document.js
- C:\Users\janpa\cd\development\fin\node_modules\next\dist\server\require.js
- C:\Users\janpa\cd\development\fin\node_modules\next\dist\server\load-components.js
- C:\Users\janpa\cd\development\fin\node_modules\next\dist\build\utils.js
- C:\Users\janpa\cd\development\fin\node_modules\next\dist\build\swc\options.js
- C:\Users\janpa\cd\development\fin\node_modules\next\dist\build\swc\index.js
- C:\Users\janpa\cd\development\fin\node_modules\next\dist\build\next-config-ts\transpile-config.js
- C:\Users\janpa\cd\development\fin\node_modules\next\dist\server\config.js
- C:\Users\janpa\cd\development\fin\node_modules\next\dist\server\next.js
- C:\Users\janpa\cd\development\fin\node_modules\next\dist\server\lib\start-server.js
    at Object.<anonymous> (C:\Users\janpa\cd\development\fin\.next\dev\server\pages\_document.js:1:7) {
  code: 'MODULE_NOT_FOUND',
  requireStack: [Array]
}
⨯ Error: Cannot find module '../chunks/ssr/[turbopack]_runtime.js'
Require stack:
- C:\Users\janpa\cd\development\fin\.next\dev\server\pages\_document.js
- C:\Users\janpa\cd\development\fin\node_modules\next\dist\server\require.js
- C:\Users\janpa\cd\development\fin\node_modules\next\dist\server\load-components.js
- C:\Users\janpa\cd\development\fin\node_modules\next\dist\build\utils.js
- C:\Users\janpa\cd\development\fin\node_modules\next\dist\build\swc\options.js
- C:\Users\janpa\cd\development\fin\node_modules\next\dist\build\swc\index.js
- C:\Users\janpa\cd\development\fin\node_modules\next\dist\build\next-config-ts\transpile-config.js
- C:\Users\janpa\cd\development\fin\node_modules\next\dist\server\config.js
- C:\Users\janpa\cd\development\fin\node_modules\next\dist\server\next.js
- C:\Users\janpa\cd\development\fin\node_modules\next\dist\server\lib\start-server.js
    at Object.<anonymous> (C:\Users\janpa\cd\development\fin\.next\dev\server\pages\_document.js:1:7) {
  code: 'MODULE_NOT_FOUND',
  requireStack: [Array]
}
⨯ Error: Cannot find module '../chunks/ssr/[turbopack]_runtime.js'
Require stack:
- C:\Users\janpa\cd\development\fin\.next\dev\server\pages\_document.js
- C:\Users\janpa\cd\development\fin\node_modules\next\dist\server\require.js
- C:\Users\janpa\cd\development\fin\node_modules\next\dist\server\load-components.js
- C:\Users\janpa\cd\development\fin\node_modules\next\dist\build\utils.js
- C:\Users\janpa\cd\development\fin\node_modules\next\dist\build\swc\options.js
- C:\Users\janpa\cd\development\fin\node_modules\next\dist\build\swc\index.js
- C:\Users\janpa\cd\development\fin\node_modules\next\dist\build\next-config-ts\transpile-config.js
- C:\Users\janpa\cd\development\fin\node_modules\next\dist\server\config.js
- C:\Users\janpa\cd\development\fin\node_modules\next\dist\server\next.js
- C:\Users\janpa\cd\development\fin\node_modules\next\dist\server\lib\start-server.js
    at Object.<anonymous> (C:\Users\janpa\cd\development\fin\.next\dev\server\pages\_document.js:1:7) {
  code: 'MODULE_NOT_FOUND',
  requireStack: [Array]
}
⨯ Error: Cannot find module '../chunks/ssr/[turbopack]_runtime.js'
Require stack:
- C:\Users\janpa\cd\development\fin\.next\dev\server\pages\_document.js
- C:\Users\janpa\cd\development\fin\node_modules\next\dist\server\require.js
- C:\Users\janpa\cd\development\fin\node_modules\next\dist\server\load-components.js
- C:\Users\janpa\cd\development\fin\node_modules\next\dist\build\utils.js
- C:\Users\janpa\cd\development\fin\node_modules\next\dist\build\swc\options.js
- C:\Users\janpa\cd\development\fin\node_modules\next\dist\build\swc\index.js
- C:\Users\janpa\cd\development\fin\node_modules\next\dist\build\next-config-ts\transpile-config.js
- C:\Users\janpa\cd\development\fin\node_modules\next\dist\server\config.js
- C:\Users\janpa\cd\development\fin\node_modules\next\dist\server\next.js
- C:\Users\janpa\cd\development\fin\node_modules\next\dist\server\lib\start-server.js
    at Object.<anonymous> (C:\Users\janpa\cd\development\fin\.next\dev\server\pages\_document.js:1:7) {
  code: 'MODULE_NOT_FOUND',
  requireStack: [Array]
}
⨯ Error: Cannot find module '../chunks/ssr/[turbopack]_runtime.js'
Require stack:
- C:\Users\janpa\cd\development\fin\.next\dev\server\pages\_document.js
- C:\Users\janpa\cd\development\fin\node_modules\next\dist\server\require.js
- C:\Users\janpa\cd\development\fin\node_modules\next\dist\server\load-components.js
- C:\Users\janpa\cd\development\fin\node_modules\next\dist\build\utils.js
- C:\Users\janpa\cd\development\fin\node_modules\next\dist\build\swc\options.js
- C:\Users\janpa\cd\development\fin\node_modules\next\dist\build\swc\index.js
- C:\Users\janpa\cd\development\fin\node_modules\next\dist\build\next-config-ts\transpile-config.js
- C:\Users\janpa\cd\development\fin\node_modules\next\dist\server\config.js
- C:\Users\janpa\cd\development\fin\node_modules\next\dist\server\next.js
- C:\Users\janpa\cd\development\fin\node_modules\next\dist\server\lib\start-server.js
    at Object.<anonymous> (C:\Users\janpa\cd\development\fin\.next\dev\server\pages\_document.js:1:7) {
  code: 'MODULE_NOT_FOUND',
  requireStack: [Array]
}
⨯ Error: Cannot find module '../chunks/ssr/[turbopack]_runtime.js'
Require stack:
- C:\Users\janpa\cd\development\fin\.next\dev\server\pages\_document.js
- C:\Users\janpa\cd\development\fin\node_modules\next\dist\server\require.js
- C:\Users\janpa\cd\development\fin\node_modules\next\dist\server\load-components.js
- C:\Users\janpa\cd\development\fin\node_modules\next\dist\build\utils.js
- C:\Users\janpa\cd\development\fin\node_modules\next\dist\build\swc\options.js
- C:\Users\janpa\cd\development\fin\node_modules\next\dist\build\swc\index.js
- C:\Users\janpa\cd\development\fin\node_modules\next\dist\build\next-config-ts\transpile-config.js
- C:\Users\janpa\cd\development\fin\node_modules\next\dist\server\config.js
- C:\Users\janpa\cd\development\fin\node_modules\next\dist\server\next.js
- C:\Users\janpa\cd\development\fin\node_modules\next\dist\server\lib\start-server.js
    at Object.<anonymous> (C:\Users\janpa\cd\development\fin\.next\dev\server\pages\_document.js:1:7) {
  code: 'MODULE_NOT_FOUND',
  requireStack: [Array]
}
⨯ Error: Cannot find module '../chunks/ssr/[turbopack]_runtime.js'
Require stack:
- C:\Users\janpa\cd\development\fin\.next\dev\server\pages\_document.js
- C:\Users\janpa\cd\development\fin\node_modules\next\dist\server\require.js
- C:\Users\janpa\cd\development\fin\node_modules\next\dist\server\load-components.js
- C:\Users\janpa\cd\development\fin\node_modules\next\dist\build\utils.js
- C:\Users\janpa\cd\development\fin\node_modules\next\dist\build\swc\options.js
- C:\Users\janpa\cd\development\fin\node_modules\next\dist\build\swc\index.js
- C:\Users\janpa\cd\development\fin\node_modules\next\dist\build\next-config-ts\transpile-config.js
- C:\Users\janpa\cd\development\fin\node_modules\next\dist\server\config.js
- C:\Users\janpa\cd\development\fin\node_modules\next\dist\server\next.js
- C:\Users\janpa\cd\development\fin\node_modules\next\dist\server\lib\start-server.js
    at Object.<anonymous> (C:\Users\janpa\cd\development\fin\.next\dev\server\pages\_document.js:1:7) {
  code: 'MODULE_NOT_FOUND',
  requireStack: [Array]
}
⨯ Error: Cannot find module '../chunks/ssr/[turbopack]_runtime.js'
Require stack:
- C:\Users\janpa\cd\development\fin\.next\dev\server\pages\_document.js
- C:\Users\janpa\cd\development\fin\node_modules\next\dist\server\require.js
- C:\Users\janpa\cd\development\fin\node_modules\next\dist\server\load-components.js
- C:\Users\janpa\cd\development\fin\node_modules\next\dist\build\utils.js
- C:\Users\janpa\cd\development\fin\node_modules\next\dist\build\swc\options.js
- C:\Users\janpa\cd\development\fin\node_modules\next\dist\build\swc\index.js
- C:\Users\janpa\cd\development\fin\node_modules\next\dist\build\next-config-ts\transpile-config.js
- C:\Users\janpa\cd\development\fin\node_modules\next\dist\server\config.js
- C:\Users\janpa\cd\development\fin\node_modules\next\dist\server\next.js
- C:\Users\janpa\cd\development\fin\node_modules\next\dist\server\lib\start-server.js
    at Object.<anonymous> (C:\Users\janpa\cd\development\fin\.next\dev\server\pages\_document.js:1:7) {
  code: 'MODULE_NOT_FOUND',
  requireStack: [Array]
}
⨯ Error: Cannot find module '../chunks/ssr/[turbopack]_runtime.js'
Require stack:
- C:\Users\janpa\cd\development\fin\.next\dev\server\pages\_document.js
- C:\Users\janpa\cd\development\fin\node_modules\next\dist\server\require.js
- C:\Users\janpa\cd\development\fin\node_modules\next\dist\server\load-components.js
- C:\Users\janpa\cd\development\fin\node_modules\next\dist\build\utils.js
- C:\Users\janpa\cd\development\fin\node_modules\next\dist\build\swc\options.js
- C:\Users\janpa\cd\development\fin\node_modules\next\dist\build\swc\index.js
- C:\Users\janpa\cd\development\fin\node_modules\next\dist\build\next-config-ts\transpile-config.js
- C:\Users\janpa\cd\development\fin\node_modules\next\dist\server\config.js
- C:\Users\janpa\cd\development\fin\node_modules\next\dist\server\next.js
- C:\Users\janpa\cd\development\fin\node_modules\next\dist\server\lib\start-server.js
    at Object.<anonymous> (C:\Users\janpa\cd\development\fin\.next\dev\server\pages\_document.js:1:7) {
  code: 'MODULE_NOT_FOUND',
  requireStack: [Array]
}
⨯ Error: Cannot find module '../chunks/ssr/[turbopack]_runtime.js'
Require stack:
- C:\Users\janpa\cd\development\fin\.next\dev\server\pages\_document.js
- C:\Users\janpa\cd\development\fin\node_modules\next\dist\server\require.js
- C:\Users\janpa\cd\development\fin\node_modules\next\dist\server\load-components.js
- C:\Users\janpa\cd\development\fin\node_modules\next\dist\build\utils.js
- C:\Users\janpa\cd\development\fin\node_modules\next\dist\build\swc\options.js
- C:\Users\janpa\cd\development\fin\node_modules\next\dist\build\swc\index.js
- C:\Users\janpa\cd\development\fin\node_modules\next\dist\build\next-config-ts\transpile-config.js
- C:\Users\janpa\cd\development\fin\node_modules\next\dist\server\config.js
- C:\Users\janpa\cd\development\fin\node_modules\next\dist\server\next.js
- C:\Users\janpa\cd\development\fin\node_modules\next\dist\server\lib\start-server.js
    at Object.<anonymous> (C:\Users\janpa\cd\development\fin\.next\dev\server\pages\_document.js:1:7) {
  code: 'MODULE_NOT_FOUND',
  requireStack: [Array]
}
⨯ Error: Cannot find module '../chunks/ssr/[turbopack]_runtime.js'
Require stack:
- C:\Users\janpa\cd\development\fin\.next\dev\server\pages\_document.js
- C:\Users\janpa\cd\development\fin\node_modules\next\dist\server\require.js
- C:\Users\janpa\cd\development\fin\node_modules\next\dist\server\load-components.js
- C:\Users\janpa\cd\development\fin\node_modules\next\dist\build\utils.js
- C:\Users\janpa\cd\development\fin\node_modules\next\dist\build\swc\options.js
- C:\Users\janpa\cd\development\fin\node_modules\next\dist\build\swc\index.js
- C:\Users\janpa\cd\development\fin\node_modules\next\dist\build\next-config-ts\transpile-config.js
- C:\Users\janpa\cd\development\fin\node_modules\next\dist\server\config.js
- C:\Users\janpa\cd\development\fin\node_modules\next\dist\server\next.js
- C:\Users\janpa\cd\development\fin\node_modules\next\dist\server\lib\start-server.js
    at Object.<anonymous> (C:\Users\janpa\cd\development\fin\.next\dev\server\pages\_document.js:1:7) {
  code: 'MODULE_NOT_FOUND',
  requireStack: [Array]
}
⨯ Error: Cannot find module '../chunks/ssr/[turbopack]_runtime.js'
Require stack:
- C:\Users\janpa\cd\development\fin\.next\dev\server\pages\_document.js
- C:\Users\janpa\cd\development\fin\node_modules\next\dist\server\require.js
- C:\Users\janpa\cd\development\fin\node_modules\next\dist\server\load-components.js
- C:\Users\janpa\cd\development\fin\node_modules\next\dist\build\utils.js
- C:\Users\janpa\cd\development\fin\node_modules\next\dist\build\swc\options.js
- C:\Users\janpa\cd\development\fin\node_modules\next\dist\build\swc\index.js
- C:\Users\janpa\cd\development\fin\node_modules\next\dist\build\next-config-ts\transpile-config.js
- C:\Users\janpa\cd\development\fin\node_modules\next\dist\server\config.js
- C:\Users\janpa\cd\development\fin\node_modules\next\dist\server\next.js
- C:\Users\janpa\cd\development\fin\node_modules\next\dist\server\lib\start-server.js
    at Object.<anonymous> (C:\Users\janpa\cd\development\fin\.next\dev\server\pages\_document.js:1:7) {
  code: 'MODULE_NOT_FOUND',
  requireStack: [Array]
}
⨯ Error: Cannot find module '../chunks/ssr/[turbopack]_runtime.js'
Require stack:
- C:\Users\janpa\cd\development\fin\.next\dev\server\pages\_document.js
- C:\Users\janpa\cd\development\fin\node_modules\next\dist\server\require.js
- C:\Users\janpa\cd\development\fin\node_modules\next\dist\server\load-components.js
- C:\Users\janpa\cd\development\fin\node_modules\next\dist\build\utils.js
- C:\Users\janpa\cd\development\fin\node_modules\next\dist\build\swc\options.js
- C:\Users\janpa\cd\development\fin\node_modules\next\dist\build\swc\index.js
- C:\Users\janpa\cd\development\fin\node_modules\next\dist\build\next-config-ts\transpile-config.js
- C:\Users\janpa\cd\development\fin\node_modules\next\dist\server\config.js
- C:\Users\janpa\cd\development\fin\node_modules\next\dist\server\next.js
- C:\Users\janpa\cd\development\fin\node_modules\next\dist\server\lib\start-server.js
    at Object.<anonymous> (C:\Users\janpa\cd\development\fin\.next\dev\server\pages\_document.js:1:7) {
  code: 'MODULE_NOT_FOUND',
  requireStack: [Array]
}
⨯ Error: Cannot find module '../chunks/ssr/[turbopack]_runtime.js'
Require stack:
- C:\Users\janpa\cd\development\fin\.next\dev\server\pages\_document.js
- C:\Users\janpa\cd\development\fin\node_modules\next\dist\server\require.js
- C:\Users\janpa\cd\development\fin\node_modules\next\dist\server\load-components.js
- C:\Users\janpa\cd\development\fin\node_modules\next\dist\build\utils.js
- C:\Users\janpa\cd\development\fin\node_modules\next\dist\build\swc\options.js
- C:\Users\janpa\cd\development\fin\node_modules\next\dist\build\swc\index.js
- C:\Users\janpa\cd\development\fin\node_modules\next\dist\build\next-config-ts\transpile-config.js
- C:\Users\janpa\cd\development\fin\node_modules\next\dist\server\config.js
- C:\Users\janpa\cd\development\fin\node_modules\next\dist\server\next.js
- C:\Users\janpa\cd\development\fin\node_modules\next\dist\server\lib\start-server.js
    at Object.<anonymous> (C:\Users\janpa\cd\development\fin\.next\dev\server\pages\_document.js:1:7) {
  code: 'MODULE_NOT_FOUND',
  requireStack: [Array]
}
⨯ Error: Cannot find module '../chunks/ssr/[turbopack]_runtime.js'
Require stack:
- C:\Users\janpa\cd\development\fin\.next\dev\server\pages\_document.js
- C:\Users\janpa\cd\development\fin\node_modules\next\dist\server\require.js
- C:\Users\janpa\cd\development\fin\node_modules\next\dist\server\load-components.js
- C:\Users\janpa\cd\development\fin\node_modules\next\dist\build\utils.js
- C:\Users\janpa\cd\development\fin\node_modules\next\dist\build\swc\options.js
- C:\Users\janpa\cd\development\fin\node_modules\next\dist\build\swc\index.js
- C:\Users\janpa\cd\development\fin\node_modules\next\dist\build\next-config-ts\transpile-config.js
- C:\Users\janpa\cd\development\fin\node_modules\next\dist\server\config.js
- C:\Users\janpa\cd\development\fin\node_modules\next\dist\server\next.js
- C:\Users\janpa\cd\development\fin\node_modules\next\dist\server\lib\start-server.js
    at Object.<anonymous> (C:\Users\janpa\cd\development\fin\.next\dev\server\pages\_document.js:1:7) {
  code: 'MODULE_NOT_FOUND',
  requireStack: [Array]
}
⨯ Error: Cannot find module '../chunks/ssr/[turbopack]_runtime.js'
Require stack:
- C:\Users\janpa\cd\development\fin\.next\dev\server\pages\_document.js
- C:\Users\janpa\cd\development\fin\node_modules\next\dist\server\require.js
- C:\Users\janpa\cd\development\fin\node_modules\next\dist\server\load-components.js
- C:\Users\janpa\cd\development\fin\node_modules\next\dist\build\utils.js
- C:\Users\janpa\cd\development\fin\node_modules\next\dist\build\swc\options.js
- C:\Users\janpa\cd\development\fin\node_modules\next\dist\build\swc\index.js
- C:\Users\janpa\cd\development\fin\node_modules\next\dist\build\next-config-ts\transpile-config.js
- C:\Users\janpa\cd\development\fin\node_modules\next\dist\server\config.js
- C:\Users\janpa\cd\development\fin\node_modules\next\dist\server\next.js
- C:\Users\janpa\cd\development\fin\node_modules\next\dist\server\lib\start-server.js
    at Object.<anonymous> (C:\Users\janpa\cd\development\fin\.next\dev\server\pages\_document.js:1:7) {
  code: 'MODULE_NOT_FOUND',
  requireStack: [Array]
}
⨯ Error: Cannot find module '../chunks/ssr/[turbopack]_runtime.js'
Require stack:
- C:\Users\janpa\cd\development\fin\.next\dev\server\pages\_document.js
- C:\Users\janpa\cd\development\fin\node_modules\next\dist\server\require.js
- C:\Users\janpa\cd\development\fin\node_modules\next\dist\server\load-components.js
- C:\Users\janpa\cd\development\fin\node_modules\next\dist\build\utils.js
- C:\Users\janpa\cd\development\fin\node_modules\next\dist\build\swc\options.js
- C:\Users\janpa\cd\development\fin\node_modules\next\dist\build\swc\index.js
- C:\Users\janpa\cd\development\fin\node_modules\next\dist\build\next-config-ts\transpile-config.js
- C:\Users\janpa\cd\development\fin\node_modules\next\dist\server\config.js
- C:\Users\janpa\cd\development\fin\node_modules\next\dist\server\next.js
- C:\Users\janpa\cd\development\fin\node_modules\next\dist\server\lib\start-server.js
    at Object.<anonymous> (C:\Users\janpa\cd\development\fin\.next\dev\server\pages\_document.js:1:7) {
  code: 'MODULE_NOT_FOUND',
  requireStack: [Array]
}
⨯ Error: Cannot find module '../../chunks/ssr/[turbopack]_runtime.js'
Require stack:
- C:\Users\janpa\cd\development\fin\.next\dev\server\app\_not-found\page.js
- C:\Users\janpa\cd\development\fin\node_modules\next\dist\server\require.js
- C:\Users\janpa\cd\development\fin\node_modules\next\dist\server\load-components.js
- C:\Users\janpa\cd\development\fin\node_modules\next\dist\build\utils.js
- C:\Users\janpa\cd\development\fin\node_modules\next\dist\build\swc\options.js
- C:\Users\janpa\cd\development\fin\node_modules\next\dist\build\swc\index.js
- C:\Users\janpa\cd\development\fin\node_modules\next\dist\build\next-config-ts\transpile-config.js
- C:\Users\janpa\cd\development\fin\node_modules\next\dist\server\config.js
- C:\Users\janpa\cd\development\fin\node_modules\next\dist\server\next.js
- C:\Users\janpa\cd\development\fin\node_modules\next\dist\server\lib\start-server.js
    at Object.<anonymous> (C:\Users\janpa\cd\development\fin\.next\dev\server\app\_not-found\page.js:1:7) {
  code: 'MODULE_NOT_FOUND',
  requireStack: [Array]
}
⨯ Error: Cannot find module '../../chunks/ssr/[turbopack]_runtime.js'
Require stack:
- C:\Users\janpa\cd\development\fin\.next\dev\server\app\_not-found\page.js
- C:\Users\janpa\cd\development\fin\node_modules\next\dist\server\require.js
- C:\Users\janpa\cd\development\fin\node_modules\next\dist\server\load-components.js
- C:\Users\janpa\cd\development\fin\node_modules\next\dist\build\utils.js
- C:\Users\janpa\cd\development\fin\node_modules\next\dist\build\swc\options.js
- C:\Users\janpa\cd\development\fin\node_modules\next\dist\build\swc\index.js
- C:\Users\janpa\cd\development\fin\node_modules\next\dist\build\next-config-ts\transpile-config.js
- C:\Users\janpa\cd\development\fin\node_modules\next\dist\server\config.js
- C:\Users\janpa\cd\development\fin\node_modules\next\dist\server\next.js
- C:\Users\janpa\cd\development\fin\node_modules\next\dist\server\lib\start-server.js
    at Object.<anonymous> (C:\Users\janpa\cd\development\fin\.next\dev\server\app\_not-found\page.js:1:7) {
  code: 'MODULE_NOT_FOUND',
  requireStack: [Array]
}
⨯ Error: Cannot find module '../../chunks/ssr/[turbopack]_runtime.js'
Require stack:
- C:\Users\janpa\cd\development\fin\.next\dev\server\app\_not-found\page.js
- C:\Users\janpa\cd\development\fin\node_modules\next\dist\server\require.js
- C:\Users\janpa\cd\development\fin\node_modules\next\dist\server\load-components.js
- C:\Users\janpa\cd\development\fin\node_modules\next\dist\build\utils.js
- C:\Users\janpa\cd\development\fin\node_modules\next\dist\build\swc\options.js
- C:\Users\janpa\cd\development\fin\node_modules\next\dist\build\swc\index.js
- C:\Users\janpa\cd\development\fin\node_modules\next\dist\build\next-config-ts\transpile-config.js
- C:\Users\janpa\cd\development\fin\node_modules\next\dist\server\config.js
- C:\Users\janpa\cd\development\fin\node_modules\next\dist\server\next.js
- C:\Users\janpa\cd\development\fin\node_modules\next\dist\server\lib\start-server.js
    at Object.<anonymous> (C:\Users\janpa\cd\development\fin\.next\dev\server\app\_not-found\page.js:1:7) {
  code: 'MODULE_NOT_FOUND',
  requireStack: [Array]
}
⨯ Error: Cannot find module '../../chunks/ssr/[turbopack]_runtime.js'
Require stack:
- C:\Users\janpa\cd\development\fin\.next\dev\server\app\_not-found\page.js
- C:\Users\janpa\cd\development\fin\node_modules\next\dist\server\require.js
- C:\Users\janpa\cd\development\fin\node_modules\next\dist\server\load-components.js
- C:\Users\janpa\cd\development\fin\node_modules\next\dist\build\utils.js
- C:\Users\janpa\cd\development\fin\node_modules\next\dist\build\swc\options.js
- C:\Users\janpa\cd\development\fin\node_modules\next\dist\build\swc\index.js
- C:\Users\janpa\cd\development\fin\node_modules\next\dist\build\next-config-ts\transpile-config.js
- C:\Users\janpa\cd\development\fin\node_modules\next\dist\server\config.js
- C:\Users\janpa\cd\development\fin\node_modules\next\dist\server\next.js
- C:\Users\janpa\cd\development\fin\node_modules\next\dist\server\lib\start-server.js
    at Object.<anonymous> (C:\Users\janpa\cd\development\fin\.next\dev\server\app\_not-found\page.js:1:7) {
  code: 'MODULE_NOT_FOUND',
  requireStack: [Array]
}
⨯ Error: Cannot find module '../../chunks/ssr/[turbopack]_runtime.js'
Require stack:
- C:\Users\janpa\cd\development\fin\.next\dev\server\app\_not-found\page.js
- C:\Users\janpa\cd\development\fin\node_modules\next\dist\server\require.js
- C:\Users\janpa\cd\development\fin\node_modules\next\dist\server\load-components.js
- C:\Users\janpa\cd\development\fin\node_modules\next\dist\build\utils.js
- C:\Users\janpa\cd\development\fin\node_modules\next\dist\build\swc\options.js
- C:\Users\janpa\cd\development\fin\node_modules\next\dist\build\swc\index.js
- C:\Users\janpa\cd\development\fin\node_modules\next\dist\build\next-config-ts\transpile-config.js
- C:\Users\janpa\cd\development\fin\node_modules\next\dist\server\config.js
- C:\Users\janpa\cd\development\fin\node_modules\next\dist\server\next.js
- C:\Users\janpa\cd\development\fin\node_modules\next\dist\server\lib\start-server.js
    at Object.<anonymous> (C:\Users\janpa\cd\development\fin\.next\dev\server\app\_not-found\page.js:1:7) {
  code: 'MODULE_NOT_FOUND',
  requireStack: [Array]
}
⨯ Error: Cannot find module '../../chunks/ssr/[turbopack]_runtime.js'
Require stack:
- C:\Users\janpa\cd\development\fin\.next\dev\server\app\_not-found\page.js
- C:\Users\janpa\cd\development\fin\node_modules\next\dist\server\require.js
- C:\Users\janpa\cd\development\fin\node_modules\next\dist\server\load-components.js
- C:\Users\janpa\cd\development\fin\node_modules\next\dist\build\utils.js
- C:\Users\janpa\cd\development\fin\node_modules\next\dist\build\swc\options.js
- C:\Users\janpa\cd\development\fin\node_modules\next\dist\build\swc\index.js
- C:\Users\janpa\cd\development\fin\node_modules\next\dist\build\next-config-ts\transpile-config.js
- C:\Users\janpa\cd\development\fin\node_modules\next\dist\server\config.js
- C:\Users\janpa\cd\development\fin\node_modules\next\dist\server\next.js
- C:\Users\janpa\cd\development\fin\node_modules\next\dist\server\lib\start-server.js
    at Object.<anonymous> (C:\Users\janpa\cd\development\fin\.next\dev\server\app\_not-found\page.js:1:7) {
  code: 'MODULE_NOT_FOUND',
  requireStack: [Array]
}
⨯ Error: Cannot find module '../../chunks/ssr/[turbopack]_runtime.js'
Require stack:
- C:\Users\janpa\cd\development\fin\.next\dev\server\app\_not-found\page.js
- C:\Users\janpa\cd\development\fin\node_modules\next\dist\server\require.js
- C:\Users\janpa\cd\development\fin\node_modules\next\dist\server\load-components.js
- C:\Users\janpa\cd\development\fin\node_modules\next\dist\build\utils.js
- C:\Users\janpa\cd\development\fin\node_modules\next\dist\build\swc\options.js
- C:\Users\janpa\cd\development\fin\node_modules\next\dist\build\swc\index.js
- C:\Users\janpa\cd\development\fin\node_modules\next\dist\build\next-config-ts\transpile-config.js
- C:\Users\janpa\cd\development\fin\node_modules\next\dist\server\config.js
- C:\Users\janpa\cd\development\fin\node_modules\next\dist\server\next.js
- C:\Users\janpa\cd\development\fin\node_modules\next\dist\server\lib\start-server.js
    at Object.<anonymous> (C:\Users\janpa\cd\development\fin\.next\dev\server\app\_not-found\page.js:1:7) {
  code: 'MODULE_NOT_FOUND',
  requireStack: [Array]
}
⨯ Error: Cannot find module '../../chunks/ssr/[turbopack]_runtime.js'
Require stack:
- C:\Users\janpa\cd\development\fin\.next\dev\server\app\_not-found\page.js
- C:\Users\janpa\cd\development\fin\node_modules\next\dist\server\require.js
- C:\Users\janpa\cd\development\fin\node_modules\next\dist\server\load-components.js
- C:\Users\janpa\cd\development\fin\node_modules\next\dist\build\utils.js
- C:\Users\janpa\cd\development\fin\node_modules\next\dist\build\swc\options.js
- C:\Users\janpa\cd\development\fin\node_modules\next\dist\build\swc\index.js
- C:\Users\janpa\cd\development\fin\node_modules\next\dist\build\next-config-ts\transpile-config.js
- C:\Users\janpa\cd\development\fin\node_modules\next\dist\server\config.js
- C:\Users\janpa\cd\development\fin\node_modules\next\dist\server\next.js
- C:\Users\janpa\cd\development\fin\node_modules\next\dist\server\lib\start-server.js
    at Object.<anonymous> (C:\Users\janpa\cd\development\fin\.next\dev\server\app\_not-found\page.js:1:7) {
  code: 'MODULE_NOT_FOUND',
  requireStack: [Array]
}
⨯ Error: Cannot find module '../../chunks/ssr/[turbopack]_runtime.js'
Require stack:
- C:\Users\janpa\cd\development\fin\.next\dev\server\app\_not-found\page.js
- C:\Users\janpa\cd\development\fin\node_modules\next\dist\server\require.js
- C:\Users\janpa\cd\development\fin\node_modules\next\dist\server\load-components.js
- C:\Users\janpa\cd\development\fin\node_modules\next\dist\build\utils.js
- C:\Users\janpa\cd\development\fin\node_modules\next\dist\build\swc\options.js
- C:\Users\janpa\cd\development\fin\node_modules\next\dist\build\swc\index.js
- C:\Users\janpa\cd\development\fin\node_modules\next\dist\build\next-config-ts\transpile-config.js
- C:\Users\janpa\cd\development\fin\node_modules\next\dist\server\config.js
- C:\Users\janpa\cd\development\fin\node_modules\next\dist\server\next.js
- C:\Users\janpa\cd\development\fin\node_modules\next\dist\server\lib\start-server.js
    at Object.<anonymous> (C:\Users\janpa\cd\development\fin\.next\dev\server\app\_not-found\page.js:1:7) {
  code: 'MODULE_NOT_FOUND',
  requireStack: [Array]
}
⨯ Error: Cannot find module '../../chunks/ssr/[turbopack]_runtime.js'
Require stack:
- C:\Users\janpa\cd\development\fin\.next\dev\server\app\_not-found\page.js
- C:\Users\janpa\cd\development\fin\node_modules\next\dist\server\require.js
- C:\Users\janpa\cd\development\fin\node_modules\next\dist\server\load-components.js
- C:\Users\janpa\cd\development\fin\node_modules\next\dist\build\utils.js
- C:\Users\janpa\cd\development\fin\node_modules\next\dist\build\swc\options.js
- C:\Users\janpa\cd\development\fin\node_modules\next\dist\build\swc\index.js
- C:\Users\janpa\cd\development\fin\node_modules\next\dist\build\next-config-ts\transpile-config.js
- C:\Users\janpa\cd\development\fin\node_modules\next\dist\server\config.js
- C:\Users\janpa\cd\development\fin\node_modules\next\dist\server\next.js
- C:\Users\janpa\cd\development\fin\node_modules\next\dist\server\lib\start-server.js
    at Object.<anonymous> (C:\Users\janpa\cd\development\fin\.next\dev\server\app\_not-found\page.js:1:7) {
  code: 'MODULE_NOT_FOUND',
  requireStack: [Array]
}
⨯ Error: Cannot find module '../../chunks/ssr/[turbopack]_runtime.js'
Require stack:
- C:\Users\janpa\cd\development\fin\.next\dev\server\app\_not-found\page.js
- C:\Users\janpa\cd\development\fin\node_modules\next\dist\server\require.js
- C:\Users\janpa\cd\development\fin\node_modules\next\dist\server\load-components.js
- C:\Users\janpa\cd\development\fin\node_modules\next\dist\build\utils.js
- C:\Users\janpa\cd\development\fin\node_modules\next\dist\build\swc\options.js
- C:\Users\janpa\cd\development\fin\node_modules\next\dist\build\swc\index.js
- C:\Users\janpa\cd\development\fin\node_modules\next\dist\build\next-config-ts\transpile-config.js
- C:\Users\janpa\cd\development\fin\node_modules\next\dist\server\config.js
- C:\Users\janpa\cd\development\fin\node_modules\next\dist\server\next.js
- C:\Users\janpa\cd\development\fin\node_modules\next\dist\server\lib\start-server.js
    at Object.<anonymous> (C:\Users\janpa\cd\development\fin\.next\dev\server\app\_not-found\page.js:1:7) {
  code: 'MODULE_NOT_FOUND',
  requireStack: [Array]
}
⨯ Error: Cannot find module '../../chunks/ssr/[turbopack]_runtime.js'
Require stack:
- C:\Users\janpa\cd\development\fin\.next\dev\server\app\_not-found\page.js
- C:\Users\janpa\cd\development\fin\node_modules\next\dist\server\require.js
- C:\Users\janpa\cd\development\fin\node_modules\next\dist\server\load-components.js
- C:\Users\janpa\cd\development\fin\node_modules\next\dist\build\utils.js
- C:\Users\janpa\cd\development\fin\node_modules\next\dist\build\swc\options.js
- C:\Users\janpa\cd\development\fin\node_modules\next\dist\build\swc\index.js
- C:\Users\janpa\cd\development\fin\node_modules\next\dist\build\next-config-ts\transpile-config.js
- C:\Users\janpa\cd\development\fin\node_modules\next\dist\server\config.js
- C:\Users\janpa\cd\development\fin\node_modules\next\dist\server\next.js
- C:\Users\janpa\cd\development\fin\node_modules\next\dist\server\lib\start-server.js
    at Object.<anonymous> (C:\Users\janpa\cd\development\fin\.next\dev\server\app\_not-found\page.js:1:7) {
  code: 'MODULE_NOT_FOUND',
  requireStack: [Array]
}
⨯ Error: Cannot find module '../../chunks/ssr/[turbopack]_runtime.js'
Require stack:
- C:\Users\janpa\cd\development\fin\.next\dev\server\app\_not-found\page.js
- C:\Users\janpa\cd\development\fin\node_modules\next\dist\server\require.js
- C:\Users\janpa\cd\development\fin\node_modules\next\dist\server\load-components.js
- C:\Users\janpa\cd\development\fin\node_modules\next\dist\build\utils.js
- C:\Users\janpa\cd\development\fin\node_modules\next\dist\build\swc\options.js
- C:\Users\janpa\cd\development\fin\node_modules\next\dist\build\swc\index.js
- C:\Users\janpa\cd\development\fin\node_modules\next\dist\build\next-config-ts\transpile-config.js
- C:\Users\janpa\cd\development\fin\node_modules\next\dist\server\config.js
- C:\Users\janpa\cd\development\fin\node_modules\next\dist\server\next.js
- C:\Users\janpa\cd\development\fin\node_modules\next\dist\server\lib\start-server.js
    at Object.<anonymous> (C:\Users\janpa\cd\development\fin\.next\dev\server\app\_not-found\page.js:1:7) {
  code: 'MODULE_NOT_FOUND',
  requireStack: [Array]
}
⨯ Error: Cannot find module '../../chunks/ssr/[turbopack]_runtime.js'
Require stack:
- C:\Users\janpa\cd\development\fin\.next\dev\server\app\_not-found\page.js
- C:\Users\janpa\cd\development\fin\node_modules\next\dist\server\require.js
- C:\Users\janpa\cd\development\fin\node_modules\next\dist\server\load-components.js
- C:\Users\janpa\cd\development\fin\node_modules\next\dist\build\utils.js
- C:\Users\janpa\cd\development\fin\node_modules\next\dist\build\swc\options.js
- C:\Users\janpa\cd\development\fin\node_modules\next\dist\build\swc\index.js
- C:\Users\janpa\cd\development\fin\node_modules\next\dist\build\next-config-ts\transpile-config.js
- C:\Users\janpa\cd\development\fin\node_modules\next\dist\server\config.js
- C:\Users\janpa\cd\development\fin\node_modules\next\dist\server\next.js
- C:\Users\janpa\cd\development\fin\node_modules\next\dist\server\lib\start-server.js
    at Object.<anonymous> (C:\Users\janpa\cd\development\fin\.next\dev\server\app\_not-found\page.js:1:7) {
  code: 'MODULE_NOT_FOUND',
  requireStack: [Array]
}
⨯ Error: Cannot find module '../../chunks/ssr/[turbopack]_runtime.js'
Require stack:
- C:\Users\janpa\cd\development\fin\.next\dev\server\app\_not-found\page.js
- C:\Users\janpa\cd\development\fin\node_modules\next\dist\server\require.js
- C:\Users\janpa\cd\development\fin\node_modules\next\dist\server\load-components.js
- C:\Users\janpa\cd\development\fin\node_modules\next\dist\build\utils.js
- C:\Users\janpa\cd\development\fin\node_modules\next\dist\build\swc\options.js
- C:\Users\janpa\cd\development\fin\node_modules\next\dist\build\swc\index.js
- C:\Users\janpa\cd\development\fin\node_modules\next\dist\build\next-config-ts\transpile-config.js
- C:\Users\janpa\cd\development\fin\node_modules\next\dist\server\config.js
- C:\Users\janpa\cd\development\fin\node_modules\next\dist\server\next.js
- C:\Users\janpa\cd\development\fin\node_modules\next\dist\server\lib\start-server.js
    at Object.<anonymous> (C:\Users\janpa\cd\development\fin\.next\dev\server\app\_not-found\page.js:1:7) {
  code: 'MODULE_NOT_FOUND',
  requireStack: [Array]
}
⨯ Error: Cannot find module '../../chunks/ssr/[turbopack]_runtime.js'
Require stack:
- C:\Users\janpa\cd\development\fin\.next\dev\server\app\_not-found\page.js
- C:\Users\janpa\cd\development\fin\node_modules\next\dist\server\require.js
- C:\Users\janpa\cd\development\fin\node_modules\next\dist\server\load-components.js
- C:\Users\janpa\cd\development\fin\node_modules\next\dist\build\utils.js
- C:\Users\janpa\cd\development\fin\node_modules\next\dist\build\swc\options.js
- C:\Users\janpa\cd\development\fin\node_modules\next\dist\build\swc\index.js
- C:\Users\janpa\cd\development\fin\node_modules\next\dist\build\next-config-ts\transpile-config.js
- C:\Users\janpa\cd\development\fin\node_modules\next\dist\server\config.js
- C:\Users\janpa\cd\development\fin\node_modules\next\dist\server\next.js
- C:\Users\janpa\cd\development\fin\node_modules\next\dist\server\lib\start-server.js
    at Object.<anonymous> (C:\Users\janpa\cd\development\fin\.next\dev\server\app\_not-found\page.js:1:7) {
  code: 'MODULE_NOT_FOUND',
  requireStack: [Array]
}
⨯ Error: Cannot find module '../../chunks/ssr/[turbopack]_runtime.js'
Require stack:
- C:\Users\janpa\cd\development\fin\.next\dev\server\app\_not-found\page.js
- C:\Users\janpa\cd\development\fin\node_modules\next\dist\server\require.js
- C:\Users\janpa\cd\development\fin\node_modules\next\dist\server\load-components.js
- C:\Users\janpa\cd\development\fin\node_modules\next\dist\build\utils.js
- C:\Users\janpa\cd\development\fin\node_modules\next\dist\build\swc\options.js
- C:\Users\janpa\cd\development\fin\node_modules\next\dist\build\swc\index.js
- C:\Users\janpa\cd\development\fin\node_modules\next\dist\build\next-config-ts\transpile-config.js
- C:\Users\janpa\cd\development\fin\node_modules\next\dist\server\config.js
- C:\Users\janpa\cd\development\fin\node_modules\next\dist\server\next.js
- C:\Users\janpa\cd\development\fin\node_modules\next\dist\server\lib\start-server.js
    at Object.<anonymous> (C:\Users\janpa\cd\development\fin\.next\dev\server\app\_not-found\page.js:1:7) {
  code: 'MODULE_NOT_FOUND',
  requireStack: [Array]
}
⨯ Error: Cannot find module '../../chunks/ssr/[turbopack]_runtime.js'
Require stack:
- C:\Users\janpa\cd\development\fin\.next\dev\server\app\_not-found\page.js
- C:\Users\janpa\cd\development\fin\node_modules\next\dist\server\require.js
- C:\Users\janpa\cd\development\fin\node_modules\next\dist\server\load-components.js
- C:\Users\janpa\cd\development\fin\node_modules\next\dist\build\utils.js
- C:\Users\janpa\cd\development\fin\node_modules\next\dist\build\swc\options.js
- C:\Users\janpa\cd\development\fin\node_modules\next\dist\build\swc\index.js
- C:\Users\janpa\cd\development\fin\node_modules\next\dist\build\next-config-ts\transpile-config.js
- C:\Users\janpa\cd\development\fin\node_modules\next\dist\server\config.js
- C:\Users\janpa\cd\development\fin\node_modules\next\dist\server\next.js
- C:\Users\janpa\cd\development\fin\node_modules\next\dist\server\lib\start-server.js
    at Object.<anonymous> (C:\Users\janpa\cd\development\fin\.next\dev\server\app\_not-found\page.js:1:7) {
  code: 'MODULE_NOT_FOUND',
  requireStack: [Array]
}
⨯ Error: Cannot find module '../../chunks/ssr/[turbopack]_runtime.js'
Require stack:
- C:\Users\janpa\cd\development\fin\.next\dev\server\app\_not-found\page.js
- C:\Users\janpa\cd\development\fin\node_modules\next\dist\server\require.js
- C:\Users\janpa\cd\development\fin\node_modules\next\dist\server\load-components.js
- C:\Users\janpa\cd\development\fin\node_modules\next\dist\build\utils.js
- C:\Users\janpa\cd\development\fin\node_modules\next\dist\build\swc\options.js
- C:\Users\janpa\cd\development\fin\node_modules\next\dist\build\swc\index.js
- C:\Users\janpa\cd\development\fin\node_modules\next\dist\build\next-config-ts\transpile-config.js
- C:\Users\janpa\cd\development\fin\node_modules\next\dist\server\config.js
- C:\Users\janpa\cd\development\fin\node_modules\next\dist\server\next.js
- C:\Users\janpa\cd\development\fin\node_modules\next\dist\server\lib\start-server.js
    at Object.<anonymous> (C:\Users\janpa\cd\development\fin\.next\dev\server\app\_not-found\page.js:1:7) {
  code: 'MODULE_NOT_FOUND',
  requireStack: [Array]
}
⨯ Error: Cannot find module '../../chunks/ssr/[turbopack]_runtime.js'
Require stack:
- C:\Users\janpa\cd\development\fin\.next\dev\server\app\_not-found\page.js
- C:\Users\janpa\cd\development\fin\node_modules\next\dist\server\require.js
- C:\Users\janpa\cd\development\fin\node_modules\next\dist\server\load-components.js
- C:\Users\janpa\cd\development\fin\node_modules\next\dist\build\utils.js
- C:\Users\janpa\cd\development\fin\node_modules\next\dist\build\swc\options.js
- C:\Users\janpa\cd\development\fin\node_modules\next\dist\build\swc\index.js
- C:\Users\janpa\cd\development\fin\node_modules\next\dist\build\next-config-ts\transpile-config.js
- C:\Users\janpa\cd\development\fin\node_modules\next\dist\server\config.js
- C:\Users\janpa\cd\development\fin\node_modules\next\dist\server\next.js
- C:\Users\janpa\cd\development\fin\node_modules\next\dist\server\lib\start-server.js
    at Object.<anonymous> (C:\Users\janpa\cd\development\fin\.next\dev\server\app\_not-found\page.js:1:7) {
  code: 'MODULE_NOT_FOUND',
  requireStack: [Array]
}
⨯ Error: Cannot find module '../../chunks/ssr/[turbopack]_runtime.js'
Require stack:
- C:\Users\janpa\cd\development\fin\.next\dev\server\app\_not-found\page.js
- C:\Users\janpa\cd\development\fin\node_modules\next\dist\server\require.js
- C:\Users\janpa\cd\development\fin\node_modules\next\dist\server\load-components.js
- C:\Users\janpa\cd\development\fin\node_modules\next\dist\build\utils.js
- C:\Users\janpa\cd\development\fin\node_modules\next\dist\build\swc\options.js
- C:\Users\janpa\cd\development\fin\node_modules\next\dist\build\swc\index.js
- C:\Users\janpa\cd\development\fin\node_modules\next\dist\build\next-config-ts\transpile-config.js
- C:\Users\janpa\cd\development\fin\node_modules\next\dist\server\config.js
- C:\Users\janpa\cd\development\fin\node_modules\next\dist\server\next.js
- C:\Users\janpa\cd\development\fin\node_modules\next\dist\server\lib\start-server.js
    at Object.<anonymous> (C:\Users\janpa\cd\development\fin\.next\dev\server\app\_not-found\page.js:1:7) {
  code: 'MODULE_NOT_FOUND',
  requireStack: [Array]
}
⨯ Error: Cannot find module '../../chunks/ssr/[turbopack]_runtime.js'
Require stack:
- C:\Users\janpa\cd\development\fin\.next\dev\server\app\_not-found\page.js
- C:\Users\janpa\cd\development\fin\node_modules\next\dist\server\require.js
- C:\Users\janpa\cd\development\fin\node_modules\next\dist\server\load-components.js
- C:\Users\janpa\cd\development\fin\node_modules\next\dist\build\utils.js
- C:\Users\janpa\cd\development\fin\node_modules\next\dist\build\swc\options.js
- C:\Users\janpa\cd\development\fin\node_modules\next\dist\build\swc\index.js
- C:\Users\janpa\cd\development\fin\node_modules\next\dist\build\next-config-ts\transpile-config.js
- C:\Users\janpa\cd\development\fin\node_modules\next\dist\server\config.js
- C:\Users\janpa\cd\development\fin\node_modules\next\dist\server\next.js
- C:\Users\janpa\cd\development\fin\node_modules\next\dist\server\lib\start-server.js
    at Object.<anonymous> (C:\Users\janpa\cd\development\fin\.next\dev\server\app\_not-found\page.js:1:7) {
  code: 'MODULE_NOT_FOUND',
  requireStack: [Array]
}
⨯ Error: Cannot find module '../../chunks/ssr/[turbopack]_runtime.js'
Require stack:
- C:\Users\janpa\cd\development\fin\.next\dev\server\app\_not-found\page.js
- C:\Users\janpa\cd\development\fin\node_modules\next\dist\server\require.js
- C:\Users\janpa\cd\development\fin\node_modules\next\dist\server\load-components.js
- C:\Users\janpa\cd\development\fin\node_modules\next\dist\build\utils.js
- C:\Users\janpa\cd\development\fin\node_modules\next\dist\build\swc\options.js
- C:\Users\janpa\cd\development\fin\node_modules\next\dist\build\swc\index.js
- C:\Users\janpa\cd\development\fin\node_modules\next\dist\build\next-config-ts\transpile-config.js
- C:\Users\janpa\cd\development\fin\node_modules\next\dist\server\config.js
- C:\Users\janpa\cd\development\fin\node_modules\next\dist\server\next.js
- C:\Users\janpa\cd\development\fin\node_modules\next\dist\server\lib\start-server.js
    at Object.<anonymous> (C:\Users\janpa\cd\development\fin\.next\dev\server\app\_not-found\page.js:1:7) {
  code: 'MODULE_NOT_FOUND',
  requireStack: [Array]
}
⨯ Error: Cannot find module '../../chunks/ssr/[turbopack]_runtime.js'
Require stack:
- C:\Users\janpa\cd\development\fin\.next\dev\server\app\_not-found\page.js
- C:\Users\janpa\cd\development\fin\node_modules\next\dist\server\require.js
- C:\Users\janpa\cd\development\fin\node_modules\next\dist\server\load-components.js
- C:\Users\janpa\cd\development\fin\node_modules\next\dist\build\utils.js
- C:\Users\janpa\cd\development\fin\node_modules\next\dist\build\swc\options.js
- C:\Users\janpa\cd\development\fin\node_modules\next\dist\build\swc\index.js
- C:\Users\janpa\cd\development\fin\node_modules\next\dist\build\next-config-ts\transpile-config.js
- C:\Users\janpa\cd\development\fin\node_modules\next\dist\server\config.js
- C:\Users\janpa\cd\development\fin\node_modules\next\dist\server\next.js
- C:\Users\janpa\cd\development\fin\node_modules\next\dist\server\lib\start-server.js
    at Object.<anonymous> (C:\Users\janpa\cd\development\fin\.next\dev\server\app\_not-found\page.js:1:7) {
  code: 'MODULE_NOT_FOUND',
  requireStack: [Array]
}
⨯ Error: Cannot find module '../../chunks/ssr/[turbopack]_runtime.js'
Require stack:
- C:\Users\janpa\cd\development\fin\.next\dev\server\app\_not-found\page.js
- C:\Users\janpa\cd\development\fin\node_modules\next\dist\server\require.js
- C:\Users\janpa\cd\development\fin\node_modules\next\dist\server\load-components.js
- C:\Users\janpa\cd\development\fin\node_modules\next\dist\build\utils.js
- C:\Users\janpa\cd\development\fin\node_modules\next\dist\build\swc\options.js
- C:\Users\janpa\cd\development\fin\node_modules\next\dist\build\swc\index.js
- C:\Users\janpa\cd\development\fin\node_modules\next\dist\build\next-config-ts\transpile-config.js
- C:\Users\janpa\cd\development\fin\node_modules\next\dist\server\config.js
- C:\Users\janpa\cd\development\fin\node_modules\next\dist\server\next.js
- C:\Users\janpa\cd\development\fin\node_modules\next\dist\server\lib\start-server.js
    at Object.<anonymous> (C:\Users\janpa\cd\development\fin\.next\dev\server\app\_not-found\page.js:1:7) {
  code: 'MODULE_NOT_FOUND',
  requireStack: [Array]
}
⨯ Error: Cannot find module '../../chunks/ssr/[turbopack]_runtime.js'
Require stack:
- C:\Users\janpa\cd\development\fin\.next\dev\server\app\_not-found\page.js
- C:\Users\janpa\cd\development\fin\node_modules\next\dist\server\require.js
- C:\Users\janpa\cd\development\fin\node_modules\next\dist\server\load-components.js
- C:\Users\janpa\cd\development\fin\node_modules\next\dist\build\utils.js
- C:\Users\janpa\cd\development\fin\node_modules\next\dist\build\swc\options.js
- C:\Users\janpa\cd\development\fin\node_modules\next\dist\build\swc\index.js
- C:\Users\janpa\cd\development\fin\node_modules\next\dist\build\next-config-ts\transpile-config.js
- C:\Users\janpa\cd\development\fin\node_modules\next\dist\server\config.js
- C:\Users\janpa\cd\development\fin\node_modules\next\dist\server\next.js
- C:\Users\janpa\cd\development\fin\node_modules\next\dist\server\lib\start-server.js
    at Object.<anonymous> (C:\Users\janpa\cd\development\fin\.next\dev\server\app\_not-found\page.js:1:7) {
  code: 'MODULE_NOT_FOUND',
  requireStack: [Array]
}
⨯ Error: Cannot find module '../../chunks/ssr/[turbopack]_runtime.js'
Require stack:
- C:\Users\janpa\cd\development\fin\.next\dev\server\app\_not-found\page.js
- C:\Users\janpa\cd\development\fin\node_modules\next\dist\server\require.js
- C:\Users\janpa\cd\development\fin\node_modules\next\dist\server\load-components.js
- C:\Users\janpa\cd\development\fin\node_modules\next\dist\build\utils.js
- C:\Users\janpa\cd\development\fin\node_modules\next\dist\build\swc\options.js
- C:\Users\janpa\cd\development\fin\node_modules\next\dist\build\swc\index.js
- C:\Users\janpa\cd\development\fin\node_modules\next\dist\build\next-config-ts\transpile-config.js
- C:\Users\janpa\cd\development\fin\node_modules\next\dist\server\config.js
- C:\Users\janpa\cd\development\fin\node_modules\next\dist\server\next.js
- C:\Users\janpa\cd\development\fin\node_modules\next\dist\server\lib\start-server.js
    at Object.<anonymous> (C:\Users\janpa\cd\development\fin\.next\dev\server\app\_not-found\page.js:1:7) {
  code: 'MODULE_NOT_FOUND',
  requireStack: [Array]
}
⨯ Error: Cannot find module '../../chunks/ssr/[turbopack]_runtime.js'
Require stack:
- C:\Users\janpa\cd\development\fin\.next\dev\server\app\_not-found\page.js
- C:\Users\janpa\cd\development\fin\node_modules\next\dist\server\require.js
- C:\Users\janpa\cd\development\fin\node_modules\next\dist\server\load-components.js
- C:\Users\janpa\cd\development\fin\node_modules\next\dist\build\utils.js
- C:\Users\janpa\cd\development\fin\node_modules\next\dist\build\swc\options.js
- C:\Users\janpa\cd\development\fin\node_modules\next\dist\build\swc\index.js
- C:\Users\janpa\cd\development\fin\node_modules\next\dist\build\next-config-ts\transpile-config.js
- C:\Users\janpa\cd\development\fin\node_modules\next\dist\server\config.js
- C:\Users\janpa\cd\development\fin\node_modules\next\dist\server\next.js
- C:\Users\janpa\cd\development\fin\node_modules\next\dist\server\lib\start-server.js
    at Object.<anonymous> (C:\Users\janpa\cd\development\fin\.next\dev\server\app\_not-found\page.js:1:7) {
  code: 'MODULE_NOT_FOUND',
  requireStack: [Array]
}
⨯ Error: Cannot find module '../../chunks/ssr/[turbopack]_runtime.js'
Require stack:
- C:\Users\janpa\cd\development\fin\.next\dev\server\app\_not-found\page.js
- C:\Users\janpa\cd\development\fin\node_modules\next\dist\server\require.js
- C:\Users\janpa\cd\development\fin\node_modules\next\dist\server\load-components.js
- C:\Users\janpa\cd\development\fin\node_modules\next\dist\build\utils.js
- C:\Users\janpa\cd\development\fin\node_modules\next\dist\build\swc\options.js
- C:\Users\janpa\cd\development\fin\node_modules\next\dist\build\swc\index.js
- C:\Users\janpa\cd\development\fin\node_modules\next\dist\build\next-config-ts\transpile-config.js
- C:\Users\janpa\cd\development\fin\node_modules\next\dist\server\config.js
- C:\Users\janpa\cd\development\fin\node_modules\next\dist\server\next.js
- C:\Users\janpa\cd\development\fin\node_modules\next\dist\server\lib\start-server.js
    at Object.<anonymous> (C:\Users\janpa\cd\development\fin\.next\dev\server\app\_not-found\page.js:1:7) {
  code: 'MODULE_NOT_FOUND',
  requireStack: [Array]
}
⨯ Error: Cannot find module '../../chunks/ssr/[turbopack]_runtime.js'
Require stack:
- C:\Users\janpa\cd\development\fin\.next\dev\server\app\_not-found\page.js
- C:\Users\janpa\cd\development\fin\node_modules\next\dist\server\require.js
- C:\Users\janpa\cd\development\fin\node_modules\next\dist\server\load-components.js
- C:\Users\janpa\cd\development\fin\node_modules\next\dist\build\utils.js
- C:\Users\janpa\cd\development\fin\node_modules\next\dist\build\swc\options.js
- C:\Users\janpa\cd\development\fin\node_modules\next\dist\build\swc\index.js
- C:\Users\janpa\cd\development\fin\node_modules\next\dist\build\next-config-ts\transpile-config.js
- C:\Users\janpa\cd\development\fin\node_modules\next\dist\server\config.js
- C:\Users\janpa\cd\development\fin\node_modules\next\dist\server\next.js
- C:\Users\janpa\cd\development\fin\node_modules\next\dist\server\lib\start-server.js
    at Object.<anonymous> (C:\Users\janpa\cd\development\fin\.next\dev\server\app\_not-found\page.js:1:7) {
  code: 'MODULE_NOT_FOUND',
  requireStack: [Array]
}
⨯ Error: Cannot find module '../../chunks/ssr/[turbopack]_runtime.js'
Require stack:
- C:\Users\janpa\cd\development\fin\.next\dev\server\app\_not-found\page.js
- C:\Users\janpa\cd\development\fin\node_modules\next\dist\server\require.js
- C:\Users\janpa\cd\development\fin\node_modules\next\dist\server\load-components.js
- C:\Users\janpa\cd\development\fin\node_modules\next\dist\build\utils.js
- C:\Users\janpa\cd\development\fin\node_modules\next\dist\build\swc\options.js
- C:\Users\janpa\cd\development\fin\node_modules\next\dist\build\swc\index.js
- C:\Users\janpa\cd\development\fin\node_modules\next\dist\build\next-config-ts\transpile-config.js
- C:\Users\janpa\cd\development\fin\node_modules\next\dist\server\config.js
- C:\Users\janpa\cd\development\fin\node_modules\next\dist\server\next.js
- C:\Users\janpa\cd\development\fin\node_modules\next\dist\server\lib\start-server.js
    at Object.<anonymous> (C:\Users\janpa\cd\development\fin\.next\dev\server\app\_not-found\page.js:1:7) {
  code: 'MODULE_NOT_FOUND',
  requireStack: [Array]
}
⨯ Error: Cannot find module '../../chunks/ssr/[turbopack]_runtime.js'
Require stack:
- C:\Users\janpa\cd\development\fin\.next\dev\server\app\_not-found\page.js
- C:\Users\janpa\cd\development\fin\node_modules\next\dist\server\require.js
- C:\Users\janpa\cd\development\fin\node_modules\next\dist\server\load-components.js
- C:\Users\janpa\cd\development\fin\node_modules\next\dist\build\utils.js
- C:\Users\janpa\cd\development\fin\node_modules\next\dist\build\swc\options.js
- C:\Users\janpa\cd\development\fin\node_modules\next\dist\build\swc\index.js
- C:\Users\janpa\cd\development\fin\node_modules\next\dist\build\next-config-ts\transpile-config.js
- C:\Users\janpa\cd\development\fin\node_modules\next\dist\server\config.js
- C:\Users\janpa\cd\development\fin\node_modules\next\dist\server\next.js
- C:\Users\janpa\cd\development\fin\node_modules\next\dist\server\lib\start-server.js
    at Object.<anonymous> (C:\Users\janpa\cd\development\fin\.next\dev\server\app\_not-found\page.js:1:7) {
  code: 'MODULE_NOT_FOUND',
  requireStack: [Array]
}
Error: ENOENT: no such file or directory, open 'C:\Users\janpa\cd\development\fin\.next\dev\routes-manifest.json'
    at ignore-listed frames {
  errno: -4058,
  code: 'ENOENT',
  syscall: 'open',
  path: 'C:\\Users\\janpa\\cd\\development\\fin\\.next\\dev\\routes-manifest.json'
}
Error: ENOENT: no such file or directory, open 'C:\Users\janpa\cd\development\fin\.next\dev\routes-manifest.json'
    at ignore-listed frames {
  errno: -4058,
  code: 'ENOENT',
  syscall: 'open',
  path: 'C:\\Users\\janpa\\cd\\development\\fin\\.next\\dev\\routes-manifest.json'
}
Error: ENOENT: no such file or directory, open 'C:\Users\janpa\cd\development\fin\.next\dev\routes-manifest.json'
    at ignore-listed frames {
  errno: -4058,
  code: 'ENOENT',
  syscall: 'open',
  path: 'C:\\Users\\janpa\\cd\\development\\fin\\.next\\dev\\routes-manifest.json'
}
Error: ENOENT: no such file or directory, open 'C:\Users\janpa\cd\development\fin\.next\dev\routes-manifest.json'
    at ignore-listed frames {
  errno: -4058,
  code: 'ENOENT',
  syscall: 'open',
  path: 'C:\\Users\\janpa\\cd\\development\\fin\\.next\\dev\\routes-manifest.json'
}
Error: ENOENT: no such file or directory, open 'C:\Users\janpa\cd\development\fin\.next\dev\routes-manifest.json'
    at ignore-listed frames {
  errno: -4058,
  code: 'ENOENT',
  syscall: 'open',
  path: 'C:\\Users\\janpa\\cd\\development\\fin\\.next\\dev\\routes-manifest.json'
}
Error: ENOENT: no such file or directory, open 'C:\Users\janpa\cd\development\fin\.next\dev\routes-manifest.json'
    at ignore-listed frames {
  errno: -4058,
  code: 'ENOENT',
  syscall: 'open',
  path: 'C:\\Users\\janpa\\cd\\development\\fin\\.next\\dev\\routes-manifest.json'
}
Error: ENOENT: no such file or directory, open 'C:\Users\janpa\cd\development\fin\.next\dev\routes-manifest.json'
    at ignore-listed frames {
  errno: -4058,
  code: 'ENOENT',
  syscall: 'open',
  path: 'C:\\Users\\janpa\\cd\\development\\fin\\.next\\dev\\routes-manifest.json'
}
Error: ENOENT: no such file or directory, open 'C:\Users\janpa\cd\development\fin\.next\dev\routes-manifest.json'
    at ignore-listed frames {
  errno: -4058,
  code: 'ENOENT',
  syscall: 'open',
  path: 'C:\\Users\\janpa\\cd\\development\\fin\\.next\\dev\\routes-manifest.json'
}
Error: ENOENT: no such file or directory, open 'C:\Users\janpa\cd\development\fin\.next\dev\routes-manifest.json'
    at ignore-listed frames {
  errno: -4058,
  code: 'ENOENT',
  syscall: 'open',
  path: 'C:\\Users\\janpa\\cd\\development\\fin\\.next\\dev\\routes-manifest.json'
}
Error: ENOENT: no such file or directory, open 'C:\Users\janpa\cd\development\fin\.next\dev\routes-manifest.json'
    at ignore-listed frames {
  errno: -4058,
  code: 'ENOENT',
  syscall: 'open',
  path: 'C:\\Users\\janpa\\cd\\development\\fin\\.next\\dev\\routes-manifest.json'
}
Error: ENOENT: no such file or directory, open 'C:\Users\janpa\cd\development\fin\.next\dev\routes-manifest.json'
    at ignore-listed frames {
  errno: -4058,
  code: 'ENOENT',
  syscall: 'open',
  path: 'C:\\Users\\janpa\\cd\\development\\fin\\.next\\dev\\routes-manifest.json'
}
Error: ENOENT: no such file or directory, open 'C:\Users\janpa\cd\development\fin\.next\dev\routes-manifest.json'
    at ignore-listed frames {
  errno: -4058,
  code: 'ENOENT',
  syscall: 'open',
  path: 'C:\\Users\\janpa\\cd\\development\\fin\\.next\\dev\\routes-manifest.json'
}
Error: ENOENT: no such file or directory, open 'C:\Users\janpa\cd\development\fin\.next\dev\routes-manifest.json'
    at ignore-listed frames {
  errno: -4058,
  code: 'ENOENT',
  syscall: 'open',
  path: 'C:\\Users\\janpa\\cd\\development\\fin\\.next\\dev\\routes-manifest.json'
}
Error: ENOENT: no such file or directory, open 'C:\Users\janpa\cd\development\fin\.next\dev\routes-manifest.json'
    at ignore-listed frames {
  errno: -4058,
  code: 'ENOENT',
  syscall: 'open',
  path: 'C:\\Users\\janpa\\cd\\development\\fin\\.next\\dev\\routes-manifest.json'
}
Error: ENOENT: no such file or directory, open 'C:\Users\janpa\cd\development\fin\.next\dev\routes-manifest.json'
    at ignore-listed frames {
  errno: -4058,
  code: 'ENOENT',
  syscall: 'open',
  path: 'C:\\Users\\janpa\\cd\\development\\fin\\.next\\dev\\routes-manifest.json'
}
Error: ENOENT: no such file or directory, open 'C:\Users\janpa\cd\development\fin\.next\dev\routes-manifest.json'
    at ignore-listed frames {
  errno: -4058,
  code: 'ENOENT',
  syscall: 'open',
  path: 'C:\\Users\\janpa\\cd\\development\\fin\\.next\\dev\\routes-manifest.json'
}
Error: ENOENT: no such file or directory, open 'C:\Users\janpa\cd\development\fin\.next\dev\routes-manifest.json'
    at ignore-listed frames {
  errno: -4058,
  code: 'ENOENT',
  syscall: 'open',
  path: 'C:\\Users\\janpa\\cd\\development\\fin\\.next\\dev\\routes-manifest.json'
}
Error: ENOENT: no such file or directory, open 'C:\Users\janpa\cd\development\fin\.next\dev\routes-manifest.json'
    at ignore-listed frames {
  errno: -4058,
  code: 'ENOENT',
  syscall: 'open',
  path: 'C:\\Users\\janpa\\cd\\development\\fin\\.next\\dev\\routes-manifest.json'
}
Error: ENOENT: no such file or directory, open 'C:\Users\janpa\cd\development\fin\.next\dev\routes-manifest.json'
    at ignore-listed frames {
  errno: -4058,
  code: 'ENOENT',
  syscall: 'open',
  path: 'C:\\Users\\janpa\\cd\\development\\fin\\.next\\dev\\routes-manifest.json'
}
Error: ENOENT: no such file or directory, open 'C:\Users\janpa\cd\development\fin\.next\dev\routes-manifest.json'
    at ignore-listed frames {
  errno: -4058,
  code: 'ENOENT',
  syscall: 'open',
  path: 'C:\\Users\\janpa\\cd\\development\\fin\\.next\\dev\\routes-manifest.json'
}
Error: ENOENT: no such file or directory, open 'C:\Users\janpa\cd\development\fin\.next\dev\routes-manifest.json'
    at ignore-listed frames {
  errno: -4058,
  code: 'ENOENT',
  syscall: 'open',
  path: 'C:\\Users\\janpa\\cd\\development\\fin\\.next\\dev\\routes-manifest.json'
}
Error: ENOENT: no such file or directory, open 'C:\Users\janpa\cd\development\fin\.next\dev\routes-manifest.json'
    at ignore-listed frames {
  errno: -4058,
  code: 'ENOENT',
  syscall: 'open',
  path: 'C:\\Users\\janpa\\cd\\development\\fin\\.next\\dev\\routes-manifest.json'
}
Error: ENOENT: no such file or directory, open 'C:\Users\janpa\cd\development\fin\.next\dev\routes-manifest.json'
    at ignore-listed frames {
  errno: -4058,
  code: 'ENOENT',
  syscall: 'open',
  path: 'C:\\Users\\janpa\\cd\\development\\fin\\.next\\dev\\routes-manifest.json'
}
Error: ENOENT: no such file or directory, open 'C:\Users\janpa\cd\development\fin\.next\dev\routes-manifest.json'
    at ignore-listed frames {
  errno: -4058,
  code: 'ENOENT',
  syscall: 'open',
  path: 'C:\\Users\\janpa\\cd\\development\\fin\\.next\\dev\\routes-manifest.json'
}
Error: ENOENT: no such file or directory, open 'C:\Users\janpa\cd\development\fin\.next\dev\routes-manifest.json'
    at ignore-listed frames {
  errno: -4058,
  code: 'ENOENT',
  syscall: 'open',
  path: 'C:\\Users\\janpa\\cd\\development\\fin\\.next\\dev\\routes-manifest.json'
}
Error: ENOENT: no such file or directory, open 'C:\Users\janpa\cd\development\fin\.next\dev\routes-manifest.json'
    at ignore-listed frames {
  errno: -4058,
  code: 'ENOENT',
  syscall: 'open',
  path: 'C:\\Users\\janpa\\cd\\development\\fin\\.next\\dev\\routes-manifest.json'
}
Error: ENOENT: no such file or directory, open 'C:\Users\janpa\cd\development\fin\.next\dev\routes-manifest.json'
    at ignore-listed frames {
  errno: -4058,
  code: 'ENOENT',
  syscall: 'open',
  path: 'C:\\Users\\janpa\\cd\\development\\fin\\.next\\dev\\routes-manifest.json'
}
Error: ENOENT: no such file or directory, open 'C:\Users\janpa\cd\development\fin\.next\dev\routes-manifest.json'
    at ignore-listed frames {
  errno: -4058,
  code: 'ENOENT',
  syscall: 'open',
  path: 'C:\\Users\\janpa\\cd\\development\\fin\\.next\\dev\\routes-manifest.json'
}
Error: ENOENT: no such file or directory, open 'C:\Users\janpa\cd\development\fin\.next\dev\routes-manifest.json'
    at ignore-listed frames {
  errno: -4058,
  code: 'ENOENT',
  syscall: 'open',
  path: 'C:\\Users\\janpa\\cd\\development\\fin\\.next\\dev\\routes-manifest.json'
}
Error: ENOENT: no such file or directory, open 'C:\Users\janpa\cd\development\fin\.next\dev\routes-manifest.json'
    at ignore-listed frames {
  errno: -4058,
  code: 'ENOENT',
  syscall: 'open',
  path: 'C:\\Users\\janpa\\cd\\development\\fin\\.next\\dev\\routes-manifest.json'
}
Error: ENOENT: no such file or directory, open 'C:\Users\janpa\cd\development\fin\.next\dev\routes-manifest.json'
    at ignore-listed frames {
  errno: -4058,
  code: 'ENOENT',
  syscall: 'open',
  path: 'C:\\Users\\janpa\\cd\\development\\fin\\.next\\dev\\routes-manifest.json'
}
Error: ENOENT: no such file or directory, open 'C:\Users\janpa\cd\development\fin\.next\dev\routes-manifest.json'
    at ignore-listed frames {
  errno: -4058,
  code: 'ENOENT',
  syscall: 'open',
  path: 'C:\\Users\\janpa\\cd\\development\\fin\\.next\\dev\\routes-manifest.json'
}
⨯ Error: Cannot find module '../chunks/ssr/[turbopack]_runtime.js'
Require stack:
- C:\Users\janpa\cd\development\fin\.next\dev\server\pages\_document.js
- C:\Users\janpa\cd\development\fin\node_modules\next\dist\server\require.js
- C:\Users\janpa\cd\development\fin\node_modules\next\dist\server\load-components.js
- C:\Users\janpa\cd\development\fin\node_modules\next\dist\build\utils.js
- C:\Users\janpa\cd\development\fin\node_modules\next\dist\build\swc\options.js
- C:\Users\janpa\cd\development\fin\node_modules\next\dist\build\swc\index.js
- C:\Users\janpa\cd\development\fin\node_modules\next\dist\build\next-config-ts\transpile-config.js
- C:\Users\janpa\cd\development\fin\node_modules\next\dist\server\config.js
- C:\Users\janpa\cd\development\fin\node_modules\next\dist\server\next.js
- C:\Users\janpa\cd\development\fin\node_modules\next\dist\server\lib\start-server.js
    at Object.<anonymous> (C:\Users\janpa\cd\development\fin\.next\dev\server\pages\_document.js:1:7) {
  code: 'MODULE_NOT_FOUND',
  requireStack: [Array]
}
⨯ Error: Cannot find module '../chunks/ssr/[turbopack]_runtime.js'
Require stack:
- C:\Users\janpa\cd\development\fin\.next\dev\server\pages\_document.js
- C:\Users\janpa\cd\development\fin\node_modules\next\dist\server\require.js
- C:\Users\janpa\cd\development\fin\node_modules\next\dist\server\load-components.js
- C:\Users\janpa\cd\development\fin\node_modules\next\dist\build\utils.js
- C:\Users\janpa\cd\development\fin\node_modules\next\dist\build\swc\options.js
- C:\Users\janpa\cd\development\fin\node_modules\next\dist\build\swc\index.js
- C:\Users\janpa\cd\development\fin\node_modules\next\dist\build\next-config-ts\transpile-config.js
- C:\Users\janpa\cd\development\fin\node_modules\next\dist\server\config.js
- C:\Users\janpa\cd\development\fin\node_modules\next\dist\server\next.js
- C:\Users\janpa\cd\development\fin\node_modules\next\dist\server\lib\start-server.js
    at Object.<anonymous> (C:\Users\janpa\cd\development\fin\.next\dev\server\pages\_document.js:1:7) {
  code: 'MODULE_NOT_FOUND',
  requireStack: [Array]
}
⨯ Error: Cannot find module '../chunks/ssr/[turbopack]_runtime.js'
Require stack:
- C:\Users\janpa\cd\development\fin\.next\dev\server\pages\_document.js
- C:\Users\janpa\cd\development\fin\node_modules\next\dist\server\require.js
- C:\Users\janpa\cd\development\fin\node_modules\next\dist\server\load-components.js
- C:\Users\janpa\cd\development\fin\node_modules\next\dist\build\utils.js
- C:\Users\janpa\cd\development\fin\node_modules\next\dist\build\swc\options.js
- C:\Users\janpa\cd\development\fin\node_modules\next\dist\build\swc\index.js
- C:\Users\janpa\cd\development\fin\node_modules\next\dist\build\next-config-ts\transpile-config.js
- C:\Users\janpa\cd\development\fin\node_modules\next\dist\server\config.js
- C:\Users\janpa\cd\development\fin\node_modules\next\dist\server\next.js
- C:\Users\janpa\cd\development\fin\node_modules\next\dist\server\lib\start-server.js
    at Object.<anonymous> (C:\Users\janpa\cd\development\fin\.next\dev\server\pages\_document.js:1:7) {
  code: 'MODULE_NOT_FOUND',
  requireStack: [Array]
}
⨯ Error: Cannot find module '../chunks/ssr/[turbopack]_runtime.js'
Require stack:
- C:\Users\janpa\cd\development\fin\.next\dev\server\pages\_document.js
- C:\Users\janpa\cd\development\fin\node_modules\next\dist\server\require.js
- C:\Users\janpa\cd\development\fin\node_modules\next\dist\server\load-components.js
- C:\Users\janpa\cd\development\fin\node_modules\next\dist\build\utils.js
- C:\Users\janpa\cd\development\fin\node_modules\next\dist\build\swc\options.js
- C:\Users\janpa\cd\development\fin\node_modules\next\dist\build\swc\index.js
- C:\Users\janpa\cd\development\fin\node_modules\next\dist\build\next-config-ts\transpile-config.js
- C:\Users\janpa\cd\development\fin\node_modules\next\dist\server\config.js
- C:\Users\janpa\cd\development\fin\node_modules\next\dist\server\next.js
- C:\Users\janpa\cd\development\fin\node_modules\next\dist\server\lib\start-server.js
    at Object.<anonymous> (C:\Users\janpa\cd\development\fin\.next\dev\server\pages\_document.js:1:7) {
  code: 'MODULE_NOT_FOUND',
  requireStack: [Array]
}
⨯ Error: Cannot find module '../chunks/ssr/[turbopack]_runtime.js'
Require stack:
- C:\Users\janpa\cd\development\fin\.next\dev\server\pages\_document.js
- C:\Users\janpa\cd\development\fin\node_modules\next\dist\server\require.js
- C:\Users\janpa\cd\development\fin\node_modules\next\dist\server\load-components.js
- C:\Users\janpa\cd\development\fin\node_modules\next\dist\build\utils.js
- C:\Users\janpa\cd\development\fin\node_modules\next\dist\build\swc\options.js
- C:\Users\janpa\cd\development\fin\node_modules\next\dist\build\swc\index.js
- C:\Users\janpa\cd\development\fin\node_modules\next\dist\build\next-config-ts\transpile-config.js
- C:\Users\janpa\cd\development\fin\node_modules\next\dist\server\config.js
- C:\Users\janpa\cd\development\fin\node_modules\next\dist\server\next.js
- C:\Users\janpa\cd\development\fin\node_modules\next\dist\server\lib\start-server.js
    at Object.<anonymous> (C:\Users\janpa\cd\development\fin\.next\dev\server\pages\_document.js:1:7) {
  code: 'MODULE_NOT_FOUND',
  requireStack: [Array]
}
⨯ Error: Cannot find module '../chunks/ssr/[turbopack]_runtime.js'
Require stack:
- C:\Users\janpa\cd\development\fin\.next\dev\server\pages\_document.js
- C:\Users\janpa\cd\development\fin\node_modules\next\dist\server\require.js
- C:\Users\janpa\cd\development\fin\node_modules\next\dist\server\load-components.js
- C:\Users\janpa\cd\development\fin\node_modules\next\dist\build\utils.js
- C:\Users\janpa\cd\development\fin\node_modules\next\dist\build\swc\options.js
- C:\Users\janpa\cd\development\fin\node_modules\next\dist\build\swc\index.js
- C:\Users\janpa\cd\development\fin\node_modules\next\dist\build\next-config-ts\transpile-config.js
- C:\Users\janpa\cd\development\fin\node_modules\next\dist\server\config.js
- C:\Users\janpa\cd\development\fin\node_modules\next\dist\server\next.js
- C:\Users\janpa\cd\development\fin\node_modules\next\dist\server\lib\start-server.js
    at Object.<anonymous> (C:\Users\janpa\cd\development\fin\.next\dev\server\pages\_document.js:1:7) {
  code: 'MODULE_NOT_FOUND',
  requireStack: [Array]
}
⨯ Error: Cannot find module '../chunks/ssr/[turbopack]_runtime.js'
Require stack:
- C:\Users\janpa\cd\development\fin\.next\dev\server\pages\_document.js
- C:\Users\janpa\cd\development\fin\node_modules\next\dist\server\require.js
- C:\Users\janpa\cd\development\fin\node_modules\next\dist\server\load-components.js
- C:\Users\janpa\cd\development\fin\node_modules\next\dist\build\utils.js
- C:\Users\janpa\cd\development\fin\node_modules\next\dist\build\swc\options.js
- C:\Users\janpa\cd\development\fin\node_modules\next\dist\build\swc\index.js
- C:\Users\janpa\cd\development\fin\node_modules\next\dist\build\next-config-ts\transpile-config.js
- C:\Users\janpa\cd\development\fin\node_modules\next\dist\server\config.js
- C:\Users\janpa\cd\development\fin\node_modules\next\dist\server\next.js
- C:\Users\janpa\cd\development\fin\node_modules\next\dist\server\lib\start-server.js
    at Object.<anonymous> (C:\Users\janpa\cd\development\fin\.next\dev\server\pages\_document.js:1:7) {
  code: 'MODULE_NOT_FOUND',
  requireStack: [Array]
}
⨯ Error: Cannot find module '../chunks/ssr/[turbopack]_runtime.js'
Require stack:
- C:\Users\janpa\cd\development\fin\.next\dev\server\pages\_document.js
- C:\Users\janpa\cd\development\fin\node_modules\next\dist\server\require.js
- C:\Users\janpa\cd\development\fin\node_modules\next\dist\server\load-components.js
- C:\Users\janpa\cd\development\fin\node_modules\next\dist\build\utils.js
- C:\Users\janpa\cd\development\fin\node_modules\next\dist\build\swc\options.js
- C:\Users\janpa\cd\development\fin\node_modules\next\dist\build\swc\index.js
- C:\Users\janpa\cd\development\fin\node_modules\next\dist\build\next-config-ts\transpile-config.js
- C:\Users\janpa\cd\development\fin\node_modules\next\dist\server\config.js
- C:\Users\janpa\cd\development\fin\node_modules\next\dist\server\next.js
- C:\Users\janpa\cd\development\fin\node_modules\next\dist\server\lib\start-server.js
    at Object.<anonymous> (C:\Users\janpa\cd\development\fin\.next\dev\server\pages\_document.js:1:7) {
  code: 'MODULE_NOT_FOUND',
  requireStack: [Array]
}
⨯ Error: Cannot find module '../chunks/ssr/[turbopack]_runtime.js'
Require stack:
- C:\Users\janpa\cd\development\fin\.next\dev\server\pages\_document.js
- C:\Users\janpa\cd\development\fin\node_modules\next\dist\server\require.js
- C:\Users\janpa\cd\development\fin\node_modules\next\dist\server\load-components.js
- C:\Users\janpa\cd\development\fin\node_modules\next\dist\build\utils.js
- C:\Users\janpa\cd\development\fin\node_modules\next\dist\build\swc\options.js
- C:\Users\janpa\cd\development\fin\node_modules\next\dist\build\swc\index.js
- C:\Users\janpa\cd\development\fin\node_modules\next\dist\build\next-config-ts\transpile-config.js
- C:\Users\janpa\cd\development\fin\node_modules\next\dist\server\config.js
- C:\Users\janpa\cd\development\fin\node_modules\next\dist\server\next.js
- C:\Users\janpa\cd\development\fin\node_modules\next\dist\server\lib\start-server.js
    at Object.<anonymous> (C:\Users\janpa\cd\development\fin\.next\dev\server\pages\_document.js:1:7) {
  code: 'MODULE_NOT_FOUND',
  requireStack: [Array]
}
⨯ Error: Cannot find module '../chunks/ssr/[turbopack]_runtime.js'
Require stack:
- C:\Users\janpa\cd\development\fin\.next\dev\server\pages\_document.js
- C:\Users\janpa\cd\development\fin\node_modules\next\dist\server\require.js
- C:\Users\janpa\cd\development\fin\node_modules\next\dist\server\load-components.js
- C:\Users\janpa\cd\development\fin\node_modules\next\dist\build\utils.js
- C:\Users\janpa\cd\development\fin\node_modules\next\dist\build\swc\options.js
- C:\Users\janpa\cd\development\fin\node_modules\next\dist\build\swc\index.js
- C:\Users\janpa\cd\development\fin\node_modules\next\dist\build\next-config-ts\transpile-config.js
- C:\Users\janpa\cd\development\fin\node_modules\next\dist\server\config.js
- C:\Users\janpa\cd\development\fin\node_modules\next\dist\server\next.js
- C:\Users\janpa\cd\development\fin\node_modules\next\dist\server\lib\start-server.js
    at Object.<anonymous> (C:\Users\janpa\cd\development\fin\.next\dev\server\pages\_document.js:1:7) {
  code: 'MODULE_NOT_FOUND',
  requireStack: [Array]
}
⨯ Error: Cannot find module '../chunks/ssr/[turbopack]_runtime.js'
Require stack:
- C:\Users\janpa\cd\development\fin\.next\dev\server\pages\_document.js
- C:\Users\janpa\cd\development\fin\node_modules\next\dist\server\require.js
- C:\Users\janpa\cd\development\fin\node_modules\next\dist\server\load-components.js
- C:\Users\janpa\cd\development\fin\node_modules\next\dist\build\utils.js
- C:\Users\janpa\cd\development\fin\node_modules\next\dist\build\swc\options.js
- C:\Users\janpa\cd\development\fin\node_modules\next\dist\build\swc\index.js
- C:\Users\janpa\cd\development\fin\node_modules\next\dist\build\next-config-ts\transpile-config.js
- C:\Users\janpa\cd\development\fin\node_modules\next\dist\server\config.js
- C:\Users\janpa\cd\development\fin\node_modules\next\dist\server\next.js
- C:\Users\janpa\cd\development\fin\node_modules\next\dist\server\lib\start-server.js
    at Object.<anonymous> (C:\Users\janpa\cd\development\fin\.next\dev\server\pages\_document.js:1:7) {
  code: 'MODULE_NOT_FOUND',
  requireStack: [Array]
}
⨯ Error: Cannot find module '../chunks/ssr/[turbopack]_runtime.js'
Require stack:
- C:\Users\janpa\cd\development\fin\.next\dev\server\pages\_document.js
- C:\Users\janpa\cd\development\fin\node_modules\next\dist\server\require.js
- C:\Users\janpa\cd\development\fin\node_modules\next\dist\server\load-components.js
- C:\Users\janpa\cd\development\fin\node_modules\next\dist\build\utils.js
- C:\Users\janpa\cd\development\fin\node_modules\next\dist\build\swc\options.js
- C:\Users\janpa\cd\development\fin\node_modules\next\dist\build\swc\index.js
- C:\Users\janpa\cd\development\fin\node_modules\next\dist\build\next-config-ts\transpile-config.js
- C:\Users\janpa\cd\development\fin\node_modules\next\dist\server\config.js
- C:\Users\janpa\cd\development\fin\node_modules\next\dist\server\next.js
- C:\Users\janpa\cd\development\fin\node_modules\next\dist\server\lib\start-server.js
    at Object.<anonymous> (C:\Users\janpa\cd\development\fin\.next\dev\server\pages\_document.js:1:7) {
  code: 'MODULE_NOT_FOUND',
  requireStack: [Array]
}
⨯ Error: Cannot find module '../chunks/ssr/[turbopack]_runtime.js'
Require stack:
- C:\Users\janpa\cd\development\fin\.next\dev\server\pages\_document.js
- C:\Users\janpa\cd\development\fin\node_modules\next\dist\server\require.js
- C:\Users\janpa\cd\development\fin\node_modules\next\dist\server\load-components.js
- C:\Users\janpa\cd\development\fin\node_modules\next\dist\build\utils.js
- C:\Users\janpa\cd\development\fin\node_modules\next\dist\build\swc\options.js
- C:\Users\janpa\cd\development\fin\node_modules\next\dist\build\swc\index.js
- C:\Users\janpa\cd\development\fin\node_modules\next\dist\build\next-config-ts\transpile-config.js
- C:\Users\janpa\cd\development\fin\node_modules\next\dist\server\config.js
- C:\Users\janpa\cd\development\fin\node_modules\next\dist\server\next.js
- C:\Users\janpa\cd\development\fin\node_modules\next\dist\server\lib\start-server.js
    at Object.<anonymous> (C:\Users\janpa\cd\development\fin\.next\dev\server\pages\_document.js:1:7) {
  code: 'MODULE_NOT_FOUND',
  requireStack: [Array]
}
⨯ Error: Cannot find module '../chunks/ssr/[turbopack]_runtime.js'
Require stack:
- C:\Users\janpa\cd\development\fin\.next\dev\server\pages\_document.js
- C:\Users\janpa\cd\development\fin\node_modules\next\dist\server\require.js
- C:\Users\janpa\cd\development\fin\node_modules\next\dist\server\load-components.js
- C:\Users\janpa\cd\development\fin\node_modules\next\dist\build\utils.js
- C:\Users\janpa\cd\development\fin\node_modules\next\dist\build\swc\options.js
- C:\Users\janpa\cd\development\fin\node_modules\next\dist\build\swc\index.js
- C:\Users\janpa\cd\development\fin\node_modules\next\dist\build\next-config-ts\transpile-config.js
- C:\Users\janpa\cd\development\fin\node_modules\next\dist\server\config.js
- C:\Users\janpa\cd\development\fin\node_modules\next\dist\server\next.js
- C:\Users\janpa\cd\development\fin\node_modules\next\dist\server\lib\start-server.js
    at Object.<anonymous> (C:\Users\janpa\cd\development\fin\.next\dev\server\pages\_document.js:1:7) {
  code: 'MODULE_NOT_FOUND',
  requireStack: [Array]
}
⨯ Error: Cannot find module '../chunks/ssr/[turbopack]_runtime.js'
Require stack:
- C:\Users\janpa\cd\development\fin\.next\dev\server\pages\_document.js
- C:\Users\janpa\cd\development\fin\node_modules\next\dist\server\require.js
- C:\Users\janpa\cd\development\fin\node_modules\next\dist\server\load-components.js
- C:\Users\janpa\cd\development\fin\node_modules\next\dist\build\utils.js
- C:\Users\janpa\cd\development\fin\node_modules\next\dist\build\swc\options.js
- C:\Users\janpa\cd\development\fin\node_modules\next\dist\build\swc\index.js
- C:\Users\janpa\cd\development\fin\node_modules\next\dist\build\next-config-ts\transpile-config.js
- C:\Users\janpa\cd\development\fin\node_modules\next\dist\server\config.js
- C:\Users\janpa\cd\development\fin\node_modules\next\dist\server\next.js
- C:\Users\janpa\cd\development\fin\node_modules\next\dist\server\lib\start-server.js
    at Object.<anonymous> (C:\Users\janpa\cd\development\fin\.next\dev\server\pages\_document.js:1:7) {
  code: 'MODULE_NOT_FOUND',
  requireStack: [Array]
}
⨯ Error: Cannot find module '../chunks/ssr/[turbopack]_runtime.js'
Require stack:
- C:\Users\janpa\cd\development\fin\.next\dev\server\pages\_document.js
- C:\Users\janpa\cd\development\fin\node_modules\next\dist\server\require.js
- C:\Users\janpa\cd\development\fin\node_modules\next\dist\server\load-components.js
- C:\Users\janpa\cd\development\fin\node_modules\next\dist\build\utils.js
- C:\Users\janpa\cd\development\fin\node_modules\next\dist\build\swc\options.js
- C:\Users\janpa\cd\development\fin\node_modules\next\dist\build\swc\index.js
- C:\Users\janpa\cd\development\fin\node_modules\next\dist\build\next-config-ts\transpile-config.js
- C:\Users\janpa\cd\development\fin\node_modules\next\dist\server\config.js
- C:\Users\janpa\cd\development\fin\node_modules\next\dist\server\next.js
- C:\Users\janpa\cd\development\fin\node_modules\next\dist\server\lib\start-server.js
    at Object.<anonymous> (C:\Users\janpa\cd\development\fin\.next\dev\server\pages\_document.js:1:7) {
  code: 'MODULE_NOT_FOUND',
  requireStack: [Array]
}
⨯ Error: Cannot find module '../chunks/ssr/[turbopack]_runtime.js'
Require stack:
- C:\Users\janpa\cd\development\fin\.next\dev\server\pages\_document.js
- C:\Users\janpa\cd\development\fin\node_modules\next\dist\server\require.js
- C:\Users\janpa\cd\development\fin\node_modules\next\dist\server\load-components.js
- C:\Users\janpa\cd\development\fin\node_modules\next\dist\build\utils.js
- C:\Users\janpa\cd\development\fin\node_modules\next\dist\build\swc\options.js
- C:\Users\janpa\cd\development\fin\node_modules\next\dist\build\swc\index.js
- C:\Users\janpa\cd\development\fin\node_modules\next\dist\build\next-config-ts\transpile-config.js
- C:\Users\janpa\cd\development\fin\node_modules\next\dist\server\config.js
- C:\Users\janpa\cd\development\fin\node_modules\next\dist\server\next.js
- C:\Users\janpa\cd\development\fin\node_modules\next\dist\server\lib\start-server.js
    at Object.<anonymous> (C:\Users\janpa\cd\development\fin\.next\dev\server\pages\_document.js:1:7) {
  code: 'MODULE_NOT_FOUND',
  requireStack: [Array]
}
⨯ Error: Cannot find module '../chunks/ssr/[turbopack]_runtime.js'
Require stack:
- C:\Users\janpa\cd\development\fin\.next\dev\server\pages\_document.js
- C:\Users\janpa\cd\development\fin\node_modules\next\dist\server\require.js
- C:\Users\janpa\cd\development\fin\node_modules\next\dist\server\load-components.js
- C:\Users\janpa\cd\development\fin\node_modules\next\dist\build\utils.js
- C:\Users\janpa\cd\development\fin\node_modules\next\dist\build\swc\options.js
- C:\Users\janpa\cd\development\fin\node_modules\next\dist\build\swc\index.js
- C:\Users\janpa\cd\development\fin\node_modules\next\dist\build\next-config-ts\transpile-config.js
- C:\Users\janpa\cd\development\fin\node_modules\next\dist\server\config.js
- C:\Users\janpa\cd\development\fin\node_modules\next\dist\server\next.js
- C:\Users\janpa\cd\development\fin\node_modules\next\dist\server\lib\start-server.js
    at Object.<anonymous> (C:\Users\janpa\cd\development\fin\.next\dev\server\pages\_document.js:1:7) {
  code: 'MODULE_NOT_FOUND',
  requireStack: [Array]
}
⨯ Error: Cannot find module '../chunks/ssr/[turbopack]_runtime.js'
Require stack:
- C:\Users\janpa\cd\development\fin\.next\dev\server\pages\_document.js
- C:\Users\janpa\cd\development\fin\node_modules\next\dist\server\require.js
- C:\Users\janpa\cd\development\fin\node_modules\next\dist\server\load-components.js
- C:\Users\janpa\cd\development\fin\node_modules\next\dist\build\utils.js
- C:\Users\janpa\cd\development\fin\node_modules\next\dist\build\swc\options.js
- C:\Users\janpa\cd\development\fin\node_modules\next\dist\build\swc\index.js
- C:\Users\janpa\cd\development\fin\node_modules\next\dist\build\next-config-ts\transpile-config.js
- C:\Users\janpa\cd\development\fin\node_modules\next\dist\server\config.js
- C:\Users\janpa\cd\development\fin\node_modules\next\dist\server\next.js
- C:\Users\janpa\cd\development\fin\node_modules\next\dist\server\lib\start-server.js
    at Object.<anonymous> (C:\Users\janpa\cd\development\fin\.next\dev\server\pages\_document.js:1:7) {
  code: 'MODULE_NOT_FOUND',
  requireStack: [Array]
}
⨯ Error: Cannot find module '../chunks/ssr/[turbopack]_runtime.js'
Require stack:
- C:\Users\janpa\cd\development\fin\.next\dev\server\pages\_document.js
- C:\Users\janpa\cd\development\fin\node_modules\next\dist\server\require.js
- C:\Users\janpa\cd\development\fin\node_modules\next\dist\server\load-components.js
- C:\Users\janpa\cd\development\fin\node_modules\next\dist\build\utils.js
- C:\Users\janpa\cd\development\fin\node_modules\next\dist\build\swc\options.js
- C:\Users\janpa\cd\development\fin\node_modules\next\dist\build\swc\index.js
- C:\Users\janpa\cd\development\fin\node_modules\next\dist\build\next-config-ts\transpile-config.js
- C:\Users\janpa\cd\development\fin\node_modules\next\dist\server\config.js
- C:\Users\janpa\cd\development\fin\node_modules\next\dist\server\next.js
- C:\Users\janpa\cd\development\fin\node_modules\next\dist\server\lib\start-server.js
    at Object.<anonymous> (C:\Users\janpa\cd\development\fin\.next\dev\server\pages\_document.js:1:7) {
  code: 'MODULE_NOT_FOUND',
  requireStack: [Array]
}
⨯ Error: Cannot find module '../chunks/ssr/[turbopack]_runtime.js'
Require stack:
- C:\Users\janpa\cd\development\fin\.next\dev\server\pages\_document.js
- C:\Users\janpa\cd\development\fin\node_modules\next\dist\server\require.js
- C:\Users\janpa\cd\development\fin\node_modules\next\dist\server\load-components.js
- C:\Users\janpa\cd\development\fin\node_modules\next\dist\build\utils.js
- C:\Users\janpa\cd\development\fin\node_modules\next\dist\build\swc\options.js
- C:\Users\janpa\cd\development\fin\node_modules\next\dist\build\swc\index.js
- C:\Users\janpa\cd\development\fin\node_modules\next\dist\build\next-config-ts\transpile-config.js
- C:\Users\janpa\cd\development\fin\node_modules\next\dist\server\config.js
- C:\Users\janpa\cd\development\fin\node_modules\next\dist\server\next.js
- C:\Users\janpa\cd\development\fin\node_modules\next\dist\server\lib\start-server.js
    at Object.<anonymous> (C:\Users\janpa\cd\development\fin\.next\dev\server\pages\_document.js:1:7) {
  code: 'MODULE_NOT_FOUND',
  requireStack: [Array]
}
⨯ Error: Cannot find module '../chunks/ssr/[turbopack]_runtime.js'
Require stack:
- C:\Users\janpa\cd\development\fin\.next\dev\server\pages\_document.js
- C:\Users\janpa\cd\development\fin\node_modules\next\dist\server\require.js
- C:\Users\janpa\cd\development\fin\node_modules\next\dist\server\load-components.js
- C:\Users\janpa\cd\development\fin\node_modules\next\dist\build\utils.js
- C:\Users\janpa\cd\development\fin\node_modules\next\dist\build\swc\options.js
- C:\Users\janpa\cd\development\fin\node_modules\next\dist\build\swc\index.js
- C:\Users\janpa\cd\development\fin\node_modules\next\dist\build\next-config-ts\transpile-config.js
- C:\Users\janpa\cd\development\fin\node_modules\next\dist\server\config.js
- C:\Users\janpa\cd\development\fin\node_modules\next\dist\server\next.js
- C:\Users\janpa\cd\development\fin\node_modules\next\dist\server\lib\start-server.js
    at Object.<anonymous> (C:\Users\janpa\cd\development\fin\.next\dev\server\pages\_document.js:1:7) {
  code: 'MODULE_NOT_FOUND',
  requireStack: [Array]
}
⨯ Error: Cannot find module '../chunks/ssr/[turbopack]_runtime.js'
Require stack:
- C:\Users\janpa\cd\development\fin\.next\dev\server\pages\_document.js
- C:\Users\janpa\cd\development\fin\node_modules\next\dist\server\require.js
- C:\Users\janpa\cd\development\fin\node_modules\next\dist\server\load-components.js
- C:\Users\janpa\cd\development\fin\node_modules\next\dist\build\utils.js
- C:\Users\janpa\cd\development\fin\node_modules\next\dist\build\swc\options.js
- C:\Users\janpa\cd\development\fin\node_modules\next\dist\build\swc\index.js
- C:\Users\janpa\cd\development\fin\node_modules\next\dist\build\next-config-ts\transpile-config.js
- C:\Users\janpa\cd\development\fin\node_modules\next\dist\server\config.js
- C:\Users\janpa\cd\development\fin\node_modules\next\dist\server\next.js
- C:\Users\janpa\cd\development\fin\node_modules\next\dist\server\lib\start-server.js
    at Object.<anonymous> (C:\Users\janpa\cd\development\fin\.next\dev\server\pages\_document.js:1:7) {
  code: 'MODULE_NOT_FOUND',
  requireStack: [Array]
}
⨯ Error: Cannot find module '../chunks/ssr/[turbopack]_runtime.js'
Require stack:
- C:\Users\janpa\cd\development\fin\.next\dev\server\pages\_document.js
- C:\Users\janpa\cd\development\fin\node_modules\next\dist\server\require.js
- C:\Users\janpa\cd\development\fin\node_modules\next\dist\server\load-components.js
- C:\Users\janpa\cd\development\fin\node_modules\next\dist\build\utils.js
- C:\Users\janpa\cd\development\fin\node_modules\next\dist\build\swc\options.js
- C:\Users\janpa\cd\development\fin\node_modules\next\dist\build\swc\index.js
- C:\Users\janpa\cd\development\fin\node_modules\next\dist\build\next-config-ts\transpile-config.js
- C:\Users\janpa\cd\development\fin\node_modules\next\dist\server\config.js
- C:\Users\janpa\cd\development\fin\node_modules\next\dist\server\next.js
- C:\Users\janpa\cd\development\fin\node_modules\next\dist\server\lib\start-server.js
    at Object.<anonymous> (C:\Users\janpa\cd\development\fin\.next\dev\server\pages\_document.js:1:7) {
  code: 'MODULE_NOT_FOUND',
  requireStack: [Array]
}
⨯ Error: Cannot find module '../chunks/ssr/[turbopack]_runtime.js'
Require stack:
- C:\Users\janpa\cd\development\fin\.next\dev\server\pages\_document.js
- C:\Users\janpa\cd\development\fin\node_modules\next\dist\server\require.js
- C:\Users\janpa\cd\development\fin\node_modules\next\dist\server\load-components.js
- C:\Users\janpa\cd\development\fin\node_modules\next\dist\build\utils.js
- C:\Users\janpa\cd\development\fin\node_modules\next\dist\build\swc\options.js
- C:\Users\janpa\cd\development\fin\node_modules\next\dist\build\swc\index.js
- C:\Users\janpa\cd\development\fin\node_modules\next\dist\build\next-config-ts\transpile-config.js
- C:\Users\janpa\cd\development\fin\node_modules\next\dist\server\config.js
- C:\Users\janpa\cd\development\fin\node_modules\next\dist\server\next.js
- C:\Users\janpa\cd\development\fin\node_modules\next\dist\server\lib\start-server.js
    at Object.<anonymous> (C:\Users\janpa\cd\development\fin\.next\dev\server\pages\_document.js:1:7) {
  code: 'MODULE_NOT_FOUND',
  requireStack: [Array]
}
⨯ Error: Cannot find module '../chunks/ssr/[turbopack]_runtime.js'
Require stack:
- C:\Users\janpa\cd\development\fin\.next\dev\server\pages\_document.js
- C:\Users\janpa\cd\development\fin\node_modules\next\dist\server\require.js
- C:\Users\janpa\cd\development\fin\node_modules\next\dist\server\load-components.js
- C:\Users\janpa\cd\development\fin\node_modules\next\dist\build\utils.js
- C:\Users\janpa\cd\development\fin\node_modules\next\dist\build\swc\options.js
- C:\Users\janpa\cd\development\fin\node_modules\next\dist\build\swc\index.js
- C:\Users\janpa\cd\development\fin\node_modules\next\dist\build\next-config-ts\transpile-config.js
- C:\Users\janpa\cd\development\fin\node_modules\next\dist\server\config.js
- C:\Users\janpa\cd\development\fin\node_modules\next\dist\server\next.js
- C:\Users\janpa\cd\development\fin\node_modules\next\dist\server\lib\start-server.js
    at Object.<anonymous> (C:\Users\janpa\cd\development\fin\.next\dev\server\pages\_document.js:1:7) {
  code: 'MODULE_NOT_FOUND',
  requireStack: [Array]
}
⨯ Error: Cannot find module '../chunks/ssr/[turbopack]_runtime.js'
Require stack:
- C:\Users\janpa\cd\development\fin\.next\dev\server\pages\_document.js
- C:\Users\janpa\cd\development\fin\node_modules\next\dist\server\require.js
- C:\Users\janpa\cd\development\fin\node_modules\next\dist\server\load-components.js
- C:\Users\janpa\cd\development\fin\node_modules\next\dist\build\utils.js
- C:\Users\janpa\cd\development\fin\node_modules\next\dist\build\swc\options.js
- C:\Users\janpa\cd\development\fin\node_modules\next\dist\build\swc\index.js
- C:\Users\janpa\cd\development\fin\node_modules\next\dist\build\next-config-ts\transpile-config.js
- C:\Users\janpa\cd\development\fin\node_modules\next\dist\server\config.js
- C:\Users\janpa\cd\development\fin\node_modules\next\dist\server\next.js
- C:\Users\janpa\cd\development\fin\node_modules\next\dist\server\lib\start-server.js
    at Object.<anonymous> (C:\Users\janpa\cd\development\fin\.next\dev\server\pages\_document.js:1:7) {
  code: 'MODULE_NOT_FOUND',
  requireStack: [Array]
}
⨯ Error: Cannot find module '../chunks/ssr/[turbopack]_runtime.js'
Require stack:
- C:\Users\janpa\cd\development\fin\.next\dev\server\pages\_document.js
- C:\Users\janpa\cd\development\fin\node_modules\next\dist\server\require.js
- C:\Users\janpa\cd\development\fin\node_modules\next\dist\server\load-components.js
- C:\Users\janpa\cd\development\fin\node_modules\next\dist\build\utils.js
- C:\Users\janpa\cd\development\fin\node_modules\next\dist\build\swc\options.js
- C:\Users\janpa\cd\development\fin\node_modules\next\dist\build\swc\index.js
- C:\Users\janpa\cd\development\fin\node_modules\next\dist\build\next-config-ts\transpile-config.js
- C:\Users\janpa\cd\development\fin\node_modules\next\dist\server\config.js
- C:\Users\janpa\cd\development\fin\node_modules\next\dist\server\next.js
- C:\Users\janpa\cd\development\fin\node_modules\next\dist\server\lib\start-server.js
    at Object.<anonymous> (C:\Users\janpa\cd\development\fin\.next\dev\server\pages\_document.js:1:7) {
  code: 'MODULE_NOT_FOUND',
  requireStack: [Array]
}
⨯ Error: Cannot find module '../chunks/ssr/[turbopack]_runtime.js'
Require stack:
- C:\Users\janpa\cd\development\fin\.next\dev\server\pages\_document.js
- C:\Users\janpa\cd\development\fin\node_modules\next\dist\server\require.js
- C:\Users\janpa\cd\development\fin\node_modules\next\dist\server\load-components.js
- C:\Users\janpa\cd\development\fin\node_modules\next\dist\build\utils.js
- C:\Users\janpa\cd\development\fin\node_modules\next\dist\build\swc\options.js
- C:\Users\janpa\cd\development\fin\node_modules\next\dist\build\swc\index.js
- C:\Users\janpa\cd\development\fin\node_modules\next\dist\build\next-config-ts\transpile-config.js
- C:\Users\janpa\cd\development\fin\node_modules\next\dist\server\config.js
- C:\Users\janpa\cd\development\fin\node_modules\next\dist\server\next.js
- C:\Users\janpa\cd\development\fin\node_modules\next\dist\server\lib\start-server.js
    at Object.<anonymous> (C:\Users\janpa\cd\development\fin\.next\dev\server\pages\_document.js:1:7) {
  code: 'MODULE_NOT_FOUND',
  requireStack: [Array]
}
⨯ Error: Cannot find module '../chunks/ssr/[turbopack]_runtime.js'
Require stack:
- C:\Users\janpa\cd\development\fin\.next\dev\server\pages\_document.js
- C:\Users\janpa\cd\development\fin\node_modules\next\dist\server\require.js
- C:\Users\janpa\cd\development\fin\node_modules\next\dist\server\load-components.js
- C:\Users\janpa\cd\development\fin\node_modules\next\dist\build\utils.js
- C:\Users\janpa\cd\development\fin\node_modules\next\dist\build\swc\options.js
- C:\Users\janpa\cd\development\fin\node_modules\next\dist\build\swc\index.js
- C:\Users\janpa\cd\development\fin\node_modules\next\dist\build\next-config-ts\transpile-config.js
- C:\Users\janpa\cd\development\fin\node_modules\next\dist\server\config.js
- C:\Users\janpa\cd\development\fin\node_modules\next\dist\server\next.js
- C:\Users\janpa\cd\development\fin\node_modules\next\dist\server\lib\start-server.js
    at Object.<anonymous> (C:\Users\janpa\cd\development\fin\.next\dev\server\pages\_document.js:1:7) {
  code: 'MODULE_NOT_FOUND',
  requireStack: [Array]
}
⨯ Error: Cannot find module '../chunks/ssr/[turbopack]_runtime.js'
Require stack:
- C:\Users\janpa\cd\development\fin\.next\dev\server\pages\_document.js
- C:\Users\janpa\cd\development\fin\node_modules\next\dist\server\require.js
- C:\Users\janpa\cd\development\fin\node_modules\next\dist\server\load-components.js
- C:\Users\janpa\cd\development\fin\node_modules\next\dist\build\utils.js
- C:\Users\janpa\cd\development\fin\node_modules\next\dist\build\swc\options.js
- C:\Users\janpa\cd\development\fin\node_modules\next\dist\build\swc\index.js
- C:\Users\janpa\cd\development\fin\node_modules\next\dist\build\next-config-ts\transpile-config.js
- C:\Users\janpa\cd\development\fin\node_modules\next\dist\server\config.js
- C:\Users\janpa\cd\development\fin\node_modules\next\dist\server\next.js
- C:\Users\janpa\cd\development\fin\node_modules\next\dist\server\lib\start-server.js
    at Object.<anonymous> (C:\Users\janpa\cd\development\fin\.next\dev\server\pages\_document.js:1:7) {
  code: 'MODULE_NOT_FOUND',
  requireStack: [Array]
}
⨯ Error: Cannot find module '../chunks/ssr/[turbopack]_runtime.js'
Require stack:
- C:\Users\janpa\cd\development\fin\.next\dev\server\pages\_document.js
- C:\Users\janpa\cd\development\fin\node_modules\next\dist\server\require.js
- C:\Users\janpa\cd\development\fin\node_modules\next\dist\server\load-components.js
- C:\Users\janpa\cd\development\fin\node_modules\next\dist\build\utils.js
- C:\Users\janpa\cd\development\fin\node_modules\next\dist\build\swc\options.js
- C:\Users\janpa\cd\development\fin\node_modules\next\dist\build\swc\index.js
- C:\Users\janpa\cd\development\fin\node_modules\next\dist\build\next-config-ts\transpile-config.js
- C:\Users\janpa\cd\development\fin\node_modules\next\dist\server\config.js
- C:\Users\janpa\cd\development\fin\node_modules\next\dist\server\next.js
- C:\Users\janpa\cd\development\fin\node_modules\next\dist\server\lib\start-server.js
    at Object.<anonymous> (C:\Users\janpa\cd\development\fin\.next\dev\server\pages\_document.js:1:7) {
  code: 'MODULE_NOT_FOUND',
  requireStack: [Array]
}
Error: ENOENT: no such file or directory, open 'C:\Users\janpa\cd\development\fin\.next\dev\routes-manifest.json'
    at ignore-listed frames {
  errno: -4058,
  code: 'ENOENT',
  syscall: 'open',
  path: 'C:\\Users\\janpa\\cd\\development\\fin\\.next\\dev\\routes-manifest.json'
}
Error: ENOENT: no such file or directory, open 'C:\Users\janpa\cd\development\fin\.next\dev\routes-manifest.json'
    at ignore-listed frames {
  errno: -4058,
  code: 'ENOENT',
  syscall: 'open',
  path: 'C:\\Users\\janpa\\cd\\development\\fin\\.next\\dev\\routes-manifest.json'
}
Error: ENOENT: no such file or directory, open 'C:\Users\janpa\cd\development\fin\.next\dev\routes-manifest.json'
    at ignore-listed frames {
  errno: -4058,
  code: 'ENOENT',
  syscall: 'open',
  path: 'C:\\Users\\janpa\\cd\\development\\fin\\.next\\dev\\routes-manifest.json'
}
Error: ENOENT: no such file or directory, open 'C:\Users\janpa\cd\development\fin\.next\dev\routes-manifest.json'
    at ignore-listed frames {
  errno: -4058,
  code: 'ENOENT',
  syscall: 'open',
  path: 'C:\\Users\\janpa\\cd\\development\\fin\\.next\\dev\\routes-manifest.json'
}
Error: ENOENT: no such file or directory, open 'C:\Users\janpa\cd\development\fin\.next\dev\routes-manifest.json'
    at ignore-listed frames {
  errno: -4058,
  code: 'ENOENT',
  syscall: 'open',
  path: 'C:\\Users\\janpa\\cd\\development\\fin\\.next\\dev\\routes-manifest.json'
}
Error: ENOENT: no such file or directory, open 'C:\Users\janpa\cd\development\fin\.next\dev\routes-manifest.json'
    at ignore-listed frames {
  errno: -4058,
  code: 'ENOENT',
  syscall: 'open',
  path: 'C:\\Users\\janpa\\cd\\development\\fin\\.next\\dev\\routes-manifest.json'
}
Error: ENOENT: no such file or directory, open 'C:\Users\janpa\cd\development\fin\.next\dev\routes-manifest.json'
    at ignore-listed frames {
  errno: -4058,
  code: 'ENOENT',
  syscall: 'open',
  path: 'C:\\Users\\janpa\\cd\\development\\fin\\.next\\dev\\routes-manifest.json'
}
Error: ENOENT: no such file or directory, open 'C:\Users\janpa\cd\development\fin\.next\dev\routes-manifest.json'
    at ignore-listed frames {
  errno: -4058,
  code: 'ENOENT',
  syscall: 'open',
  path: 'C:\\Users\\janpa\\cd\\development\\fin\\.next\\dev\\routes-manifest.json'
}
Error: ENOENT: no such file or directory, open 'C:\Users\janpa\cd\development\fin\.next\dev\routes-manifest.json'
    at ignore-listed frames {
  errno: -4058,
  code: 'ENOENT',
  syscall: 'open',
  path: 'C:\\Users\\janpa\\cd\\development\\fin\\.next\\dev\\routes-manifest.json'
}
Error: ENOENT: no such file or directory, open 'C:\Users\janpa\cd\development\fin\.next\dev\routes-manifest.json'
    at ignore-listed frames {
  errno: -4058,
  code: 'ENOENT',
  syscall: 'open',
  path: 'C:\\Users\\janpa\\cd\\development\\fin\\.next\\dev\\routes-manifest.json'
}
Error: ENOENT: no such file or directory, open 'C:\Users\janpa\cd\development\fin\.next\dev\routes-manifest.json'
    at ignore-listed frames {
  errno: -4058,
  code: 'ENOENT',
  syscall: 'open',
  path: 'C:\\Users\\janpa\\cd\\development\\fin\\.next\\dev\\routes-manifest.json'
}
Error: ENOENT: no such file or directory, open 'C:\Users\janpa\cd\development\fin\.next\dev\routes-manifest.json'
    at ignore-listed frames {
  errno: -4058,
  code: 'ENOENT',
  syscall: 'open',
  path: 'C:\\Users\\janpa\\cd\\development\\fin\\.next\\dev\\routes-manifest.json'
}
Error: ENOENT: no such file or directory, open 'C:\Users\janpa\cd\development\fin\.next\dev\routes-manifest.json'
    at ignore-listed frames {
  errno: -4058,
  code: 'ENOENT',
  syscall: 'open',
  path: 'C:\\Users\\janpa\\cd\\development\\fin\\.next\\dev\\routes-manifest.json'
}
Error: ENOENT: no such file or directory, open 'C:\Users\janpa\cd\development\fin\.next\dev\routes-manifest.json'
    at ignore-listed frames {
  errno: -4058,
  code: 'ENOENT',
  syscall: 'open',
  path: 'C:\\Users\\janpa\\cd\\development\\fin\\.next\\dev\\routes-manifest.json'
}
Error: ENOENT: no such file or directory, open 'C:\Users\janpa\cd\development\fin\.next\dev\routes-manifest.json'
    at ignore-listed frames {
  errno: -4058,
  code: 'ENOENT',
  syscall: 'open',
  path: 'C:\\Users\\janpa\\cd\\development\\fin\\.next\\dev\\routes-manifest.json'
}
Error: ENOENT: no such file or directory, open 'C:\Users\janpa\cd\development\fin\.next\dev\routes-manifest.json'
    at ignore-listed frames {
  errno: -4058,
  code: 'ENOENT',
  syscall: 'open',
  path: 'C:\\Users\\janpa\\cd\\development\\fin\\.next\\dev\\routes-manifest.json'
}
Error: ENOENT: no such file or directory, open 'C:\Users\janpa\cd\development\fin\.next\dev\routes-manifest.json'
    at ignore-listed frames {
  errno: -4058,
  code: 'ENOENT',
  syscall: 'open',
  path: 'C:\\Users\\janpa\\cd\\development\\fin\\.next\\dev\\routes-manifest.json'
}
Error: ENOENT: no such file or directory, open 'C:\Users\janpa\cd\development\fin\.next\dev\routes-manifest.json'
    at ignore-listed frames {
  errno: -4058,
  code: 'ENOENT',
  syscall: 'open',
  path: 'C:\\Users\\janpa\\cd\\development\\fin\\.next\\dev\\routes-manifest.json'
}
Error: ENOENT: no such file or directory, open 'C:\Users\janpa\cd\development\fin\.next\dev\routes-manifest.json'
    at ignore-listed frames {
  errno: -4058,
  code: 'ENOENT',
  syscall: 'open',
  path: 'C:\\Users\\janpa\\cd\\development\\fin\\.next\\dev\\routes-manifest.json'
}
Error: ENOENT: no such file or directory, open 'C:\Users\janpa\cd\development\fin\.next\dev\routes-manifest.json'
    at ignore-listed frames {
  errno: -4058,
  code: 'ENOENT',
  syscall: 'open',
  path: 'C:\\Users\\janpa\\cd\\development\\fin\\.next\\dev\\routes-manifest.json'
}
Error: ENOENT: no such file or directory, open 'C:\Users\janpa\cd\development\fin\.next\dev\routes-manifest.json'
    at ignore-listed frames {
  errno: -4058,
  code: 'ENOENT',
  syscall: 'open',
  path: 'C:\\Users\\janpa\\cd\\development\\fin\\.next\\dev\\routes-manifest.json'
}
Error: ENOENT: no such file or directory, open 'C:\Users\janpa\cd\development\fin\.next\dev\routes-manifest.json'
    at ignore-listed frames {
  errno: -4058,
  code: 'ENOENT',
  syscall: 'open',
  path: 'C:\\Users\\janpa\\cd\\development\\fin\\.next\\dev\\routes-manifest.json'
}
Error: ENOENT: no such file or directory, open 'C:\Users\janpa\cd\development\fin\.next\dev\routes-manifest.json'
    at ignore-listed frames {
  errno: -4058,
  code: 'ENOENT',
  syscall: 'open',
  path: 'C:\\Users\\janpa\\cd\\development\\fin\\.next\\dev\\routes-manifest.json'
}
Error: ENOENT: no such file or directory, open 'C:\Users\janpa\cd\development\fin\.next\dev\routes-manifest.json'
    at ignore-listed frames {
  errno: -4058,
  code: 'ENOENT',
  syscall: 'open',
  path: 'C:\\Users\\janpa\\cd\\development\\fin\\.next\\dev\\routes-manifest.json'
}
Error: ENOENT: no such file or directory, open 'C:\Users\janpa\cd\development\fin\.next\dev\routes-manifest.json'
    at ignore-listed frames {
  errno: -4058,
  code: 'ENOENT',
  syscall: 'open',
  path: 'C:\\Users\\janpa\\cd\\development\\fin\\.next\\dev\\routes-manifest.json'
}
Error: ENOENT: no such file or directory, open 'C:\Users\janpa\cd\development\fin\.next\dev\routes-manifest.json'
    at ignore-listed frames {
  errno: -4058,
  code: 'ENOENT',
  syscall: 'open',
  path: 'C:\\Users\\janpa\\cd\\development\\fin\\.next\\dev\\routes-manifest.json'
}
Error: ENOENT: no such file or directory, open 'C:\Users\janpa\cd\development\fin\.next\dev\routes-manifest.json'
    at ignore-listed frames {
  errno: -4058,
  code: 'ENOENT',
  syscall: 'open',
  path: 'C:\\Users\\janpa\\cd\\development\\fin\\.next\\dev\\routes-manifest.json'
}
Error: ENOENT: no such file or directory, open 'C:\Users\janpa\cd\development\fin\.next\dev\routes-manifest.json'
    at ignore-listed frames {
  errno: -4058,
  code: 'ENOENT',
  syscall: 'open',
  path: 'C:\\Users\\janpa\\cd\\development\\fin\\.next\\dev\\routes-manifest.json'
}
Error: ENOENT: no such file or directory, open 'C:\Users\janpa\cd\development\fin\.next\dev\routes-manifest.json'
    at ignore-listed frames {
  errno: -4058,
  code: 'ENOENT',
  syscall: 'open',
  path: 'C:\\Users\\janpa\\cd\\development\\fin\\.next\\dev\\routes-manifest.json'
}
Error: ENOENT: no such file or directory, open 'C:\Users\janpa\cd\development\fin\.next\dev\routes-manifest.json'
    at ignore-listed frames {
  errno: -4058,
  code: 'ENOENT',
  syscall: 'open',
  path: 'C:\\Users\\janpa\\cd\\development\\fin\\.next\\dev\\routes-manifest.json'
}
Error: ENOENT: no such file or directory, open 'C:\Users\janpa\cd\development\fin\.next\dev\routes-manifest.json'
    at ignore-listed frames {
  errno: -4058,
  code: 'ENOENT',
  syscall: 'open',
  path: 'C:\\Users\\janpa\\cd\\development\\fin\\.next\\dev\\routes-manifest.json'
}
Error: ENOENT: no such file or directory, open 'C:\Users\janpa\cd\development\fin\.next\dev\routes-manifest.json'
    at ignore-listed frames {
  errno: -4058,
  code: 'ENOENT',
  syscall: 'open',
  path: 'C:\\Users\\janpa\\cd\\development\\fin\\.next\\dev\\routes-manifest.json'
}
⨯ Error: Cannot find module '../chunks/ssr/[turbopack]_runtime.js'
Require stack:
- C:\Users\janpa\cd\development\fin\.next\dev\server\pages\_document.js
- C:\Users\janpa\cd\development\fin\node_modules\next\dist\server\require.js
- C:\Users\janpa\cd\development\fin\node_modules\next\dist\server\load-components.js
- C:\Users\janpa\cd\development\fin\node_modules\next\dist\build\utils.js
- C:\Users\janpa\cd\development\fin\node_modules\next\dist\build\swc\options.js
- C:\Users\janpa\cd\development\fin\node_modules\next\dist\build\swc\index.js
- C:\Users\janpa\cd\development\fin\node_modules\next\dist\build\next-config-ts\transpile-config.js
- C:\Users\janpa\cd\development\fin\node_modules\next\dist\server\config.js
- C:\Users\janpa\cd\development\fin\node_modules\next\dist\server\next.js
- C:\Users\janpa\cd\development\fin\node_modules\next\dist\server\lib\start-server.js
    at Object.<anonymous> (C:\Users\janpa\cd\development\fin\.next\dev\server\pages\_document.js:1:7) {
  code: 'MODULE_NOT_FOUND',
  requireStack: [Array]
}
⨯ Error: Cannot find module '../../chunks/ssr/[turbopack]_runtime.js'
Require stack:
- C:\Users\janpa\cd\development\fin\.next\dev\server\app\_not-found\page.js
- C:\Users\janpa\cd\development\fin\node_modules\next\dist\server\require.js
- C:\Users\janpa\cd\development\fin\node_modules\next\dist\server\load-components.js
- C:\Users\janpa\cd\development\fin\node_modules\next\dist\build\utils.js
- C:\Users\janpa\cd\development\fin\node_modules\next\dist\build\swc\options.js
- C:\Users\janpa\cd\development\fin\node_modules\next\dist\build\swc\index.js
- C:\Users\janpa\cd\development\fin\node_modules\next\dist\build\next-config-ts\transpile-config.js
- C:\Users\janpa\cd\development\fin\node_modules\next\dist\server\config.js
- C:\Users\janpa\cd\development\fin\node_modules\next\dist\server\next.js
- C:\Users\janpa\cd\development\fin\node_modules\next\dist\server\lib\start-server.js
    at Object.<anonymous> (C:\Users\janpa\cd\development\fin\.next\dev\server\app\_not-found\page.js:1:7) {
  code: 'MODULE_NOT_FOUND',
  requireStack: [Array]
}
Error: ENOENT: no such file or directory, open 'C:\Users\janpa\cd\development\fin\.next\dev\routes-manifest.json'
    at ignore-listed frames {
  errno: -4058,
  code: 'ENOENT',
  syscall: 'open',
  path: 'C:\\Users\\janpa\\cd\\development\\fin\\.next\\dev\\routes-manifest.json'
}
⨯ Error: Cannot find module '../chunks/ssr/[turbopack]_runtime.js'
Require stack:
- C:\Users\janpa\cd\development\fin\.next\dev\server\pages\_document.js
- C:\Users\janpa\cd\development\fin\node_modules\next\dist\server\require.js
- C:\Users\janpa\cd\development\fin\node_modules\next\dist\server\load-components.js
- C:\Users\janpa\cd\development\fin\node_modules\next\dist\build\utils.js
- C:\Users\janpa\cd\development\fin\node_modules\next\dist\build\swc\options.js
- C:\Users\janpa\cd\development\fin\node_modules\next\dist\build\swc\index.js
- C:\Users\janpa\cd\development\fin\node_modules\next\dist\build\next-config-ts\transpile-config.js
- C:\Users\janpa\cd\development\fin\node_modules\next\dist\server\config.js
- C:\Users\janpa\cd\development\fin\node_modules\next\dist\server\next.js
- C:\Users\janpa\cd\development\fin\node_modules\next\dist\server\lib\start-server.js
    at Object.<anonymous> (C:\Users\janpa\cd\development\fin\.next\dev\server\pages\_document.js:1:7) {
  code: 'MODULE_NOT_FOUND',
  requireStack: [Array]
}
Error: ENOENT: no such file or directory, open 'C:\Users\janpa\cd\development\fin\.next\dev\routes-manifest.json'
    at ignore-listed frames {
  errno: -4058,
  code: 'ENOENT',
  syscall: 'open',
  path: 'C:\\Users\\janpa\\cd\\development\\fin\\.next\\dev\\routes-manifest.json'
}
 GET / 500 in 114ms (compile: 44ms, proxy.ts: 52ms, render: 18ms)
⨯ Error: Cannot find module '../chunks/ssr/[turbopack]_runtime.js'
Require stack:
- C:\Users\janpa\cd\development\fin\.next\dev\server\pages\_document.js
- C:\Users\janpa\cd\development\fin\node_modules\next\dist\server\require.js
- C:\Users\janpa\cd\development\fin\node_modules\next\dist\server\load-components.js
- C:\Users\janpa\cd\development\fin\node_modules\next\dist\build\utils.js
- C:\Users\janpa\cd\development\fin\node_modules\next\dist\build\swc\options.js
- C:\Users\janpa\cd\development\fin\node_modules\next\dist\build\swc\index.js
- C:\Users\janpa\cd\development\fin\node_modules\next\dist\build\next-config-ts\transpile-config.js
- C:\Users\janpa\cd\development\fin\node_modules\next\dist\server\config.js
- C:\Users\janpa\cd\development\fin\node_modules\next\dist\server\next.js
- C:\Users\janpa\cd\development\fin\node_modules\next\dist\server\lib\start-server.js
    at Object.<anonymous> (C:\Users\janpa\cd\development\fin\.next\dev\server\pages\_document.js:1:7) {
  code: 'MODULE_NOT_FOUND',
  requireStack: [Array]
}
⨯ Error: Cannot find module '../../chunks/ssr/[turbopack]_runtime.js'
Require stack:
- C:\Users\janpa\cd\development\fin\.next\dev\server\app\_not-found\page.js
- C:\Users\janpa\cd\development\fin\node_modules\next\dist\server\require.js
- C:\Users\janpa\cd\development\fin\node_modules\next\dist\server\load-components.js
- C:\Users\janpa\cd\development\fin\node_modules\next\dist\build\utils.js
- C:\Users\janpa\cd\development\fin\node_modules\next\dist\build\swc\options.js
- C:\Users\janpa\cd\development\fin\node_modules\next\dist\build\swc\index.js
- C:\Users\janpa\cd\development\fin\node_modules\next\dist\build\next-config-ts\transpile-config.js
- C:\Users\janpa\cd\development\fin\node_modules\next\dist\server\config.js
- C:\Users\janpa\cd\development\fin\node_modules\next\dist\server\next.js
- C:\Users\janpa\cd\development\fin\node_modules\next\dist\server\lib\start-server.js
    at Object.<anonymous> (C:\Users\janpa\cd\development\fin\.next\dev\server\app\_not-found\page.js:1:7) {
  code: 'MODULE_NOT_FOUND',
  requireStack: [Array]
}
Error: ENOENT: no such file or directory, open 'C:\Users\janpa\cd\development\fin\.next\dev\routes-manifest.json'
    at ignore-listed frames {
  errno: -4058,
  code: 'ENOENT',
  syscall: 'open',
  path: 'C:\\Users\\janpa\\cd\\development\\fin\\.next\\dev\\routes-manifest.json'
}
⨯ Error: Cannot find module '../chunks/ssr/[turbopack]_runtime.js'
Require stack:
- C:\Users\janpa\cd\development\fin\.next\dev\server\pages\_document.js
- C:\Users\janpa\cd\development\fin\node_modules\next\dist\server\require.js
- C:\Users\janpa\cd\development\fin\node_modules\next\dist\server\load-components.js
- C:\Users\janpa\cd\development\fin\node_modules\next\dist\build\utils.js
- C:\Users\janpa\cd\development\fin\node_modules\next\dist\build\swc\options.js
- C:\Users\janpa\cd\development\fin\node_modules\next\dist\build\swc\index.js
- C:\Users\janpa\cd\development\fin\node_modules\next\dist\build\next-config-ts\transpile-config.js
- C:\Users\janpa\cd\development\fin\node_modules\next\dist\server\config.js
- C:\Users\janpa\cd\development\fin\node_modules\next\dist\server\next.js
- C:\Users\janpa\cd\development\fin\node_modules\next\dist\server\lib\start-server.js
    at Object.<anonymous> (C:\Users\janpa\cd\development\fin\.next\dev\server\pages\_document.js:1:7) {
  code: 'MODULE_NOT_FOUND',
  requireStack: [Array]
}
Error: ENOENT: no such file or directory, open 'C:\Users\janpa\cd\development\fin\.next\dev\routes-manifest.json'
    at ignore-listed frames {
  errno: -4058,
  code: 'ENOENT',
  syscall: 'open',
  path: 'C:\\Users\\janpa\\cd\\development\\fin\\.next\\dev\\routes-manifest.json'
}
 GET /login 500 in 106ms (compile: 38ms, proxy.ts: 55ms, render: 14ms)
⨯ Error: Cannot find module '../chunks/ssr/[turbopack]_runtime.js'
Require stack:
- C:\Users\janpa\cd\development\fin\.next\dev\server\pages\_document.js
- C:\Users\janpa\cd\development\fin\node_modules\next\dist\server\require.js
- C:\Users\janpa\cd\development\fin\node_modules\next\dist\server\load-components.js
- C:\Users\janpa\cd\development\fin\node_modules\next\dist\build\utils.js
- C:\Users\janpa\cd\development\fin\node_modules\next\dist\build\swc\options.js
- C:\Users\janpa\cd\development\fin\node_modules\next\dist\build\swc\index.js
- C:\Users\janpa\cd\development\fin\node_modules\next\dist\build\next-config-ts\transpile-config.js
- C:\Users\janpa\cd\development\fin\node_modules\next\dist\server\config.js
- C:\Users\janpa\cd\development\fin\node_modules\next\dist\server\next.js
- C:\Users\janpa\cd\development\fin\node_modules\next\dist\server\lib\start-server.js
    at Object.<anonymous> (C:\Users\janpa\cd\development\fin\.next\dev\server\pages\_document.js:1:7) {
  code: 'MODULE_NOT_FOUND',
  requireStack: [Array]
}
⨯ Error: Cannot find module '../../chunks/ssr/[turbopack]_runtime.js'
Require stack:
- C:\Users\janpa\cd\development\fin\.next\dev\server\app\_not-found\page.js
- C:\Users\janpa\cd\development\fin\node_modules\next\dist\server\require.js
- C:\Users\janpa\cd\development\fin\node_modules\next\dist\server\load-components.js
- C:\Users\janpa\cd\development\fin\node_modules\next\dist\build\utils.js
- C:\Users\janpa\cd\development\fin\node_modules\next\dist\build\swc\options.js
- C:\Users\janpa\cd\development\fin\node_modules\next\dist\build\swc\index.js
- C:\Users\janpa\cd\development\fin\node_modules\next\dist\build\next-config-ts\transpile-config.js
- C:\Users\janpa\cd\development\fin\node_modules\next\dist\server\config.js
- C:\Users\janpa\cd\development\fin\node_modules\next\dist\server\next.js
- C:\Users\janpa\cd\development\fin\node_modules\next\dist\server\lib\start-server.js
    at Object.<anonymous> (C:\Users\janpa\cd\development\fin\.next\dev\server\app\_not-found\page.js:1:7) {
  code: 'MODULE_NOT_FOUND',
  requireStack: [Array]
}
Error: ENOENT: no such file or directory, open 'C:\Users\janpa\cd\development\fin\.next\dev\routes-manifest.json'
    at ignore-listed frames {
  errno: -4058,
  code: 'ENOENT',
  syscall: 'open',
  path: 'C:\\Users\\janpa\\cd\\development\\fin\\.next\\dev\\routes-manifest.json'
}
⨯ Error: Cannot find module '../chunks/ssr/[turbopack]_runtime.js'
Require stack:
- C:\Users\janpa\cd\development\fin\.next\dev\server\pages\_document.js
- C:\Users\janpa\cd\development\fin\node_modules\next\dist\server\require.js
- C:\Users\janpa\cd\development\fin\node_modules\next\dist\server\load-components.js
- C:\Users\janpa\cd\development\fin\node_modules\next\dist\build\utils.js
- C:\Users\janpa\cd\development\fin\node_modules\next\dist\build\swc\options.js
- C:\Users\janpa\cd\development\fin\node_modules\next\dist\build\swc\index.js
- C:\Users\janpa\cd\development\fin\node_modules\next\dist\build\next-config-ts\transpile-config.js
- C:\Users\janpa\cd\development\fin\node_modules\next\dist\server\config.js
- C:\Users\janpa\cd\development\fin\node_modules\next\dist\server\next.js
- C:\Users\janpa\cd\development\fin\node_modules\next\dist\server\lib\start-server.js
    at Object.<anonymous> (C:\Users\janpa\cd\development\fin\.next\dev\server\pages\_document.js:1:7) {
  code: 'MODULE_NOT_FOUND',
  requireStack: [Array]
}
Error: ENOENT: no such file or directory, open 'C:\Users\janpa\cd\development\fin\.next\dev\routes-manifest.json'
    at ignore-listed frames {
  errno: -4058,
  code: 'ENOENT',
  syscall: 'open',
  path: 'C:\\Users\\janpa\\cd\\development\\fin\\.next\\dev\\routes-manifest.json'
}
 GET /api/holdings 500 in 143ms (compile: 59ms, proxy.ts: 73ms, render: 11ms)
✓ Compiled in 5ms
⨯ Error: ENOENT: no such file or directory, open 'C:\Users\janpa\cd\development\fin\.next\dev\server\pages\_app\build-manifest.json'
    at ignore-listed frames {
  errno: -4058,
  code: 'ENOENT',
  syscall: 'open',
  path: 'C:\\Users\\janpa\\cd\\development\\fin\\.next\\dev\\server\\pages\\_app\\build-manifest.json'
}
⨯ Error: ENOENT: no such file or directory, open 'C:\Users\janpa\cd\development\fin\.next\dev\server\app\_not-found\page\build-manifest.json'
    at ignore-listed frames {
  errno: -4058,
  code: 'ENOENT',
  syscall: 'open',
  path: 'C:\\Users\\janpa\\cd\\development\\fin\\.next\\dev\\server\\app\\_not-found\\page\\build-manifest.json'
}
Error: ENOENT: no such file or directory, open 'C:\Users\janpa\cd\development\fin\.next\dev\server\pages\_app\build-manifest.json'
    at ignore-listed frames {
  errno: -4058,
  code: 'ENOENT',
  syscall: 'open',
  path: 'C:\\Users\\janpa\\cd\\development\\fin\\.next\\dev\\server\\pages\\_app\\build-manifest.json'
}
⨯ Error: ENOENT: no such file or directory, open 'C:\Users\janpa\cd\development\fin\.next\dev\server\pages\_app\build-manifest.json'
    at ignore-listed frames {
  errno: -4058,
  code: 'ENOENT',
  syscall: 'open',
  path: 'C:\\Users\\janpa\\cd\\development\\fin\\.next\\dev\\server\\pages\\_app\\build-manifest.json'
}
Error: ENOENT: no such file or directory, open 'C:\Users\janpa\cd\development\fin\.next\dev\server\pages\_app\build-manifest.json'
    at ignore-listed frames {
  errno: -4058,
  code: 'ENOENT',
  syscall: 'open',
  path: 'C:\\Users\\janpa\\cd\\development\\fin\\.next\\dev\\server\\pages\\_app\\build-manifest.json'
}
⨯ Error: ENOENT: no such file or directory, open 'C:\Users\janpa\cd\development\fin\.next\dev\server\pages\_app\build-manifest.json'
    at ignore-listed frames {
  errno: -4058,
  code: 'ENOENT',
  syscall: 'open',
  path: 'C:\\Users\\janpa\\cd\\development\\fin\\.next\\dev\\server\\pages\\_app\\build-manifest.json'
}
⨯ Error: ENOENT: no such file or directory, open 'C:\Users\janpa\cd\development\fin\.next\dev\server\app\_not-found\page\build-manifest.json'
    at ignore-listed frames {
  errno: -4058,
  code: 'ENOENT',
  syscall: 'open',
  path: 'C:\\Users\\janpa\\cd\\development\\fin\\.next\\dev\\server\\app\\_not-found\\page\\build-manifest.json'
}
Error: ENOENT: no such file or directory, open 'C:\Users\janpa\cd\development\fin\.next\dev\server\pages\_app\build-manifest.json'
    at ignore-listed frames {
  errno: -4058,
  code: 'ENOENT',
  syscall: 'open',
  path: 'C:\\Users\\janpa\\cd\\development\\fin\\.next\\dev\\server\\pages\\_app\\build-manifest.json'
}
⨯ Error: ENOENT: no such file or directory, open 'C:\Users\janpa\cd\development\fin\.next\dev\server\pages\_app\build-manifest.json'
    at ignore-listed frames {
  errno: -4058,
  code: 'ENOENT',
  syscall: 'open',
  path: 'C:\\Users\\janpa\\cd\\development\\fin\\.next\\dev\\server\\pages\\_app\\build-manifest.json'
}
Error: ENOENT: no such file or directory, open 'C:\Users\janpa\cd\development\fin\.next\dev\server\pages\_app\build-manifest.json'
    at ignore-listed frames {
  errno: -4058,
  code: 'ENOENT',
  syscall: 'open',
  path: 'C:\\Users\\janpa\\cd\\development\\fin\\.next\\dev\\server\\pages\\_app\\build-manifest.json'
}
⨯ Error: ENOENT: no such file or directory, open 'C:\Users\janpa\cd\development\fin\.next\dev\server\pages\_app\build-manifest.json'
    at ignore-listed frames {
  errno: -4058,
  code: 'ENOENT',
  syscall: 'open',
  path: 'C:\\Users\\janpa\\cd\\development\\fin\\.next\\dev\\server\\pages\\_app\\build-manifest.json'
}
⨯ Error: ENOENT: no such file or directory, open 'C:\Users\janpa\cd\development\fin\.next\dev\server\app\_not-found\page\build-manifest.json'
    at ignore-listed frames {
  errno: -4058,
  code: 'ENOENT',
  syscall: 'open',
  path: 'C:\\Users\\janpa\\cd\\development\\fin\\.next\\dev\\server\\app\\_not-found\\page\\build-manifest.json'
}
Error: ENOENT: no such file or directory, open 'C:\Users\janpa\cd\development\fin\.next\dev\server\pages\_app\build-manifest.json'
    at ignore-listed frames {
  errno: -4058,
  code: 'ENOENT',
  syscall: 'open',
  path: 'C:\\Users\\janpa\\cd\\development\\fin\\.next\\dev\\server\\pages\\_app\\build-manifest.json'
}
⨯ Error: ENOENT: no such file or directory, open 'C:\Users\janpa\cd\development\fin\.next\dev\server\pages\_document\pages-manifest.json'
    at ignore-listed frames {
  errno: -4058,
  code: 'ENOENT',
  syscall: 'open',
  path: 'C:\\Users\\janpa\\cd\\development\\fin\\.next\\dev\\server\\pages\\_document\\pages-manifest.json'
}
Error: ENOENT: no such file or directory, open 'C:\Users\janpa\cd\development\fin\.next\dev\server\pages\_document\pages-manifest.json'
    at ignore-listed frames {
  errno: -4058,
  code: 'ENOENT',
  syscall: 'open',
  path: 'C:\\Users\\janpa\\cd\\development\\fin\\.next\\dev\\server\\pages\\_document\\pages-manifest.json'
}
⨯ Error: ENOENT: no such file or directory, open 'C:\Users\janpa\cd\development\fin\.next\dev\routes-manifest.json'
    at ignore-listed frames {
  errno: -4058,
  code: 'ENOENT',
  syscall: 'open',
  path: 'C:\\Users\\janpa\\cd\\development\\fin\\.next\\dev\\routes-manifest.json'
}
⨯ Error: ENOENT: no such file or directory, open 'C:\Users\janpa\cd\development\fin\.next\dev\server\app\_not-found\page\build-manifest.json'
    at ignore-listed frames {
  errno: -4058,
  code: 'ENOENT',
  syscall: 'open',
  path: 'C:\\Users\\janpa\\cd\\development\\fin\\.next\\dev\\server\\app\\_not-found\\page\\build-manifest.json'
}
Error: ENOENT: no such file or directory, open 'C:\Users\janpa\cd\development\fin\.next\dev\routes-manifest.json'
    at ignore-listed frames {
  errno: -4058,
  code: 'ENOENT',
  syscall: 'open',
  path: 'C:\\Users\\janpa\\cd\\development\\fin\\.next\\dev\\routes-manifest.json'
}
⨯ Error: ENOENT: no such file or directory, open 'C:\Users\janpa\cd\development\fin\.next\dev\routes-manifest.json'
    at ignore-listed frames {
  errno: -4058,
  code: 'ENOENT',
  syscall: 'open',
  path: 'C:\\Users\\janpa\\cd\\development\\fin\\.next\\dev\\routes-manifest.json'
}
Error: ENOENT: no such file or directory, open 'C:\Users\janpa\cd\development\fin\.next\dev\routes-manifest.json'
    at ignore-listed frames {
  errno: -4058,
  code: 'ENOENT',
  syscall: 'open',
  path: 'C:\\Users\\janpa\\cd\\development\\fin\\.next\\dev\\routes-manifest.json'
}
 GET /login 500 in 263ms (compile: 74ms, proxy.ts: 174ms, render: 15ms)
⨯ Error: ENOENT: no such file or directory, open 'C:\Users\janpa\cd\development\fin\.next\dev\server\pages\_app\build-manifest.json'
    at ignore-listed frames {
  errno: -4058,
  code: 'ENOENT',
  syscall: 'open',
  path: 'C:\\Users\\janpa\\cd\\development\\fin\\.next\\dev\\server\\pages\\_app\\build-manifest.json'
}
⨯ Error: ENOENT: no such file or directory, open 'C:\Users\janpa\cd\development\fin\.next\dev\server\app\_not-found\page\build-manifest.json'
    at ignore-listed frames {
  errno: -4058,
  code: 'ENOENT',
  syscall: 'open',
  path: 'C:\\Users\\janpa\\cd\\development\\fin\\.next\\dev\\server\\app\\_not-found\\page\\build-manifest.json'
}
Error: ENOENT: no such file or directory, open 'C:\Users\janpa\cd\development\fin\.next\dev\server\pages\_app\build-manifest.json'
    at ignore-listed frames {
  errno: -4058,
  code: 'ENOENT',
  syscall: 'open',
  path: 'C:\\Users\\janpa\\cd\\development\\fin\\.next\\dev\\server\\pages\\_app\\build-manifest.json'
}
⨯ Error: ENOENT: no such file or directory, open 'C:\Users\janpa\cd\development\fin\.next\dev\server\pages\_app\build-manifest.json'
    at ignore-listed frames {
  errno: -4058,
  code: 'ENOENT',
  syscall: 'open',
  path: 'C:\\Users\\janpa\\cd\\development\\fin\\.next\\dev\\server\\pages\\_app\\build-manifest.json'
}
Error: ENOENT: no such file or directory, open 'C:\Users\janpa\cd\development\fin\.next\dev\server\pages\_app\build-manifest.json'
    at ignore-listed frames {
  errno: -4058,
  code: 'ENOENT',
  syscall: 'open',
  path: 'C:\\Users\\janpa\\cd\\development\\fin\\.next\\dev\\server\\pages\\_app\\build-manifest.json'
}
⨯ Error: ENOENT: no such file or directory, open 'C:\Users\janpa\cd\development\fin\.next\dev\server\pages\_app\build-manifest.json'
    at ignore-listed frames {
  errno: -4058,
  code: 'ENOENT',
  syscall: 'open',
  path: 'C:\\Users\\janpa\\cd\\development\\fin\\.next\\dev\\server\\pages\\_app\\build-manifest.json'
}
⨯ Error: ENOENT: no such file or directory, open 'C:\Users\janpa\cd\development\fin\.next\dev\server\app\_not-found\page\build-manifest.json'
    at ignore-listed frames {
  errno: -4058,
  code: 'ENOENT',
  syscall: 'open',
  path: 'C:\\Users\\janpa\\cd\\development\\fin\\.next\\dev\\server\\app\\_not-found\\page\\build-manifest.json'
}
Error: ENOENT: no such file or directory, open 'C:\Users\janpa\cd\development\fin\.next\dev\server\pages\_app\build-manifest.json'
    at ignore-listed frames {
  errno: -4058,
  code: 'ENOENT',
  syscall: 'open',
  path: 'C:\\Users\\janpa\\cd\\development\\fin\\.next\\dev\\server\\pages\\_app\\build-manifest.json'
}
⨯ Error: ENOENT: no such file or directory, open 'C:\Users\janpa\cd\development\fin\.next\dev\server\pages\_app\build-manifest.json'
    at ignore-listed frames {
  errno: -4058,
  code: 'ENOENT',
  syscall: 'open',
  path: 'C:\\Users\\janpa\\cd\\development\\fin\\.next\\dev\\server\\pages\\_app\\build-manifest.json'
}
Error: ENOENT: no such file or directory, open 'C:\Users\janpa\cd\development\fin\.next\dev\server\pages\_app\build-manifest.json'
    at ignore-listed frames {
  errno: -4058,
  code: 'ENOENT',
  syscall: 'open',
  path: 'C:\\Users\\janpa\\cd\\development\\fin\\.next\\dev\\server\\pages\\_app\\build-manifest.json'
}
⨯ Error: ENOENT: no such file or directory, open 'C:\Users\janpa\cd\development\fin\.next\dev\server\pages\_app\build-manifest.json'
    at ignore-listed frames {
  errno: -4058,
  code: 'ENOENT',
  syscall: 'open',
  path: 'C:\\Users\\janpa\\cd\\development\\fin\\.next\\dev\\server\\pages\\_app\\build-manifest.json'
}
⨯ Error: ENOENT: no such file or directory, open 'C:\Users\janpa\cd\development\fin\.next\dev\server\app\_not-found\page\build-manifest.json'
    at ignore-listed frames {
  errno: -4058,
  code: 'ENOENT',
  syscall: 'open',
  path: 'C:\\Users\\janpa\\cd\\development\\fin\\.next\\dev\\server\\app\\_not-found\\page\\build-manifest.json'
}
Error: ENOENT: no such file or directory, open 'C:\Users\janpa\cd\development\fin\.next\dev\server\pages\_app\build-manifest.json'
    at ignore-listed frames {
  errno: -4058,
  code: 'ENOENT',
  syscall: 'open',
  path: 'C:\\Users\\janpa\\cd\\development\\fin\\.next\\dev\\server\\pages\\_app\\build-manifest.json'
}
⨯ Error: ENOENT: no such file or directory, open 'C:\Users\janpa\cd\development\fin\.next\dev\server\pages\_app\build-manifest.json'
    at ignore-listed frames {
  errno: -4058,
  code: 'ENOENT',
  syscall: 'open',
  path: 'C:\\Users\\janpa\\cd\\development\\fin\\.next\\dev\\server\\pages\\_app\\build-manifest.json'
}
Error: ENOENT: no such file or directory, open 'C:\Users\janpa\cd\development\fin\.next\dev\server\pages\_app\build-manifest.json'
    at ignore-listed frames {
  errno: -4058,
  code: 'ENOENT',
  syscall: 'open',
  path: 'C:\\Users\\janpa\\cd\\development\\fin\\.next\\dev\\server\\pages\\_app\\build-manifest.json'
}
⨯ Error: ENOENT: no such file or directory, open 'C:\Users\janpa\cd\development\fin\.next\dev\server\pages\_app\build-manifest.json'
    at ignore-listed frames {
  errno: -4058,
  code: 'ENOENT',
  syscall: 'open',
  path: 'C:\\Users\\janpa\\cd\\development\\fin\\.next\\dev\\server\\pages\\_app\\build-manifest.json'
}
⨯ Error: ENOENT: no such file or directory, open 'C:\Users\janpa\cd\development\fin\.next\dev\server\app\_not-found\page\build-manifest.json'
    at ignore-listed frames {
  errno: -4058,
  code: 'ENOENT',
  syscall: 'open',
  path: 'C:\\Users\\janpa\\cd\\development\\fin\\.next\\dev\\server\\app\\_not-found\\page\\build-manifest.json'
}
Error: ENOENT: no such file or directory, open 'C:\Users\janpa\cd\development\fin\.next\dev\server\pages\_app\build-manifest.json'
    at ignore-listed frames {
  errno: -4058,
  code: 'ENOENT',
  syscall: 'open',
  path: 'C:\\Users\\janpa\\cd\\development\\fin\\.next\\dev\\server\\pages\\_app\\build-manifest.json'
}
⨯ Error: ENOENT: no such file or directory, open 'C:\Users\janpa\cd\development\fin\.next\dev\server\pages\_app\build-manifest.json'
    at ignore-listed frames {
  errno: -4058,
  code: 'ENOENT',
  syscall: 'open',
  path: 'C:\\Users\\janpa\\cd\\development\\fin\\.next\\dev\\server\\pages\\_app\\build-manifest.json'
}
Error: ENOENT: no such file or directory, open 'C:\Users\janpa\cd\development\fin\.next\dev\server\pages\_app\build-manifest.json'
    at ignore-listed frames {
  errno: -4058,
  code: 'ENOENT',
  syscall: 'open',
  path: 'C:\\Users\\janpa\\cd\\development\\fin\\.next\\dev\\server\\pages\\_app\\build-manifest.json'
}
⨯ Error: ENOENT: no such file or directory, open 'C:\Users\janpa\cd\development\fin\.next\dev\server\app\page\build-manifest.json'
    at ignore-listed frames {
  errno: -4058,
  code: 'ENOENT',
  syscall: 'open',
  path: 'C:\\Users\\janpa\\cd\\development\\fin\\.next\\dev\\server\\app\\page\\build-manifest.json'
}
⨯ Error: ENOENT: no such file or directory, open 'C:\Users\janpa\cd\development\fin\.next\dev\server\pages\_app\build-manifest.json'
    at ignore-listed frames {
  errno: -4058,
  code: 'ENOENT',
  syscall: 'open',
  path: 'C:\\Users\\janpa\\cd\\development\\fin\\.next\\dev\\server\\pages\\_app\\build-manifest.json'
}
Error: ENOENT: no such file or directory, open 'C:\Users\janpa\cd\development\fin\.next\dev\server\app\page\build-manifest.json'
    at ignore-listed frames {
  errno: -4058,
  code: 'ENOENT',
  syscall: 'open',
  path: 'C:\\Users\\janpa\\cd\\development\\fin\\.next\\dev\\server\\app\\page\\build-manifest.json'
}
⨯ Error: ENOENT: no such file or directory, open 'C:\Users\janpa\cd\development\fin\.next\dev\server\pages\_app\build-manifest.json'
    at ignore-listed frames {
  errno: -4058,
  code: 'ENOENT',
  syscall: 'open',
  path: 'C:\\Users\\janpa\\cd\\development\\fin\\.next\\dev\\server\\pages\\_app\\build-manifest.json'
}
Error: ENOENT: no such file or directory, open 'C:\Users\janpa\cd\development\fin\.next\dev\server\pages\_app\build-manifest.json'
    at ignore-listed frames {
  errno: -4058,
  code: 'ENOENT',
  syscall: 'open',
  path: 'C:\\Users\\janpa\\cd\\development\\fin\\.next\\dev\\server\\pages\\_app\\build-manifest.json'
}
⨯ Error: ENOENT: no such file or directory, open 'C:\Users\janpa\cd\development\fin\.next\dev\server\app\api\health\[__metadata_id__]\route\app-paths-manifest.json'
    at ignore-listed frames {
  errno: -4058,
  code: 'ENOENT',
  syscall: 'open',
  path: 'C:\\Users\\janpa\\cd\\development\\fin\\.next\\dev\\server\\app\\api\\health\\[__metadata_id__]\\route\\app-paths-manifest.json'
}
⨯ Error: ENOENT: no such file or directory, open 'C:\Users\janpa\cd\development\fin\.next\dev\server\pages\_app\build-manifest.json'
    at ignore-listed frames {
  errno: -4058,
  code: 'ENOENT',
  syscall: 'open',
  path: 'C:\\Users\\janpa\\cd\\development\\fin\\.next\\dev\\server\\pages\\_app\\build-manifest.json'
}
Error: ENOENT: no such file or directory, open 'C:\Users\janpa\cd\development\fin\.next\dev\server\app\api\health\[__metadata_id__]\route\app-paths-manifest.json'
    at ignore-listed frames {
  errno: -4058,
  code: 'ENOENT',
  syscall: 'open',
  path: 'C:\\Users\\janpa\\cd\\development\\fin\\.next\\dev\\server\\app\\api\\health\\[__metadata_id__]\\route\\app-paths-manifest.json'
}
⨯ Error: ENOENT: no such file or directory, open 'C:\Users\janpa\cd\development\fin\.next\dev\server\pages\_app\build-manifest.json'
    at ignore-listed frames {
  errno: -4058,
  code: 'ENOENT',
  syscall: 'open',
  path: 'C:\\Users\\janpa\\cd\\development\\fin\\.next\\dev\\server\\pages\\_app\\build-manifest.json'
}
Error: ENOENT: no such file or directory, open 'C:\Users\janpa\cd\development\fin\.next\dev\server\pages\_app\build-manifest.json'
    at ignore-listed frames {
  errno: -4058,
  code: 'ENOENT',
  syscall: 'open',
  path: 'C:\\Users\\janpa\\cd\\development\\fin\\.next\\dev\\server\\pages\\_app\\build-manifest.json'
}
⨯ Error: ENOENT: no such file or directory, open 'C:\Users\janpa\cd\development\fin\.next\dev\server\app\_not-found\page\build-manifest.json'
    at ignore-listed frames {
  errno: -4058,
  code: 'ENOENT',
  syscall: 'open',
  path: 'C:\\Users\\janpa\\cd\\development\\fin\\.next\\dev\\server\\app\\_not-found\\page\\build-manifest.json'
}
⨯ Error: ENOENT: no such file or directory, open 'C:\Users\janpa\cd\development\fin\.next\dev\server\pages\_app\build-manifest.json'
    at ignore-listed frames {
  errno: -4058,
  code: 'ENOENT',
  syscall: 'open',
  path: 'C:\\Users\\janpa\\cd\\development\\fin\\.next\\dev\\server\\pages\\_app\\build-manifest.json'
}
⨯ Error: ENOENT: no such file or directory, open 'C:\Users\janpa\cd\development\fin\.next\dev\server\pages\_app\build-manifest.json'
    at ignore-listed frames {
  errno: -4058,
  code: 'ENOENT',
  syscall: 'open',
  path: 'C:\\Users\\janpa\\cd\\development\\fin\\.next\\dev\\server\\pages\\_app\\build-manifest.json'
}
Error: ENOENT: no such file or directory, open 'C:\Users\janpa\cd\development\fin\.next\dev\server\pages\_app\build-manifest.json'
    at ignore-listed frames {
  errno: -4058,
  code: 'ENOENT',
  syscall: 'open',
  path: 'C:\\Users\\janpa\\cd\\development\\fin\\.next\\dev\\server\\pages\\_app\\build-manifest.json'
}
⨯ Error: ENOENT: no such file or directory, open 'C:\Users\janpa\cd\development\fin\.next\dev\server\pages\_app\build-manifest.json'
    at ignore-listed frames {
  errno: -4058,
  code: 'ENOENT',
  syscall: 'open',
  path: 'C:\\Users\\janpa\\cd\\development\\fin\\.next\\dev\\server\\pages\\_app\\build-manifest.json'
}
Error: ENOENT: no such file or directory, open 'C:\Users\janpa\cd\development\fin\.next\dev\server\pages\_app\build-manifest.json'
    at ignore-listed frames {
  errno: -4058,
  code: 'ENOENT',
  syscall: 'open',
  path: 'C:\\Users\\janpa\\cd\\development\\fin\\.next\\dev\\server\\pages\\_app\\build-manifest.json'
}
⨯ Error: ENOENT: no such file or directory, open 'C:\Users\janpa\cd\development\fin\.next\dev\server\pages-manifest.json'
    at ignore-listed frames {
  errno: -4058,
  code: 'ENOENT',
  syscall: 'open',
  path: 'C:\\Users\\janpa\\cd\\development\\fin\\.next\\dev\\server\\pages-manifest.json',
  page: '/test-chat-timeout'
}
⨯ Error: ENOENT: no such file or directory, open 'C:\Users\janpa\cd\development\fin\.next\dev\server\pages\_app\build-manifest.json'
    at ignore-listed frames {
  errno: -4058,
  code: 'ENOENT',
  syscall: 'open',
  path: 'C:\\Users\\janpa\\cd\\development\\fin\\.next\\dev\\server\\pages\\_app\\build-manifest.json'
}
Error: ENOENT: no such file or directory, open 'C:\Users\janpa\cd\development\fin\.next\dev\server\pages-manifest.json'
    at ignore-listed frames {
  errno: -4058,
  code: 'ENOENT',
  syscall: 'open',
  path: 'C:\\Users\\janpa\\cd\\development\\fin\\.next\\dev\\server\\pages-manifest.json',
  page: '/test-chat-timeout'
}
⨯ Error: ENOENT: no such file or directory, open 'C:\Users\janpa\cd\development\fin\.next\dev\server\pages\_app\build-manifest.json'
    at ignore-listed frames {
  errno: -4058,
  code: 'ENOENT',
  syscall: 'open',
  path: 'C:\\Users\\janpa\\cd\\development\\fin\\.next\\dev\\server\\pages\\_app\\build-manifest.json'
}
Error: ENOENT: no such file or directory, open 'C:\Users\janpa\cd\development\fin\.next\dev\server\pages\_app\build-manifest.json'
    at ignore-listed frames {
  errno: -4058,
  code: 'ENOENT',
  syscall: 'open',
  path: 'C:\\Users\\janpa\\cd\\development\\fin\\.next\\dev\\server\\pages\\_app\\build-manifest.json'
}
 GET /test-chat-timeout 500 in 454ms (proxy.ts: 4ms)
 GET /test-chat-timeout 500 in 454ms (proxy.ts: 4ms)
⨯ Error: ENOENT: no such file or directory, open 'C:\Users\janpa\cd\development\fin\.next\dev\server\app\_not-found\page\build-manifest.json'
    at ignore-listed frames {
  errno: -4058,
  code: 'ENOENT',
  syscall: 'open',
  path: 'C:\\Users\\janpa\\cd\\development\\fin\\.next\\dev\\server\\app\\_not-found\\page\\build-manifest.json'
}
⨯ Error: ENOENT: no such file or directory, open 'C:\Users\janpa\cd\development\fin\.next\dev\server\pages\_app\build-manifest.json'
    at ignore-listed frames {
  errno: -4058,
  code: 'ENOENT',
  syscall: 'open',
  path: 'C:\\Users\\janpa\\cd\\development\\fin\\.next\\dev\\server\\pages\\_app\\build-manifest.json'
}
⨯ Error: ENOENT: no such file or directory, open 'C:\Users\janpa\cd\development\fin\.next\dev\server\pages\_app\build-manifest.json'
    at ignore-listed frames {
  errno: -4058,
  code: 'ENOENT',
  syscall: 'open',
  path: 'C:\\Users\\janpa\\cd\\development\\fin\\.next\\dev\\server\\pages\\_app\\build-manifest.json'
}
Error: ENOENT: no such file or directory, open 'C:\Users\janpa\cd\development\fin\.next\dev\server\pages\_app\build-manifest.json'
    at ignore-listed frames {
  errno: -4058,
  code: 'ENOENT',
  syscall: 'open',
  path: 'C:\\Users\\janpa\\cd\\development\\fin\\.next\\dev\\server\\pages\\_app\\build-manifest.json'
}
⨯ Error: ENOENT: no such file or directory, open 'C:\Users\janpa\cd\development\fin\.next\dev\server\pages\_app\build-manifest.json'
    at ignore-listed frames {
  errno: -4058,
  code: 'ENOENT',
  syscall: 'open',
  path: 'C:\\Users\\janpa\\cd\\development\\fin\\.next\\dev\\server\\pages\\_app\\build-manifest.json'
}
Error: ENOENT: no such file or directory, open 'C:\Users\janpa\cd\development\fin\.next\dev\server\pages\_app\build-manifest.json'
    at ignore-listed frames {
  errno: -4058,
  code: 'ENOENT',
  syscall: 'open',
  path: 'C:\\Users\\janpa\\cd\\development\\fin\\.next\\dev\\server\\pages\\_app\\build-manifest.json'
}
 GET /test-chat-timeout 500 in 127ms (proxy.ts: 4ms)
 GET /test-chat-timeout 500 in 127ms (proxy.ts: 4ms)
⨯ Error: ENOENT: no such file or directory, open 'C:\Users\janpa\cd\development\fin\.next\dev\server\app\_not-found\page\build-manifest.json'
    at ignore-listed frames {
  errno: -4058,
  code: 'ENOENT',
  syscall: 'open',
  path: 'C:\\Users\\janpa\\cd\\development\\fin\\.next\\dev\\server\\app\\_not-found\\page\\build-manifest.json'
}
⨯ Error: ENOENT: no such file or directory, open 'C:\Users\janpa\cd\development\fin\.next\dev\server\pages\_app\build-manifest.json'
    at ignore-listed frames {
  errno: -4058,
  code: 'ENOENT',
  syscall: 'open',
  path: 'C:\\Users\\janpa\\cd\\development\\fin\\.next\\dev\\server\\pages\\_app\\build-manifest.json'
}
⨯ Error: ENOENT: no such file or directory, open 'C:\Users\janpa\cd\development\fin\.next\dev\server\pages\_app\build-manifest.json'
    at ignore-listed frames {
  errno: -4058,
  code: 'ENOENT',
  syscall: 'open',
  path: 'C:\\Users\\janpa\\cd\\development\\fin\\.next\\dev\\server\\pages\\_app\\build-manifest.json'
}
Error: ENOENT: no such file or directory, open 'C:\Users\janpa\cd\development\fin\.next\dev\server\pages\_app\build-manifest.json'
    at ignore-listed frames {
  errno: -4058,
  code: 'ENOENT',
  syscall: 'open',
  path: 'C:\\Users\\janpa\\cd\\development\\fin\\.next\\dev\\server\\pages\\_app\\build-manifest.json'
}
⨯ Error: ENOENT: no such file or directory, open 'C:\Users\janpa\cd\development\fin\.next\dev\server\pages\_app\build-manifest.json'
    at ignore-listed frames {
  errno: -4058,
  code: 'ENOENT',
  syscall: 'open',
  path: 'C:\\Users\\janpa\\cd\\development\\fin\\.next\\dev\\server\\pages\\_app\\build-manifest.json'
}
Error: ENOENT: no such file or directory, open 'C:\Users\janpa\cd\development\fin\.next\dev\server\pages\_app\build-manifest.json'
    at ignore-listed frames {
  errno: -4058,
  code: 'ENOENT',
  syscall: 'open',
  path: 'C:\\Users\\janpa\\cd\\development\\fin\\.next\\dev\\server\\pages\\_app\\build-manifest.json'
}
 GET /test-chat-timeout 500 in 138ms (proxy.ts: 6ms)
 GET /test-chat-timeout 500 in 138ms (proxy.ts: 6ms)
⨯ Error: ENOENT: no such file or directory, open 'C:\Users\janpa\cd\development\fin\.next\dev\server\app\page\build-manifest.json'
    at ignore-listed frames {
  errno: -4058,
  code: 'ENOENT',
  syscall: 'open',
  path: 'C:\\Users\\janpa\\cd\\development\\fin\\.next\\dev\\server\\app\\page\\build-manifest.json'
}
⨯ Error: ENOENT: no such file or directory, open 'C:\Users\janpa\cd\development\fin\.next\dev\server\pages\_app\build-manifest.json'
    at ignore-listed frames {
  errno: -4058,
  code: 'ENOENT',
  syscall: 'open',
  path: 'C:\\Users\\janpa\\cd\\development\\fin\\.next\\dev\\server\\pages\\_app\\build-manifest.json'
}
Error: ENOENT: no such file or directory, open 'C:\Users\janpa\cd\development\fin\.next\dev\server\app\page\build-manifest.json'
    at ignore-listed frames {
  errno: -4058,
  code: 'ENOENT',
  syscall: 'open',
  path: 'C:\\Users\\janpa\\cd\\development\\fin\\.next\\dev\\server\\app\\page\\build-manifest.json'
}
⨯ Error: ENOENT: no such file or directory, open 'C:\Users\janpa\cd\development\fin\.next\dev\server\pages\_app\build-manifest.json'
    at ignore-listed frames {
  errno: -4058,
  code: 'ENOENT',
  syscall: 'open',
  path: 'C:\\Users\\janpa\\cd\\development\\fin\\.next\\dev\\server\\pages\\_app\\build-manifest.json'
}
Error: ENOENT: no such file or directory, open 'C:\Users\janpa\cd\development\fin\.next\dev\server\pages\_app\build-manifest.json'
    at ignore-listed frames {
  errno: -4058,
  code: 'ENOENT',
  syscall: 'open',
  path: 'C:\\Users\\janpa\\cd\\development\\fin\\.next\\dev\\server\\pages\\_app\\build-manifest.json'
}
⨯ Error: ENOENT: no such file or directory, open 'C:\Users\janpa\cd\development\fin\.next\dev\server\app\login\page\build-manifest.json'
    at ignore-listed frames {
  errno: -4058,
  code: 'ENOENT',
  syscall: 'open',
  path: 'C:\\Users\\janpa\\cd\\development\\fin\\.next\\dev\\server\\app\\login\\page\\build-manifest.json'
}
⨯ Error: ENOENT: no such file or directory, open 'C:\Users\janpa\cd\development\fin\.next\dev\server\pages\_app\build-manifest.json'
    at ignore-listed frames {
  errno: -4058,
  code: 'ENOENT',
  syscall: 'open',
  path: 'C:\\Users\\janpa\\cd\\development\\fin\\.next\\dev\\server\\pages\\_app\\build-manifest.json'
}
Error: ENOENT: no such file or directory, open 'C:\Users\janpa\cd\development\fin\.next\dev\server\app\login\page\build-manifest.json'
    at ignore-listed frames {
  errno: -4058,
  code: 'ENOENT',
  syscall: 'open',
  path: 'C:\\Users\\janpa\\cd\\development\\fin\\.next\\dev\\server\\app\\login\\page\\build-manifest.json'
}
⨯ Error: ENOENT: no such file or directory, open 'C:\Users\janpa\cd\development\fin\.next\dev\server\pages\_app\build-manifest.json'
    at ignore-listed frames {
  errno: -4058,
  code: 'ENOENT',
  syscall: 'open',
  path: 'C:\\Users\\janpa\\cd\\development\\fin\\.next\\dev\\server\\pages\\_app\\build-manifest.json'
}
Error: ENOENT: no such file or directory, open 'C:\Users\janpa\cd\development\fin\.next\dev\server\pages\_app\build-manifest.json'
    at ignore-listed frames {
  errno: -4058,
  code: 'ENOENT',
  syscall: 'open',
  path: 'C:\\Users\\janpa\\cd\\development\\fin\\.next\\dev\\server\\pages\\_app\\build-manifest.json'
}
⨯ Error: ENOENT: no such file or directory, open 'C:\Users\janpa\cd\development\fin\.next\dev\server\app\api\dev-login\[__metadata_id__]\route\app-paths-manifest.json'
    at ignore-listed frames {
  errno: -4058,
  code: 'ENOENT',
  syscall: 'open',
  path: 'C:\\Users\\janpa\\cd\\development\\fin\\.next\\dev\\server\\app\\api\\dev-login\\[__metadata_id__]\\route\\app-paths-manifest.json'
}
⨯ Error: ENOENT: no such file or directory, open 'C:\Users\janpa\cd\development\fin\.next\dev\server\pages\_app\build-manifest.json'
    at ignore-listed frames {
  errno: -4058,
  code: 'ENOENT',
  syscall: 'open',
  path: 'C:\\Users\\janpa\\cd\\development\\fin\\.next\\dev\\server\\pages\\_app\\build-manifest.json'
}
Error: ENOENT: no such file or directory, open 'C:\Users\janpa\cd\development\fin\.next\dev\server\app\api\dev-login\[__metadata_id__]\route\app-paths-manifest.json'
    at ignore-listed frames {
  errno: -4058,
  code: 'ENOENT',
  syscall: 'open',
  path: 'C:\\Users\\janpa\\cd\\development\\fin\\.next\\dev\\server\\app\\api\\dev-login\\[__metadata_id__]\\route\\app-paths-manifest.json'
}
⨯ Error: ENOENT: no such file or directory, open 'C:\Users\janpa\cd\development\fin\.next\dev\server\pages\_app\build-manifest.json'
    at ignore-listed frames {
  errno: -4058,
  code: 'ENOENT',
  syscall: 'open',
  path: 'C:\\Users\\janpa\\cd\\development\\fin\\.next\\dev\\server\\pages\\_app\\build-manifest.json'
}
Error: ENOENT: no such file or directory, open 'C:\Users\janpa\cd\development\fin\.next\dev\server\pages\_app\build-manifest.json'
    at ignore-listed frames {
  errno: -4058,
  code: 'ENOENT',
  syscall: 'open',
  path: 'C:\\Users\\janpa\\cd\\development\\fin\\.next\\dev\\server\\pages\\_app\\build-manifest.json'
}
⨯ Error: ENOENT: no such file or directory, open 'C:\Users\janpa\cd\development\fin\.next\dev\server\app\_not-found\page\build-manifest.json'
    at ignore-listed frames {
  errno: -4058,
  code: 'ENOENT',
  syscall: 'open',
  path: 'C:\\Users\\janpa\\cd\\development\\fin\\.next\\dev\\server\\app\\_not-found\\page\\build-manifest.json'
}
Error: ENOENT: no such file or directory, open 'C:\Users\janpa\cd\development\fin\.next\dev\server\pages\_app\build-manifest.json'
    at ignore-listed frames {
  errno: -4058,
  code: 'ENOENT',
  syscall: 'open',
  path: 'C:\\Users\\janpa\\cd\\development\\fin\\.next\\dev\\server\\pages\\_app\\build-manifest.json'
}
⨯ Error: ENOENT: no such file or directory, open 'C:\Users\janpa\cd\development\fin\.next\dev\server\pages\_app\build-manifest.json'
    at ignore-listed frames {
  errno: -4058,
  code: 'ENOENT',
  syscall: 'open',
  path: 'C:\\Users\\janpa\\cd\\development\\fin\\.next\\dev\\server\\pages\\_app\\build-manifest.json'
}
Error: ENOENT: no such file or directory, open 'C:\Users\janpa\cd\development\fin\.next\dev\server\pages\_app\build-manifest.json'
    at ignore-listed frames {
  errno: -4058,
  code: 'ENOENT',
  syscall: 'open',
  path: 'C:\\Users\\janpa\\cd\\development\\fin\\.next\\dev\\server\\pages\\_app\\build-manifest.json'
}
⨯ Error: ENOENT: no such file or directory, open 'C:\Users\janpa\cd\development\fin\.next\dev\server\app\test-chat-timeout\page\build-manifest.json'
    at ignore-listed frames {
  errno: -4058,
  code: 'ENOENT',
  syscall: 'open',
  path: 'C:\\Users\\janpa\\cd\\development\\fin\\.next\\dev\\server\\app\\test-chat-timeout\\page\\build-manifest.json'
}
⨯ Error: ENOENT: no such file or directory, open 'C:\Users\janpa\cd\development\fin\.next\dev\server\pages\_app\build-manifest.json'
    at ignore-listed frames {
  errno: -4058,
  code: 'ENOENT',
  syscall: 'open',
  path: 'C:\\Users\\janpa\\cd\\development\\fin\\.next\\dev\\server\\pages\\_app\\build-manifest.json'
}
Error: ENOENT: no such file or directory, open 'C:\Users\janpa\cd\development\fin\.next\dev\server\app\test-chat-timeout\page\build-manifest.json'
    at ignore-listed frames {
  errno: -4058,
  code: 'ENOENT',
  syscall: 'open',
  path: 'C:\\Users\\janpa\\cd\\development\\fin\\.next\\dev\\server\\app\\test-chat-timeout\\page\\build-manifest.json'
}
⨯ Error: ENOENT: no such file or directory, open 'C:\Users\janpa\cd\development\fin\.next\dev\server\pages\_app\build-manifest.json'
    at ignore-listed frames {
  errno: -4058,
  code: 'ENOENT',
  syscall: 'open',
  path: 'C:\\Users\\janpa\\cd\\development\\fin\\.next\\dev\\server\\pages\\_app\\build-manifest.json'
}
Error: ENOENT: no such file or directory, open 'C:\Users\janpa\cd\development\fin\.next\dev\server\pages\_app\build-manifest.json'
    at ignore-listed frames {
  errno: -4058,
  code: 'ENOENT',
  syscall: 'open',
  path: 'C:\\Users\\janpa\\cd\\development\\fin\\.next\\dev\\server\\pages\\_app\\build-manifest.json'
}
✓ Compiled in 391ms
⨯ Error: ENOENT: no such file or directory, open 'C:\Users\janpa\cd\development\fin\.next\dev\server\app\test-chat-timeout\page\build-manifest.json'
    at ignore-listed frames {
  errno: -4058,
  code: 'ENOENT',
  syscall: 'open',
  path: 'C:\\Users\\janpa\\cd\\development\\fin\\.next\\dev\\server\\app\\test-chat-timeout\\page\\build-manifest.json'
}
⨯ Error [ChunkLoadError]: Failed to load chunk server/chunks/node_modules_@opentelemetry_api_build_esm_7e8f41ca._.js from runtime for chunk server/app/api/verify-duplicate-holdings/route.js
    at Object.<anonymous> (C:\Users\janpa\cd\development\fin\.next\dev\server\app\api\verify-duplicate-holdings\route.js:3:3) {
  page: '/api/verify-duplicate-holdings',
  [cause]: Error: ENOENT: no such file or directory, open 'C:\Users\janpa\cd\development\fin\.next\dev\server\chunks\node_modules_@opentelemetry_api_build_esm_7e8f41ca._.js'
      at Object.<anonymous> (C:\Users\janpa\cd\development\fin\.next\dev\server\app\api\verify-duplicate-holdings\route.js:3:3) {
    errno: -4058,
    code: 'ENOENT',
    syscall: 'open',
    path: 'C:\\Users\\janpa\\cd\\development\\fin\\.next\\dev\\server\\chunks\\node_modules_@opentelemetry_api_build_esm_7e8f41ca._.js'
  }
}
 GET /api/verify-duplicate-holdings 500 in 226ms (proxy.ts: 4ms)
[?25h
