▲ Next.js 16.1.6 (Turbopack)
- Local:         http://localhost:3000
- Network:       http://192.168.86.37:3000
- Environments: .env.local
- Experiments (use with caution):
  ⨯ turbopackFileSystemCacheForDev

✓ Starting...
✓ Ready in 990ms
 GET /api/verify-discover-carousel 200 in 960ms (compile: 364ms, proxy.ts: 143ms, render: 453ms)
 GET /api/dev-login 200 in 163ms (compile: 152ms, proxy.ts: 7ms, render: 4ms)
 GET /test-discover-carousel 200 in 1861ms (compile: 1731ms, proxy.ts: 4ms, render: 126ms)
 GET /api/verify-budget-trend 200 in 139ms (compile: 124ms, proxy.ts: 5ms, render: 9ms)
 GET /api/dev-login 200 in 14ms (compile: 2ms, proxy.ts: 8ms, render: 3ms)
 GET /test-discover-carousel 200 in 68ms (compile: 4ms, proxy.ts: 6ms, render: 59ms)
 GET /api/verify-discover-carousel 200 in 349ms (compile: 5ms, proxy.ts: 9ms, render: 335ms)
 GET /api/verify-budget-trend 200 in 14ms (compile: 5ms, proxy.ts: 5ms, render: 4ms)
 GET /api/health 200 in 381ms (compile: 171ms, proxy.ts: 8ms, render: 202ms)
 GET /test-budget-trend 200 in 465ms (compile: 407ms, proxy.ts: 5ms, render: 52ms)
 GET /api/verify-budget-trend 200 in 14ms (compile: 4ms, proxy.ts: 5ms, render: 5ms)
 GET /api/health 200 in 195ms (compile: 9ms, proxy.ts: 5ms, render: 182ms)
 GET /login 200 in 648ms (compile: 538ms, proxy.ts: 8ms, render: 102ms)
 GET / 200 in 548ms (compile: 458ms, proxy.ts: 10ms, render: 80ms)
 GET /api/health 200 in 227ms (compile: 3ms, proxy.ts: 4ms, render: 220ms)
 GET / 200 in 48ms (compile: 3ms, proxy.ts: 6ms, render: 39ms)
 GET /login?redirectTo=%2Fcore%2Fbudgets 200 in 53ms (compile: 5ms, proxy.ts: 5ms, render: 43ms)
 GET / 200 in 232ms (compile: 88ms, proxy.ts: 62ms, render: 83ms)
 GET / 200 in 83ms (compile: 6ms, proxy.ts: 7ms, render: 71ms)
 GET / 200 in 82ms (compile: 4ms, proxy.ts: 9ms, render: 69ms)
 GET / 200 in 64ms (compile: 7ms, proxy.ts: 8ms, render: 49ms)
 GET / 200 in 52ms (compile: 4ms, proxy.ts: 8ms, render: 40ms)
 GET / 200 in 45ms (compile: 2ms, proxy.ts: 4ms, render: 39ms)
 GET / 200 in 50ms (compile: 5ms, proxy.ts: 5ms, render: 40ms)
 GET / 200 in 51ms (compile: 3ms, proxy.ts: 8ms, render: 40ms)
 GET / 200 in 45ms (compile: 5ms, proxy.ts: 4ms, render: 35ms)
 GET / 200 in 37ms (compile: 3ms, proxy.ts: 4ms, render: 31ms)
 GET / 200 in 37ms (compile: 1888µs, proxy.ts: 3ms, render: 32ms)
 GET / 200 in 38ms (compile: 2ms, proxy.ts: 3ms, render: 33ms)
 GET / 200 in 36ms (compile: 5ms, proxy.ts: 3ms, render: 28ms)
 GET / 200 in 37ms (compile: 5ms, proxy.ts: 3ms, render: 29ms)
 GET / 200 in 39ms (compile: 3ms, proxy.ts: 5ms, render: 31ms)
 GET / 200 in 71ms (compile: 1995µs, proxy.ts: 6ms, render: 62ms)
 GET / 200 in 66ms (compile: 3ms, proxy.ts: 13ms, render: 50ms)
 GET / 200 in 53ms (compile: 2ms, proxy.ts: 4ms, render: 47ms)
 GET / 200 in 32ms (compile: 3ms, proxy.ts: 7ms, render: 22ms)
 GET / 200 in 43ms (compile: 3ms, proxy.ts: 4ms, render: 36ms)
 GET / 200 in 29ms (compile: 5ms, proxy.ts: 4ms, render: 20ms)
 GET / 200 in 27ms (compile: 3ms, proxy.ts: 4ms, render: 20ms)
 GET / 200 in 41ms (compile: 3ms, proxy.ts: 4ms, render: 34ms)
 GET / 200 in 42ms (compile: 4ms, proxy.ts: 4ms, render: 34ms)
 GET / 200 in 43ms (compile: 2ms, proxy.ts: 5ms, render: 36ms)
 GET / 200 in 34ms (compile: 4ms, proxy.ts: 5ms, render: 26ms)
 GET / 200 in 29ms (compile: 3ms, proxy.ts: 4ms, render: 22ms)
 GET / 200 in 30ms (compile: 4ms, proxy.ts: 5ms, render: 20ms)
 GET / 200 in 28ms (compile: 3ms, proxy.ts: 6ms, render: 18ms)
 GET / 200 in 35ms (compile: 9ms, proxy.ts: 4ms, render: 21ms)
 GET / 200 in 47ms (compile: 3ms, proxy.ts: 6ms, render: 39ms)
 GET / 200 in 53ms (compile: 3ms, proxy.ts: 4ms, render: 46ms)
 GET / 200 in 36ms (compile: 3ms, proxy.ts: 6ms, render: 27ms)
 GET / 200 in 26ms (compile: 3ms, proxy.ts: 4ms, render: 19ms)
 GET / 200 in 42ms (compile: 3ms, proxy.ts: 4ms, render: 34ms)
 GET / 200 in 26ms (compile: 3ms, proxy.ts: 4ms, render: 20ms)
 GET / 200 in 30ms (compile: 4ms, proxy.ts: 4ms, render: 22ms)
 GET / 200 in 32ms (compile: 6ms, proxy.ts: 5ms, render: 20ms)
 GET / 200 in 36ms (compile: 4ms, proxy.ts: 4ms, render: 28ms)
 GET / 200 in 49ms (compile: 4ms, proxy.ts: 8ms, render: 37ms)
 GET / 200 in 45ms (compile: 9ms, proxy.ts: 4ms, render: 32ms)
 GET / 200 in 39ms (compile: 3ms, proxy.ts: 5ms, render: 32ms)
 GET / 200 in 27ms (compile: 2ms, proxy.ts: 5ms, render: 20ms)
 GET / 200 in 31ms (compile: 4ms, proxy.ts: 6ms, render: 21ms)
 GET / 200 in 48ms (compile: 5ms, proxy.ts: 7ms, render: 36ms)
 GET / 200 in 26ms (compile: 2ms, proxy.ts: 3ms, render: 20ms)
 GET / 200 in 22ms (compile: 5ms, proxy.ts: 4ms, render: 13ms)
 GET / 200 in 51ms (compile: 3ms, proxy.ts: 6ms, render: 43ms)
 GET / 200 in 45ms (compile: 3ms, proxy.ts: 5ms, render: 37ms)
 GET / 200 in 26ms (compile: 3ms, proxy.ts: 7ms, render: 15ms)
 GET / 200 in 39ms (compile: 3ms, proxy.ts: 4ms, render: 32ms)
 GET / 200 in 38ms (compile: 3ms, proxy.ts: 4ms, render: 31ms)
 GET / 200 in 39ms (compile: 3ms, proxy.ts: 4ms, render: 32ms)
 GET / 200 in 45ms (compile: 5ms, proxy.ts: 4ms, render: 36ms)
 GET / 200 in 46ms (compile: 2ms, proxy.ts: 7ms, render: 37ms)
 GET / 200 in 47ms (compile: 3ms, proxy.ts: 5ms, render: 39ms)
 GET / 200 in 31ms (compile: 5ms, proxy.ts: 4ms, render: 22ms)
 GET / 200 in 26ms (compile: 3ms, proxy.ts: 4ms, render: 19ms)
 GET / 200 in 46ms (compile: 4ms, proxy.ts: 4ms, render: 37ms)
 GET / 200 in 45ms (compile: 3ms, proxy.ts: 5ms, render: 37ms)
 GET / 200 in 50ms (compile: 3ms, proxy.ts: 4ms, render: 43ms)
 GET / 200 in 51ms (compile: 4ms, proxy.ts: 6ms, render: 42ms)
 GET / 200 in 60ms (compile: 4ms, proxy.ts: 6ms, render: 51ms)
 GET / 200 in 52ms (compile: 3ms, proxy.ts: 7ms, render: 43ms)
 GET / 200 in 29ms (compile: 3ms, proxy.ts: 5ms, render: 21ms)
 GET / 200 in 30ms (compile: 5ms, proxy.ts: 4ms, render: 21ms)
 GET / 200 in 48ms (compile: 5ms, proxy.ts: 5ms, render: 38ms)
 GET / 200 in 32ms (compile: 3ms, proxy.ts: 4ms, render: 25ms)
 GET / 200 in 29ms (compile: 4ms, proxy.ts: 5ms, render: 20ms)
 GET / 200 in 43ms (compile: 3ms, proxy.ts: 4ms, render: 36ms)
 GET / 200 in 48ms (compile: 3ms, proxy.ts: 4ms, render: 41ms)
 GET / 200 in 50ms (compile: 3ms, proxy.ts: 5ms, render: 42ms)
 GET / 200 in 49ms (compile: 3ms, proxy.ts: 5ms, render: 41ms)
 GET / 200 in 57ms (compile: 3ms, proxy.ts: 6ms, render: 48ms)
 GET / 200 in 54ms (compile: 4ms, proxy.ts: 4ms, render: 46ms)
 GET / 200 in 53ms (compile: 3ms, proxy.ts: 5ms, render: 45ms)
 GET / 200 in 37ms (compile: 3ms, proxy.ts: 12ms, render: 21ms)
 GET / 200 in 31ms (compile: 3ms, proxy.ts: 4ms, render: 24ms)
 GET / 200 in 57ms (compile: 4ms, proxy.ts: 6ms, render: 47ms)
 GET / 200 in 29ms (compile: 3ms, proxy.ts: 5ms, render: 21ms)
 GET / 200 in 28ms (compile: 3ms, proxy.ts: 5ms, render: 21ms)
 GET / 200 in 50ms (compile: 4ms, proxy.ts: 4ms, render: 41ms)
 GET / 200 in 55ms (compile: 4ms, proxy.ts: 6ms, render: 45ms)
 GET / 200 in 52ms (compile: 6ms, proxy.ts: 4ms, render: 42ms)
 GET / 200 in 49ms (compile: 3ms, proxy.ts: 4ms, render: 42ms)
 GET / 200 in 47ms (compile: 4ms, proxy.ts: 5ms, render: 39ms)
 GET / 200 in 30ms (compile: 3ms, proxy.ts: 5ms, render: 21ms)
 GET / 200 in 31ms (compile: 5ms, proxy.ts: 4ms, render: 22ms)
 GET / 200 in 49ms (compile: 3ms, proxy.ts: 7ms, render: 39ms)
 GET / 200 in 50ms (compile: 3ms, proxy.ts: 4ms, render: 43ms)
 GET / 200 in 49ms (compile: 3ms, proxy.ts: 6ms, render: 40ms)
 GET / 200 in 32ms (compile: 3ms, proxy.ts: 6ms, render: 22ms)
 GET / 200 in 31ms (compile: 3ms, proxy.ts: 6ms, render: 22ms)
 GET / 200 in 66ms (compile: 4ms, proxy.ts: 4ms, render: 58ms)
 GET / 200 in 49ms (compile: 5ms, proxy.ts: 4ms, render: 40ms)
 GET / 200 in 41ms (compile: 3ms, proxy.ts: 4ms, render: 35ms)
 GET / 200 in 30ms (compile: 4ms, proxy.ts: 4ms, render: 22ms)
 GET / 200 in 27ms (compile: 4ms, proxy.ts: 5ms, render: 18ms)
 GET / 200 in 30ms (compile: 3ms, proxy.ts: 4ms, render: 22ms)
 GET / 200 in 47ms (compile: 4ms, proxy.ts: 5ms, render: 38ms)
 GET / 200 in 50ms (compile: 3ms, proxy.ts: 4ms, render: 42ms)
 GET / 200 in 49ms (compile: 4ms, proxy.ts: 5ms, render: 40ms)
 GET / 200 in 31ms (compile: 3ms, proxy.ts: 6ms, render: 22ms)
 GET / 200 in 49ms (compile: 5ms, proxy.ts: 4ms, render: 39ms)
 GET / 200 in 30ms (compile: 3ms, proxy.ts: 5ms, render: 22ms)
 GET / 200 in 48ms (compile: 5ms, proxy.ts: 5ms, render: 38ms)
 GET / 200 in 49ms (compile: 3ms, proxy.ts: 6ms, render: 41ms)
 GET / 200 in 47ms (compile: 4ms, proxy.ts: 4ms, render: 39ms)
 GET / 200 in 58ms (compile: 3ms, proxy.ts: 7ms, render: 49ms)
 GET / 200 in 50ms (compile: 4ms, proxy.ts: 5ms, render: 41ms)
 GET / 200 in 55ms (compile: 3ms, proxy.ts: 6ms, render: 46ms)
 GET / 200 in 35ms (compile: 3ms, proxy.ts: 5ms, render: 27ms)
 GET / 200 in 49ms (compile: 4ms, proxy.ts: 6ms, render: 39ms)
 GET / 200 in 53ms (compile: 3ms, proxy.ts: 4ms, render: 46ms)
 GET / 200 in 54ms (compile: 3ms, proxy.ts: 8ms, render: 43ms)
 GET / 200 in 50ms (compile: 3ms, proxy.ts: 5ms, render: 42ms)
 GET / 200 in 28ms (compile: 3ms, proxy.ts: 5ms, render: 21ms)
 GET / 200 in 31ms (compile: 5ms, proxy.ts: 5ms, render: 21ms)
 GET / 200 in 30ms (compile: 5ms, proxy.ts: 5ms, render: 21ms)
 GET / 200 in 54ms (compile: 4ms, proxy.ts: 4ms, render: 45ms)
 GET / 200 in 50ms (compile: 3ms, proxy.ts: 5ms, render: 42ms)
 GET / 200 in 47ms (compile: 4ms, proxy.ts: 5ms, render: 37ms)
 GET / 200 in 53ms (compile: 3ms, proxy.ts: 5ms, render: 45ms)
 GET / 200 in 51ms (compile: 3ms, proxy.ts: 4ms, render: 44ms)
 GET / 200 in 46ms (compile: 3ms, proxy.ts: 4ms, render: 39ms)
 GET / 200 in 30ms (compile: 5ms, proxy.ts: 5ms, render: 21ms)
 GET / 200 in 29ms (compile: 3ms, proxy.ts: 5ms, render: 21ms)
 GET / 200 in 31ms (compile: 4ms, proxy.ts: 5ms, render: 22ms)
 GET / 200 in 48ms (compile: 3ms, proxy.ts: 5ms, render: 40ms)
 GET / 200 in 48ms (compile: 3ms, proxy.ts: 4ms, render: 40ms)
 GET / 200 in 31ms (compile: 4ms, proxy.ts: 5ms, render: 22ms)
 GET / 200 in 46ms (compile: 3ms, proxy.ts: 5ms, render: 38ms)
 GET / 200 in 52ms (compile: 5ms, proxy.ts: 5ms, render: 43ms)
 GET / 200 in 53ms (compile: 6ms, proxy.ts: 5ms, render: 42ms)
 GET / 200 in 31ms (compile: 3ms, proxy.ts: 6ms, render: 22ms)
 GET / 200 in 33ms (compile: 4ms, proxy.ts: 4ms, render: 26ms)
 GET / 200 in 47ms (compile: 5ms, proxy.ts: 7ms, render: 35ms)
 GET / 200 in 29ms (compile: 3ms, proxy.ts: 4ms, render: 22ms)
 GET / 200 in 37ms (compile: 5ms, proxy.ts: 4ms, render: 28ms)
 GET / 200 in 48ms (compile: 6ms, proxy.ts: 4ms, render: 38ms)
 GET / 200 in 49ms (compile: 3ms, proxy.ts: 4ms, render: 43ms)
 GET / 200 in 33ms (compile: 3ms, proxy.ts: 3ms, render: 27ms)
 GET / 200 in 26ms (compile: 2ms, proxy.ts: 6ms, render: 18ms)
 GET / 200 in 49ms (compile: 3ms, proxy.ts: 4ms, render: 42ms)
 GET / 200 in 44ms (compile: 3ms, proxy.ts: 6ms, render: 35ms)
 GET / 200 in 25ms (compile: 2ms, proxy.ts: 3ms, render: 20ms)
 GET / 200 in 43ms (compile: 4ms, proxy.ts: 5ms, render: 35ms)
 GET / 200 in 45ms (compile: 4ms, proxy.ts: 7ms, render: 34ms)
 GET / 200 in 45ms (compile: 3ms, proxy.ts: 4ms, render: 38ms)
 GET / 200 in 47ms (compile: 3ms, proxy.ts: 4ms, render: 40ms)
 GET / 200 in 43ms (compile: 3ms, proxy.ts: 5ms, render: 34ms)
 GET / 200 in 43ms (compile: 3ms, proxy.ts: 5ms, render: 36ms)
 GET / 200 in 56ms (compile: 4ms, proxy.ts: 4ms, render: 48ms)
 GET / 200 in 130ms (compile: 5ms, proxy.ts: 5ms, render: 120ms)
 GET / 200 in 120ms (compile: 4ms, proxy.ts: 6ms, render: 109ms)
 GET / 200 in 52ms (compile: 5ms, proxy.ts: 6ms, render: 40ms)
 GET / 200 in 50ms (compile: 3ms, proxy.ts: 6ms, render: 41ms)
 GET / 200 in 50ms (compile: 1933µs, proxy.ts: 4ms, render: 44ms)
 GET / 200 in 50ms (compile: 3ms, proxy.ts: 9ms, render: 37ms)
 GET /api/health 200 in 225ms (compile: 68ms, proxy.ts: 7ms, render: 150ms)
 GET / 200 in 60ms (compile: 3ms, proxy.ts: 4ms, render: 53ms)
 GET / 200 in 62ms (compile: 5ms, proxy.ts: 13ms, render: 44ms)
 GET / 200 in 48ms (compile: 3ms, proxy.ts: 6ms, render: 39ms)
 GET / 200 in 49ms (compile: 3ms, proxy.ts: 5ms, render: 41ms)
 GET / 200 in 30ms (compile: 4ms, proxy.ts: 4ms, render: 22ms)
 GET / 200 in 40ms (compile: 3ms, proxy.ts: 4ms, render: 34ms)
 GET / 200 in 32ms (compile: 3ms, proxy.ts: 4ms, render: 25ms)
 GET / 200 in 58ms (compile: 4ms, proxy.ts: 7ms, render: 47ms)
 GET / 200 in 50ms (compile: 4ms, proxy.ts: 5ms, render: 41ms)
 GET / 200 in 30ms (compile: 3ms, proxy.ts: 4ms, render: 23ms)
 GET / 200 in 30ms (compile: 3ms, proxy.ts: 6ms, render: 20ms)
 GET / 200 in 32ms (compile: 3ms, proxy.ts: 4ms, render: 24ms)
 GET / 200 in 29ms (compile: 4ms, proxy.ts: 5ms, render: 20ms)
 GET / 200 in 28ms (compile: 3ms, proxy.ts: 4ms, render: 20ms)
 GET / 200 in 47ms (compile: 4ms, proxy.ts: 4ms, render: 39ms)
 GET / 200 in 30ms (compile: 3ms, proxy.ts: 6ms, render: 20ms)
 GET / 200 in 45ms (compile: 4ms, proxy.ts: 4ms, render: 37ms)
 GET / 200 in 29ms (compile: 3ms, proxy.ts: 6ms, render: 21ms)
 GET / 200 in 49ms (compile: 3ms, proxy.ts: 4ms, render: 42ms)
 GET / 200 in 48ms (compile: 4ms, proxy.ts: 4ms, render: 39ms)
 GET / 200 in 48ms (compile: 3ms, proxy.ts: 5ms, render: 40ms)
 GET / 200 in 59ms (compile: 4ms, proxy.ts: 5ms, render: 50ms)
 GET / 200 in 50ms (compile: 4ms, proxy.ts: 5ms, render: 41ms)
 GET / 200 in 51ms (compile: 3ms, proxy.ts: 4ms, render: 44ms)
 GET / 200 in 50ms (compile: 4ms, proxy.ts: 7ms, render: 39ms)
 GET / 200 in 46ms (compile: 3ms, proxy.ts: 4ms, render: 39ms)
 GET / 200 in 51ms (compile: 4ms, proxy.ts: 5ms, render: 42ms)
 GET / 200 in 57ms (compile: 4ms, proxy.ts: 4ms, render: 49ms)
✓ Compiled in 1ms
 GET / 200 in 89ms (compile: 4ms, proxy.ts: 7ms, render: 79ms)
 GET / 200 in 213ms (compile: 119ms, proxy.ts: 54ms, render: 41ms)
 GET / 200 in 51ms (compile: 3ms, proxy.ts: 5ms, render: 42ms)
 GET / 200 in 34ms (compile: 3ms, proxy.ts: 5ms, render: 27ms)
 GET / 200 in 59ms (compile: 4ms, proxy.ts: 6ms, render: 49ms)
 GET / 200 in 56ms (compile: 5ms, proxy.ts: 6ms, render: 44ms)
 GET / 200 in 59ms (compile: 3ms, proxy.ts: 6ms, render: 49ms)
 GET / 200 in 58ms (compile: 3ms, proxy.ts: 5ms, render: 50ms)
 GET / 200 in 52ms (compile: 3ms, proxy.ts: 6ms, render: 43ms)
 GET / 200 in 47ms (compile: 4ms, proxy.ts: 5ms, render: 38ms)
 GET / 200 in 28ms (compile: 2ms, proxy.ts: 5ms, render: 20ms)
 GET / 200 in 32ms (compile: 4ms, proxy.ts: 5ms, render: 23ms)
 GET / 200 in 30ms (compile: 3ms, proxy.ts: 6ms, render: 21ms)
 GET / 200 in 34ms (compile: 4ms, proxy.ts: 4ms, render: 26ms)
 GET / 200 in 34ms (compile: 4ms, proxy.ts: 6ms, render: 24ms)
 GET / 200 in 34ms (compile: 5ms, proxy.ts: 7ms, render: 22ms)
 GET / 200 in 50ms (compile: 3ms, proxy.ts: 5ms, render: 41ms)
 GET / 200 in 52ms (compile: 3ms, proxy.ts: 7ms, render: 42ms)
 GET / 200 in 51ms (compile: 3ms, proxy.ts: 4ms, render: 44ms)
 GET / 200 in 31ms (compile: 3ms, proxy.ts: 7ms, render: 20ms)
 GET / 200 in 46ms (compile: 5ms, proxy.ts: 4ms, render: 37ms)
 GET / 200 in 38ms (compile: 4ms, proxy.ts: 6ms, render: 28ms)
 GET / 200 in 33ms (compile: 6ms, proxy.ts: 4ms, render: 23ms)
 GET / 200 in 28ms (compile: 4ms, proxy.ts: 4ms, render: 20ms)
 GET / 200 in 48ms (compile: 4ms, proxy.ts: 5ms, render: 39ms)
 GET / 200 in 51ms (compile: 3ms, proxy.ts: 5ms, render: 43ms)
 GET / 200 in 50ms (compile: 4ms, proxy.ts: 5ms, render: 41ms)
 GET / 200 in 45ms (compile: 3ms, proxy.ts: 4ms, render: 39ms)
 GET / 200 in 30ms (compile: 4ms, proxy.ts: 5ms, render: 21ms)
 GET / 200 in 29ms (compile: 3ms, proxy.ts: 4ms, render: 22ms)
 GET / 200 in 34ms (compile: 5ms, proxy.ts: 6ms, render: 23ms)
 GET / 200 in 53ms (compile: 3ms, proxy.ts: 9ms, render: 42ms)
 GET / 200 in 52ms (compile: 4ms, proxy.ts: 6ms, render: 42ms)
 GET / 200 in 48ms (compile: 3ms, proxy.ts: 5ms, render: 39ms)
 GET / 200 in 29ms (compile: 2ms, proxy.ts: 6ms, render: 21ms)
 GET / 200 in 48ms (compile: 3ms, proxy.ts: 5ms, render: 41ms)
 GET / 200 in 58ms (compile: 3ms, proxy.ts: 6ms, render: 49ms)
 GET / 200 in 49ms (compile: 6ms, proxy.ts: 4ms, render: 39ms)
 GET / 200 in 30ms (compile: 3ms, proxy.ts: 4ms, render: 23ms)
 GET / 200 in 52ms (compile: 5ms, proxy.ts: 5ms, render: 42ms)
 GET / 200 in 56ms (compile: 4ms, proxy.ts: 7ms, render: 45ms)
 GET / 200 in 50ms (compile: 3ms, proxy.ts: 7ms, render: 40ms)
 GET / 200 in 33ms (compile: 5ms, proxy.ts: 5ms, render: 23ms)
 GET / 200 in 29ms (compile: 3ms, proxy.ts: 4ms, render: 22ms)
 GET / 200 in 29ms (compile: 4ms, proxy.ts: 5ms, render: 20ms)
 GET / 200 in 29ms (compile: 3ms, proxy.ts: 5ms, render: 21ms)
 GET / 200 in 32ms (compile: 4ms, proxy.ts: 5ms, render: 23ms)
 GET / 200 in 48ms (compile: 4ms, proxy.ts: 6ms, render: 38ms)
 GET / 200 in 29ms (compile: 3ms, proxy.ts: 5ms, render: 21ms)
 GET / 200 in 32ms (compile: 6ms, proxy.ts: 4ms, render: 22ms)
 GET / 200 in 31ms (compile: 3ms, proxy.ts: 4ms, render: 23ms)
 GET / 200 in 61ms (compile: 6ms, proxy.ts: 6ms, render: 50ms)
 GET / 200 in 46ms (compile: 3ms, proxy.ts: 5ms, render: 38ms)
 GET / 200 in 52ms (compile: 3ms, proxy.ts: 4ms, render: 44ms)
 GET / 200 in 51ms (compile: 4ms, proxy.ts: 5ms, render: 43ms)
 GET / 200 in 52ms (compile: 3ms, proxy.ts: 4ms, render: 45ms)
 GET / 200 in 55ms (compile: 5ms, proxy.ts: 6ms, render: 45ms)
 GET / 200 in 52ms (compile: 5ms, proxy.ts: 7ms, render: 40ms)
 GET / 200 in 35ms (compile: 3ms, proxy.ts: 4ms, render: 28ms)
 GET / 200 in 52ms (compile: 4ms, proxy.ts: 7ms, render: 41ms)
 GET / 200 in 33ms (compile: 3ms, proxy.ts: 5ms, render: 25ms)
 GET / 200 in 33ms (compile: 3ms, proxy.ts: 7ms, render: 23ms)
 GET / 200 in 42ms (compile: 7ms, proxy.ts: 5ms, render: 30ms)
 GET / 200 in 58ms (compile: 5ms, proxy.ts: 15ms, render: 39ms)
 GET / 200 in 49ms (compile: 2ms, proxy.ts: 4ms, render: 43ms)
 GET / 200 in 35ms (compile: 5ms, proxy.ts: 5ms, render: 24ms)
 GET / 200 in 65ms (compile: 5ms, proxy.ts: 4ms, render: 55ms)
 GET / 200 in 36ms (compile: 4ms, proxy.ts: 4ms, render: 28ms)
 GET / 200 in 92ms (compile: 6ms, proxy.ts: 5ms, render: 81ms)
 GET / 200 in 88ms (compile: 2ms, proxy.ts: 4ms, render: 81ms)
 GET / 200 in 29ms (compile: 3ms, proxy.ts: 5ms, render: 21ms)
 GET / 200 in 31ms (compile: 3ms, proxy.ts: 5ms, render: 23ms)
 GET / 200 in 48ms (compile: 5ms, proxy.ts: 5ms, render: 38ms)
 GET / 200 in 44ms (compile: 3ms, proxy.ts: 4ms, render: 37ms)
 GET / 200 in 29ms (compile: 3ms, proxy.ts: 4ms, render: 22ms)
 GET / 200 in 27ms (compile: 3ms, proxy.ts: 4ms, render: 20ms)
 GET / 200 in 31ms (compile: 5ms, proxy.ts: 4ms, render: 22ms)
 GET / 200 in 33ms (compile: 6ms, proxy.ts: 5ms, render: 21ms)
 GET / 200 in 29ms (compile: 5ms, proxy.ts: 4ms, render: 20ms)
 GET / 200 in 47ms (compile: 3ms, proxy.ts: 5ms, render: 39ms)
 GET / 200 in 56ms (compile: 6ms, proxy.ts: 4ms, render: 46ms)
 GET / 200 in 51ms (compile: 3ms, proxy.ts: 7ms, render: 41ms)
 GET / 200 in 40ms (compile: 3ms, proxy.ts: 3ms, render: 33ms)
 GET / 200 in 24ms (compile: 3ms, proxy.ts: 5ms, render: 17ms)
 GET / 200 in 24ms (compile: 4ms, proxy.ts: 4ms, render: 17ms)
 GET / 200 in 38ms (compile: 2ms, proxy.ts: 4ms, render: 32ms)
 GET / 200 in 39ms (compile: 3ms, proxy.ts: 3ms, render: 33ms)
 GET / 200 in 40ms (compile: 4ms, proxy.ts: 3ms, render: 33ms)
 GET / 200 in 40ms (compile: 2ms, proxy.ts: 6ms, render: 32ms)
 GET / 200 in 45ms (compile: 2ms, proxy.ts: 4ms, render: 39ms)
 GET / 200 in 57ms (compile: 3ms, proxy.ts: 4ms, render: 51ms)
 GET / 200 in 56ms (compile: 3ms, proxy.ts: 7ms, render: 46ms)
 GET / 200 in 32ms (compile: 3ms, proxy.ts: 6ms, render: 23ms)
 GET / 200 in 31ms (compile: 3ms, proxy.ts: 5ms, render: 22ms)
 GET / 200 in 29ms (compile: 4ms, proxy.ts: 6ms, render: 20ms)
 GET / 200 in 27ms (compile: 3ms, proxy.ts: 4ms, render: 20ms)
 GET / 200 in 61ms (compile: 6ms, proxy.ts: 5ms, render: 50ms)
 GET / 200 in 50ms (compile: 3ms, proxy.ts: 5ms, render: 42ms)
 GET / 200 in 52ms (compile: 3ms, proxy.ts: 6ms, render: 43ms)
 GET / 200 in 49ms (compile: 3ms, proxy.ts: 6ms, render: 40ms)
 GET / 200 in 50ms (compile: 4ms, proxy.ts: 4ms, render: 43ms)
 GET / 200 in 31ms (compile: 3ms, proxy.ts: 6ms, render: 22ms)
 GET / 200 in 50ms (compile: 4ms, proxy.ts: 5ms, render: 41ms)
 GET / 200 in 54ms (compile: 3ms, proxy.ts: 6ms, render: 46ms)
 GET / 200 in 51ms (compile: 3ms, proxy.ts: 5ms, render: 43ms)
 GET / 200 in 43ms (compile: 2ms, proxy.ts: 5ms, render: 35ms)
 GET / 200 in 40ms (compile: 2ms, proxy.ts: 5ms, render: 33ms)
 GET / 200 in 44ms (compile: 3ms, proxy.ts: 4ms, render: 37ms)
 GET / 200 in 46ms (compile: 2ms, proxy.ts: 5ms, render: 39ms)
 GET / 200 in 49ms (compile: 3ms, proxy.ts: 3ms, render: 43ms)
 GET / 200 in 51ms (compile: 2ms, proxy.ts: 6ms, render: 43ms)
 GET / 200 in 52ms (compile: 2ms, proxy.ts: 4ms, render: 46ms)
 GET / 200 in 46ms (compile: 3ms, proxy.ts: 4ms, render: 39ms)
 GET / 200 in 47ms (compile: 3ms, proxy.ts: 4ms, render: 39ms)
 GET / 200 in 48ms (compile: 2ms, proxy.ts: 5ms, render: 40ms)
 GET / 200 in 45ms (compile: 3ms, proxy.ts: 4ms, render: 38ms)
 GET / 200 in 44ms (compile: 3ms, proxy.ts: 5ms, render: 36ms)
 GET / 200 in 44ms (compile: 3ms, proxy.ts: 5ms, render: 36ms)
 GET / 200 in 30ms (compile: 3ms, proxy.ts: 5ms, render: 23ms)
 GET / 200 in 28ms (compile: 3ms, proxy.ts: 6ms, render: 19ms)
 GET / 200 in 31ms (compile: 3ms, proxy.ts: 4ms, render: 24ms)
 GET / 200 in 49ms (compile: 4ms, proxy.ts: 6ms, render: 38ms)
 GET / 200 in 33ms (compile: 4ms, proxy.ts: 5ms, render: 24ms)
 GET / 200 in 31ms (compile: 5ms, proxy.ts: 5ms, render: 21ms)
 GET / 200 in 49ms (compile: 4ms, proxy.ts: 4ms, render: 41ms)
 GET / 200 in 57ms (compile: 2ms, proxy.ts: 7ms, render: 48ms)
 GET / 200 in 53ms (compile: 3ms, proxy.ts: 5ms, render: 45ms)
 GET / 200 in 46ms (compile: 3ms, proxy.ts: 4ms, render: 39ms)
 GET / 200 in 46ms (compile: 3ms, proxy.ts: 6ms, render: 37ms)
 GET / 200 in 43ms (compile: 2ms, proxy.ts: 4ms, render: 37ms)
 GET / 200 in 45ms (compile: 3ms, proxy.ts: 5ms, render: 37ms)
 GET / 200 in 47ms (compile: 3ms, proxy.ts: 5ms, render: 38ms)
 GET / 200 in 29ms (compile: 2ms, proxy.ts: 4ms, render: 23ms)
 GET / 200 in 28ms (compile: 5ms, proxy.ts: 4ms, render: 19ms)
 GET / 200 in 44ms (compile: 2ms, proxy.ts: 4ms, render: 38ms)
 GET / 200 in 49ms (compile: 4ms, proxy.ts: 5ms, render: 40ms)
 GET / 200 in 48ms (compile: 3ms, proxy.ts: 6ms, render: 38ms)
 GET / 200 in 30ms (compile: 4ms, proxy.ts: 4ms, render: 23ms)
 GET / 200 in 32ms (compile: 3ms, proxy.ts: 7ms, render: 22ms)
 GET / 200 in 30ms (compile: 3ms, proxy.ts: 5ms, render: 23ms)
 GET / 200 in 32ms (compile: 5ms, proxy.ts: 5ms, render: 22ms)
 GET / 200 in 35ms (compile: 3ms, proxy.ts: 5ms, render: 27ms)
 GET / 200 in 27ms (compile: 3ms, proxy.ts: 3ms, render: 21ms)
 GET / 200 in 47ms (compile: 4ms, proxy.ts: 5ms, render: 38ms)
 GET / 200 in 26ms (compile: 2ms, proxy.ts: 5ms, render: 20ms)
 GET / 200 in 26ms (compile: 3ms, proxy.ts: 5ms, render: 18ms)
 GET / 200 in 30ms (compile: 3ms, proxy.ts: 8ms, render: 20ms)
 GET / 200 in 51ms (compile: 4ms, proxy.ts: 4ms, render: 43ms)
 GET / 200 in 45ms (compile: 4ms, proxy.ts: 7ms, render: 34ms)
 GET / 200 in 24ms (compile: 2ms, proxy.ts: 4ms, render: 18ms)
 GET / 200 in 27ms (compile: 3ms, proxy.ts: 3ms, render: 21ms)
 GET / 200 in 31ms (compile: 4ms, proxy.ts: 4ms, render: 22ms)
 GET / 200 in 28ms (compile: 3ms, proxy.ts: 4ms, render: 22ms)
 GET / 200 in 46ms (compile: 5ms, proxy.ts: 4ms, render: 36ms)
 GET / 200 in 27ms (compile: 2ms, proxy.ts: 4ms, render: 21ms)
 GET / 200 in 55ms (compile: 3ms, proxy.ts: 4ms, render: 48ms)
 GET / 200 in 56ms (compile: 4ms, proxy.ts: 5ms, render: 47ms)
 GET / 200 in 47ms (compile: 2ms, proxy.ts: 5ms, render: 40ms)
 GET / 200 in 48ms (compile: 3ms, proxy.ts: 4ms, render: 41ms)
 GET / 200 in 46ms (compile: 4ms, proxy.ts: 5ms, render: 38ms)
 GET / 200 in 43ms (compile: 3ms, proxy.ts: 4ms, render: 37ms)
 GET / 200 in 49ms (compile: 3ms, proxy.ts: 5ms, render: 41ms)
 GET / 200 in 56ms (compile: 3ms, proxy.ts: 6ms, render: 48ms)
 GET / 200 in 33ms (compile: 4ms, proxy.ts: 6ms, render: 22ms)
 GET / 200 in 32ms (compile: 3ms, proxy.ts: 5ms, render: 24ms)
 GET / 200 in 31ms (compile: 5ms, proxy.ts: 4ms, render: 22ms)
 GET / 200 in 44ms (compile: 3ms, proxy.ts: 4ms, render: 37ms)
 GET / 200 in 27ms (compile: 4ms, proxy.ts: 4ms, render: 18ms)
 GET / 200 in 25ms (compile: 3ms, proxy.ts: 6ms, render: 17ms)
 GET /api/verify-fire-inputs 200 in 470ms (compile: 141ms, proxy.ts: 3ms, render: 326ms)
 GET /api/verify-schema 200 in 2.3s (compile: 87ms, proxy.ts: 5ms, render: 2.2s)
 GET /api/schema-check 200 in 6.7s (compile: 132ms, proxy.ts: 4ms, render: 6.5s)
 GET / 200 in 425ms (compile: 78ms, proxy.ts: 66ms, render: 281ms)
 GET /test-fire-inputs 200 in 783ms (compile: 545ms, proxy.ts: 7ms, render: 231ms)
 GET / 200 in 153ms (compile: 17ms, proxy.ts: 21ms, render: 116ms)
 GET / 200 in 117ms (compile: 12ms, proxy.ts: 35ms, render: 70ms)
 GET / 200 in 83ms (compile: 7ms, proxy.ts: 10ms, render: 66ms)
 GET / 200 in 90ms (compile: 9ms, proxy.ts: 13ms, render: 68ms)
 GET / 200 in 76ms (compile: 11ms, proxy.ts: 7ms, render: 57ms)
 GET / 200 in 64ms (compile: 8ms, proxy.ts: 9ms, render: 48ms)
 GET / 200 in 36ms (compile: 4ms, proxy.ts: 9ms, render: 23ms)
⚠ Cross origin request detected from 127.0.0.1 to /_next/* resource. In a future major version of Next.js, you will need to explicitly configure "allowedDevOrigins" in next.config to allow this.
Read more: https://nextjs.org/docs/app/api-reference/config/next-config-js/allowedDevOrigins
 GET / 200 in 71ms (compile: 5ms, proxy.ts: 4ms, render: 62ms)
 GET / 200 in 89ms (compile: 5ms, proxy.ts: 6ms, render: 78ms)
 GET / 200 in 128ms (compile: 8ms, proxy.ts: 8ms, render: 112ms)
 GET / 200 in 110ms (compile: 60ms, proxy.ts: 13ms, render: 37ms)
 GET / 200 in 31ms (compile: 3ms, proxy.ts: 8ms, render: 20ms)
 GET / 200 in 50ms (compile: 3ms, proxy.ts: 4ms, render: 43ms)
 GET / 200 in 57ms (compile: 3ms, proxy.ts: 6ms, render: 48ms)
 GET / 200 in 47ms (compile: 4ms, proxy.ts: 11ms, render: 32ms)
 GET / 200 in 38ms (compile: 1880µs, proxy.ts: 4ms, render: 33ms)
 GET / 200 in 38ms (compile: 2ms, proxy.ts: 4ms, render: 32ms)
 GET / 200 in 39ms (compile: 3ms, proxy.ts: 4ms, render: 33ms)
 GET / 200 in 57ms (compile: 4ms, proxy.ts: 4ms, render: 49ms)
 GET / 200 in 65ms (compile: 5ms, proxy.ts: 15ms, render: 45ms)
 GET / 200 in 57ms (compile: 3ms, proxy.ts: 6ms, render: 48ms)
 GET / 200 in 48ms (compile: 4ms, proxy.ts: 6ms, render: 38ms)
 GET / 200 in 45ms (compile: 3ms, proxy.ts: 4ms, render: 38ms)
 GET / 200 in 46ms (compile: 5ms, proxy.ts: 4ms, render: 37ms)
 GET / 200 in 43ms (compile: 2ms, proxy.ts: 6ms, render: 34ms)
 GET /api/verify-fire-inputs 200 in 471ms (compile: 45ms, proxy.ts: 11ms, render: 414ms)
 GET / 200 in 43ms (compile: 3ms, proxy.ts: 4ms, render: 37ms)
 GET / 200 in 56ms (compile: 3ms, proxy.ts: 4ms, render: 50ms)
 GET / 200 in 58ms (compile: 4ms, proxy.ts: 10ms, render: 44ms)
 GET / 200 in 49ms (compile: 3ms, proxy.ts: 7ms, render: 39ms)
 GET / 200 in 43ms (compile: 3ms, proxy.ts: 5ms, render: 36ms)
 GET / 200 in 56ms (compile: 5ms, proxy.ts: 4ms, render: 46ms)
 GET / 200 in 62ms (compile: 6ms, proxy.ts: 9ms, render: 48ms)
 GET / 200 in 52ms (compile: 3ms, proxy.ts: 8ms, render: 40ms)
 GET / 200 in 50ms (compile: 3ms, proxy.ts: 5ms, render: 41ms)
 GET / 200 in 47ms (compile: 3ms, proxy.ts: 7ms, render: 38ms)
 GET / 200 in 60ms (compile: 4ms, proxy.ts: 5ms, render: 51ms)
 GET / 200 in 59ms (compile: 4ms, proxy.ts: 6ms, render: 49ms)
 GET / 200 in 31ms (compile: 3ms, proxy.ts: 5ms, render: 23ms)
 GET / 200 in 47ms (compile: 6ms, proxy.ts: 5ms, render: 35ms)
 GET / 200 in 44ms (compile: 3ms, proxy.ts: 4ms, render: 37ms)
 GET / 200 in 30ms (compile: 3ms, proxy.ts: 4ms, render: 23ms)
 GET / 200 in 28ms (compile: 3ms, proxy.ts: 6ms, render: 18ms)
 GET / 200 in 26ms (compile: 3ms, proxy.ts: 4ms, render: 19ms)
 GET / 200 in 46ms (compile: 3ms, proxy.ts: 4ms, render: 39ms)
 GET / 200 in 47ms (compile: 4ms, proxy.ts: 5ms, render: 37ms)
 GET / 200 in 46ms (compile: 2ms, proxy.ts: 4ms, render: 40ms)
 GET / 200 in 31ms (compile: 4ms, proxy.ts: 4ms, render: 22ms)
 GET / 200 in 27ms (compile: 3ms, proxy.ts: 4ms, render: 20ms)
 GET / 200 in 55ms (compile: 5ms, proxy.ts: 4ms, render: 46ms)
 GET / 200 in 110ms (compile: 3ms, proxy.ts: 5ms, render: 101ms)
 GET / 200 in 115ms (compile: 4ms, proxy.ts: 7ms, render: 103ms)
 GET / 200 in 96ms (compile: 44ms, proxy.ts: 7ms, render: 45ms)
 GET / 200 in 40ms (compile: 4ms, proxy.ts: 4ms, render: 31ms)
 GET / 200 in 42ms (compile: 3ms, proxy.ts: 4ms, render: 34ms)
 GET / 200 in 50ms (compile: 3ms, proxy.ts: 4ms, render: 43ms)
 GET / 200 in 52ms (compile: 2ms, proxy.ts: 5ms, render: 45ms)
 GET / 200 in 29ms (compile: 3ms, proxy.ts: 8ms, render: 19ms)
 GET / 200 in 29ms (compile: 3ms, proxy.ts: 4ms, render: 22ms)
 GET / 200 in 29ms (compile: 4ms, proxy.ts: 7ms, render: 18ms)
 GET / 200 in 28ms (compile: 4ms, proxy.ts: 6ms, render: 18ms)
 GET / 200 in 30ms (compile: 3ms, proxy.ts: 5ms, render: 22ms)
 GET / 200 in 59ms (compile: 4ms, proxy.ts: 8ms, render: 46ms)
 GET / 200 in 34ms (compile: 7ms, proxy.ts: 10ms, render: 18ms)
 GET / 200 in 26ms (compile: 3ms, proxy.ts: 4ms, render: 19ms)
 GET / 200 in 34ms (compile: 4ms, proxy.ts: 4ms, render: 26ms)
 GET / 200 in 55ms (compile: 3ms, proxy.ts: 6ms, render: 46ms)
 GET / 200 in 58ms (compile: 3ms, proxy.ts: 6ms, render: 49ms)
 GET / 200 in 75ms (compile: 6ms, proxy.ts: 5ms, render: 63ms)
 GET / 200 in 82ms (compile: 7ms, proxy.ts: 7ms, render: 68ms)
 GET / 200 in 70ms (compile: 4ms, proxy.ts: 8ms, render: 58ms)
 GET / 200 in 59ms (compile: 5ms, proxy.ts: 8ms, render: 46ms)
 GET / 200 in 47ms (compile: 3ms, proxy.ts: 8ms, render: 36ms)
 GET / 200 in 28ms (compile: 3ms, proxy.ts: 5ms, render: 20ms)
 GET / 200 in 46ms (compile: 5ms, proxy.ts: 5ms, render: 37ms)
 GET / 200 in 32ms (compile: 3ms, proxy.ts: 6ms, render: 24ms)
 GET / 200 in 27ms (compile: 4ms, proxy.ts: 5ms, render: 18ms)
 GET / 200 in 27ms (compile: 3ms, proxy.ts: 4ms, render: 20ms)
 GET / 200 in 26ms (compile: 3ms, proxy.ts: 4ms, render: 19ms)
 GET / 200 in 41ms (compile: 3ms, proxy.ts: 4ms, render: 34ms)
 GET / 200 in 44ms (compile: 3ms, proxy.ts: 4ms, render: 37ms)
 GET / 200 in 31ms (compile: 3ms, proxy.ts: 6ms, render: 22ms)
 GET / 200 in 32ms (compile: 5ms, proxy.ts: 4ms, render: 24ms)
 GET / 200 in 28ms (compile: 4ms, proxy.ts: 4ms, render: 19ms)
 GET / 200 in 57ms (compile: 4ms, proxy.ts: 4ms, render: 49ms)
 GET / 200 in 48ms (compile: 4ms, proxy.ts: 4ms, render: 40ms)
 GET / 200 in 27ms (compile: 3ms, proxy.ts: 6ms, render: 18ms)
 GET / 200 in 43ms (compile: 3ms, proxy.ts: 4ms, render: 37ms)
 GET / 200 in 43ms (compile: 3ms, proxy.ts: 4ms, render: 37ms)
 GET / 200 in 46ms (compile: 3ms, proxy.ts: 5ms, render: 38ms)
 GET / 200 in 49ms (compile: 3ms, proxy.ts: 5ms, render: 41ms)
 GET / 200 in 49ms (compile: 6ms, proxy.ts: 5ms, render: 38ms)
 GET / 200 in 43ms (compile: 3ms, proxy.ts: 4ms, render: 36ms)
 GET / 200 in 46ms (compile: 4ms, proxy.ts: 6ms, render: 37ms)
 GET / 200 in 43ms (compile: 3ms, proxy.ts: 7ms, render: 33ms)
 GET / 200 in 40ms (compile: 2ms, proxy.ts: 4ms, render: 33ms)
 GET / 200 in 39ms (compile: 3ms, proxy.ts: 3ms, render: 33ms)
 GET / 200 in 41ms (compile: 3ms, proxy.ts: 4ms, render: 34ms)
 GET / 200 in 52ms (compile: 5ms, proxy.ts: 3ms, render: 44ms)
 GET / 200 in 53ms (compile: 2ms, proxy.ts: 5ms, render: 46ms)
 GET / 200 in 29ms (compile: 3ms, proxy.ts: 6ms, render: 20ms)
 GET / 200 in 26ms (compile: 3ms, proxy.ts: 3ms, render: 20ms)
 GET / 200 in 47ms (compile: 5ms, proxy.ts: 4ms, render: 38ms)
 GET / 200 in 49ms (compile: 4ms, proxy.ts: 7ms, render: 39ms)
 GET / 200 in 49ms (compile: 3ms, proxy.ts: 4ms, render: 42ms)
 GET / 200 in 48ms (compile: 5ms, proxy.ts: 6ms, render: 37ms)
 GET / 200 in 47ms (compile: 2ms, proxy.ts: 5ms, render: 40ms)
 GET / 200 in 44ms (compile: 6ms, proxy.ts: 6ms, render: 32ms)
 GET / 200 in 39ms (compile: 3ms, proxy.ts: 4ms, render: 33ms)
 GET / 200 in 25ms (compile: 2ms, proxy.ts: 3ms, render: 19ms)
 GET / 200 in 57ms (compile: 5ms, proxy.ts: 4ms, render: 47ms)
 GET / 200 in 55ms (compile: 2ms, proxy.ts: 4ms, render: 49ms)
 GET / 200 in 47ms (compile: 3ms, proxy.ts: 5ms, render: 40ms)
 GET / 200 in 57ms (compile: 4ms, proxy.ts: 5ms, render: 48ms)
 GET / 200 in 58ms (compile: 3ms, proxy.ts: 6ms, render: 49ms)
 GET / 200 in 51ms (compile: 3ms, proxy.ts: 4ms, render: 43ms)
 GET / 200 in 51ms (compile: 5ms, proxy.ts: 5ms, render: 41ms)
 GET / 200 in 48ms (compile: 3ms, proxy.ts: 5ms, render: 40ms)
 GET / 200 in 48ms (compile: 4ms, proxy.ts: 4ms, render: 40ms)
 GET / 200 in 45ms (compile: 3ms, proxy.ts: 5ms, render: 38ms)
 GET / 200 in 48ms (compile: 5ms, proxy.ts: 5ms, render: 39ms)
 GET / 200 in 49ms (compile: 3ms, proxy.ts: 5ms, render: 41ms)
 GET / 200 in 49ms (compile: 4ms, proxy.ts: 5ms, render: 40ms)
 GET / 200 in 52ms (compile: 3ms, proxy.ts: 4ms, render: 46ms)
 GET / 200 in 55ms (compile: 5ms, proxy.ts: 5ms, render: 45ms)
 GET / 200 in 54ms (compile: 3ms, proxy.ts: 4ms, render: 47ms)
 GET / 200 in 63ms (compile: 3ms, proxy.ts: 6ms, render: 53ms)
 GET / 200 in 62ms (compile: 4ms, proxy.ts: 8ms, render: 51ms)
 GET / 200 in 65ms (compile: 4ms, proxy.ts: 6ms, render: 54ms)
 GET / 200 in 62ms (compile: 4ms, proxy.ts: 6ms, render: 53ms)
 GET / 200 in 50ms (compile: 5ms, proxy.ts: 4ms, render: 41ms)
 GET / 200 in 31ms (compile: 3ms, proxy.ts: 4ms, render: 24ms)
 GET / 200 in 31ms (compile: 4ms, proxy.ts: 5ms, render: 22ms)
 GET / 200 in 48ms (compile: 5ms, proxy.ts: 7ms, render: 36ms)
 GET / 200 in 48ms (compile: 4ms, proxy.ts: 5ms, render: 39ms)
 GET / 200 in 47ms (compile: 3ms, proxy.ts: 5ms, render: 40ms)
 GET / 200 in 47ms (compile: 5ms, proxy.ts: 4ms, render: 38ms)
 GET / 200 in 29ms (compile: 3ms, proxy.ts: 5ms, render: 21ms)
 GET / 200 in 30ms (compile: 5ms, proxy.ts: 4ms, render: 21ms)
 GET / 200 in 46ms (compile: 3ms, proxy.ts: 6ms, render: 37ms)
 GET / 200 in 51ms (compile: 3ms, proxy.ts: 4ms, render: 43ms)
 GET / 200 in 53ms (compile: 4ms, proxy.ts: 4ms, render: 45ms)
 GET / 200 in 124ms (compile: 4ms, proxy.ts: 5ms, render: 115ms)
 GET / 200 in 122ms (compile: 4ms, proxy.ts: 6ms, render: 112ms)
 GET / 200 in 50ms (compile: 3ms, proxy.ts: 5ms, render: 41ms)
 GET / 200 in 46ms (compile: 3ms, proxy.ts: 4ms, render: 39ms)
 GET / 200 in 50ms (compile: 4ms, proxy.ts: 5ms, render: 41ms)
 GET / 200 in 43ms (compile: 3ms, proxy.ts: 6ms, render: 34ms)
 GET / 200 in 26ms (compile: 4ms, proxy.ts: 6ms, render: 16ms)
 GET / 200 in 44ms (compile: 5ms, proxy.ts: 4ms, render: 36ms)
 GET / 200 in 46ms (compile: 3ms, proxy.ts: 7ms, render: 36ms)
 GET / 200 in 39ms (compile: 4ms, proxy.ts: 5ms, render: 30ms)
 GET / 200 in 35ms (compile: 4ms, proxy.ts: 4ms, render: 27ms)
 GET / 200 in 34ms (compile: 4ms, proxy.ts: 4ms, render: 26ms)
 GET / 200 in 35ms (compile: 3ms, proxy.ts: 5ms, render: 28ms)
 GET / 200 in 38ms (compile: 2ms, proxy.ts: 5ms, render: 31ms)
 GET / 200 in 39ms (compile: 2ms, proxy.ts: 6ms, render: 31ms)
 GET / 200 in 23ms (compile: 1957µs, proxy.ts: 4ms, render: 17ms)
 GET / 200 in 23ms (compile: 2ms, proxy.ts: 4ms, render: 17ms)
 GET / 200 in 25ms (compile: 4ms, proxy.ts: 3ms, render: 18ms)
 GET / 200 in 45ms (compile: 5ms, proxy.ts: 4ms, render: 36ms)
 GET / 200 in 46ms (compile: 4ms, proxy.ts: 5ms, render: 37ms)
 GET / 200 in 23ms (compile: 2ms, proxy.ts: 3ms, render: 17ms)
 GET / 200 in 40ms (compile: 4ms, proxy.ts: 3ms, render: 33ms)
 GET / 200 in 26ms (compile: 3ms, proxy.ts: 5ms, render: 18ms)
 GET / 200 in 26ms (compile: 2ms, proxy.ts: 6ms, render: 18ms)
 GET / 200 in 37ms (compile: 3ms, proxy.ts: 5ms, render: 30ms)
 GET / 200 in 23ms (compile: 2ms, proxy.ts: 3ms, render: 18ms)
 GET / 200 in 36ms (compile: 4ms, proxy.ts: 4ms, render: 28ms)
 GET / 200 in 24ms (compile: 4ms, proxy.ts: 3ms, render: 17ms)
 GET / 200 in 35ms (compile: 3ms, proxy.ts: 5ms, render: 27ms)
 GET / 200 in 45ms (compile: 3ms, proxy.ts: 6ms, render: 37ms)
 GET / 200 in 33ms (compile: 3ms, proxy.ts: 5ms, render: 25ms)
 GET / 200 in 48ms (compile: 5ms, proxy.ts: 4ms, render: 39ms)
 GET / 200 in 30ms (compile: 3ms, proxy.ts: 5ms, render: 23ms)
 GET / 200 in 31ms (compile: 6ms, proxy.ts: 5ms, render: 21ms)
 GET / 200 in 36ms (compile: 3ms, proxy.ts: 4ms, render: 29ms)
 GET / 200 in 47ms (compile: 3ms, proxy.ts: 4ms, render: 40ms)
 GET / 200 in 50ms (compile: 3ms, proxy.ts: 4ms, render: 44ms)
 GET / 200 in 50ms (compile: 4ms, proxy.ts: 7ms, render: 39ms)
 GET / 200 in 46ms (compile: 2ms, proxy.ts: 4ms, render: 40ms)
 GET / 200 in 48ms (compile: 4ms, proxy.ts: 4ms, render: 39ms)
 GET / 200 in 44ms (compile: 2ms, proxy.ts: 4ms, render: 38ms)
 GET / 200 in 49ms (compile: 3ms, proxy.ts: 4ms, render: 42ms)
 GET / 200 in 50ms (compile: 3ms, proxy.ts: 6ms, render: 41ms)
 GET / 200 in 50ms (compile: 3ms, proxy.ts: 5ms, render: 42ms)
 GET / 200 in 48ms (compile: 3ms, proxy.ts: 6ms, render: 39ms)
 GET / 200 in 54ms (compile: 3ms, proxy.ts: 5ms, render: 46ms)
 GET / 200 in 57ms (compile: 3ms, proxy.ts: 7ms, render: 47ms)
 GET / 200 in 49ms (compile: 4ms, proxy.ts: 5ms, render: 40ms)
 GET / 200 in 29ms (compile: 3ms, proxy.ts: 4ms, render: 22ms)
 GET / 200 in 56ms (compile: 6ms, proxy.ts: 5ms, render: 46ms)
 GET / 200 in 48ms (compile: 2ms, proxy.ts: 4ms, render: 41ms)
 GET / 200 in 28ms (compile: 2ms, proxy.ts: 5ms, render: 20ms)
 GET / 200 in 42ms (compile: 2ms, proxy.ts: 4ms, render: 36ms)
 GET / 200 in 45ms (compile: 3ms, proxy.ts: 4ms, render: 37ms)
 GET / 200 in 27ms (compile: 2ms, proxy.ts: 5ms, render: 20ms)
 GET / 200 in 27ms (compile: 3ms, proxy.ts: 4ms, render: 20ms)
 GET / 200 in 47ms (compile: 5ms, proxy.ts: 4ms, render: 38ms)
 GET / 200 in 43ms (compile: 2ms, proxy.ts: 4ms, render: 37ms)
 GET / 200 in 49ms (compile: 3ms, proxy.ts: 5ms, render: 42ms)
 GET / 200 in 47ms (compile: 3ms, proxy.ts: 6ms, render: 37ms)
 GET / 200 in 44ms (compile: 2ms, proxy.ts: 4ms, render: 38ms)
 GET / 200 in 47ms (compile: 5ms, proxy.ts: 4ms, render: 38ms)
 GET / 200 in 46ms (compile: 3ms, proxy.ts: 6ms, render: 37ms)
 GET / 200 in 30ms (compile: 3ms, proxy.ts: 4ms, render: 23ms)
 GET / 200 in 39ms (compile: 3ms, proxy.ts: 5ms, render: 30ms)
 GET / 200 in 44ms (compile: 4ms, proxy.ts: 5ms, render: 35ms)
 GET / 200 in 39ms (compile: 3ms, proxy.ts: 3ms, render: 33ms)
 GET / 200 in 28ms (compile: 3ms, proxy.ts: 3ms, render: 22ms)
 GET / 200 in 45ms (compile: 4ms, proxy.ts: 5ms, render: 36ms)
 GET / 200 in 44ms (compile: 3ms, proxy.ts: 4ms, render: 37ms)
 GET / 200 in 27ms (compile: 2ms, proxy.ts: 3ms, render: 22ms)
 GET / 200 in 30ms (compile: 3ms, proxy.ts: 5ms, render: 22ms)
 GET / 200 in 45ms (compile: 4ms, proxy.ts: 4ms, render: 37ms)
 GET / 200 in 46ms (compile: 5ms, proxy.ts: 4ms, render: 37ms)
 GET / 200 in 43ms (compile: 2ms, proxy.ts: 4ms, render: 37ms)
 GET / 200 in 46ms (compile: 3ms, proxy.ts: 4ms, render: 39ms)
 GET / 200 in 44ms (compile: 4ms, proxy.ts: 4ms, render: 35ms)
 GET / 200 in 43ms (compile: 2ms, proxy.ts: 4ms, render: 36ms)
 GET / 200 in 56ms (compile: 2ms, proxy.ts: 4ms, render: 49ms)
 GET / 200 in 59ms (compile: 4ms, proxy.ts: 5ms, render: 50ms)
 GET / 200 in 48ms (compile: 3ms, proxy.ts: 5ms, render: 40ms)
 GET / 200 in 32ms (compile: 3ms, proxy.ts: 5ms, render: 24ms)
 GET / 200 in 32ms (compile: 5ms, proxy.ts: 6ms, render: 21ms)
 GET / 200 in 26ms (compile: 3ms, proxy.ts: 4ms, render: 19ms)
 GET / 200 in 45ms (compile: 5ms, proxy.ts: 4ms, render: 37ms)
 GET / 200 in 46ms (compile: 3ms, proxy.ts: 5ms, render: 38ms)
 GET / 200 in 29ms (compile: 3ms, proxy.ts: 3ms, render: 23ms)
 GET / 200 in 30ms (compile: 6ms, proxy.ts: 5ms, render: 20ms)
 GET / 200 in 42ms (compile: 3ms, proxy.ts: 4ms, render: 35ms)
 GET / 200 in 41ms (compile: 2ms, proxy.ts: 4ms, render: 34ms)
 GET / 200 in 43ms (compile: 3ms, proxy.ts: 6ms, render: 34ms)
 GET / 200 in 44ms (compile: 2ms, proxy.ts: 7ms, render: 35ms)
 GET / 200 in 27ms (compile: 3ms, proxy.ts: 4ms, render: 20ms)
 GET / 200 in 61ms (compile: 3ms, proxy.ts: 4ms, render: 54ms)
 GET / 200 in 66ms (compile: 3ms, proxy.ts: 4ms, render: 59ms)
 GET / 200 in 132ms (compile: 3ms, proxy.ts: 6ms, render: 124ms)
 GET / 200 in 130ms (compile: 4ms, proxy.ts: 7ms, render: 119ms)
 GET / 200 in 60ms (compile: 3ms, proxy.ts: 7ms, render: 51ms)
 GET / 200 in 58ms (compile: 4ms, proxy.ts: 6ms, render: 48ms)
 GET / 200 in 51ms (compile: 4ms, proxy.ts: 5ms, render: 43ms)
 GET / 200 in 32ms (compile: 2ms, proxy.ts: 6ms, render: 23ms)
 GET / 200 in 44ms (compile: 4ms, proxy.ts: 6ms, render: 34ms)
 GET / 200 in 45ms (compile: 2ms, proxy.ts: 7ms, render: 37ms)
 GET / 200 in 48ms (compile: 3ms, proxy.ts: 5ms, render: 41ms)
 GET / 200 in 47ms (compile: 3ms, proxy.ts: 4ms, render: 39ms)
 GET / 200 in 47ms (compile: 2ms, proxy.ts: 5ms, render: 40ms)
 GET / 200 in 37ms (compile: 4ms, proxy.ts: 4ms, render: 29ms)
 GET / 200 in 52ms (compile: 5ms, proxy.ts: 10ms, render: 37ms)
 GET / 200 in 53ms (compile: 2ms, proxy.ts: 4ms, render: 47ms)
 GET / 200 in 54ms (compile: 3ms, proxy.ts: 4ms, render: 48ms)
 GET / 200 in 49ms (compile: 3ms, proxy.ts: 5ms, render: 40ms)
 GET / 200 in 50ms (compile: 4ms, proxy.ts: 7ms, render: 40ms)
 GET / 200 in 43ms (compile: 3ms, proxy.ts: 4ms, render: 36ms)
 GET / 200 in 46ms (compile: 2ms, proxy.ts: 6ms, render: 39ms)
 GET / 200 in 34ms (compile: 2ms, proxy.ts: 4ms, render: 28ms)
 GET / 200 in 44ms (compile: 3ms, proxy.ts: 5ms, render: 36ms)
 GET / 200 in 45ms (compile: 2ms, proxy.ts: 4ms, render: 38ms)
 GET / 200 in 47ms (compile: 2ms, proxy.ts: 4ms, render: 40ms)
 GET / 200 in 30ms (compile: 3ms, proxy.ts: 6ms, render: 21ms)
 GET / 200 in 48ms (compile: 3ms, proxy.ts: 4ms, render: 41ms)
 GET / 200 in 52ms (compile: 4ms, proxy.ts: 4ms, render: 44ms)
 GET / 200 in 49ms (compile: 3ms, proxy.ts: 5ms, render: 41ms)
 GET / 200 in 41ms (compile: 3ms, proxy.ts: 5ms, render: 33ms)
 GET / 200 in 23ms (compile: 2ms, proxy.ts: 3ms, render: 18ms)
 GET / 200 in 40ms (compile: 2ms, proxy.ts: 3ms, render: 34ms)
 GET / 200 in 39ms (compile: 3ms, proxy.ts: 3ms, render: 33ms)
 GET / 200 in 41ms (compile: 3ms, proxy.ts: 4ms, render: 33ms)
 GET / 200 in 24ms (compile: 2ms, proxy.ts: 4ms, render: 18ms)
 GET / 200 in 54ms (compile: 3ms, proxy.ts: 4ms, render: 46ms)
 GET / 200 in 52ms (compile: 4ms, proxy.ts: 5ms, render: 43ms)
 GET / 200 in 56ms (compile: 2ms, proxy.ts: 4ms, render: 50ms)
 GET / 200 in 46ms (compile: 5ms, proxy.ts: 12ms, render: 30ms)
 GET / 200 in 84ms (compile: 5ms, proxy.ts: 9ms, render: 71ms)
 GET / 200 in 89ms (compile: 6ms, proxy.ts: 9ms, render: 74ms)
 GET / 200 in 43ms (compile: 3ms, proxy.ts: 8ms, render: 31ms)
 GET / 200 in 57ms (compile: 4ms, proxy.ts: 10ms, render: 43ms)
 GET / 200 in 33ms (compile: 6ms, proxy.ts: 4ms, render: 24ms)
 GET / 200 in 54ms (compile: 3ms, proxy.ts: 5ms, render: 45ms)
 GET / 200 in 34ms (compile: 3ms, proxy.ts: 8ms, render: 22ms)
 GET / 200 in 53ms (compile: 6ms, proxy.ts: 5ms, render: 42ms)
 GET / 200 in 51ms (compile: 3ms, proxy.ts: 5ms, render: 44ms)
 GET / 200 in 65ms (compile: 5ms, proxy.ts: 5ms, render: 56ms)
 GET / 200 in 68ms (compile: 4ms, proxy.ts: 5ms, render: 59ms)
 GET / 200 in 37ms (compile: 6ms, proxy.ts: 6ms, render: 25ms)
 GET / 200 in 68ms (compile: 4ms, proxy.ts: 5ms, render: 59ms)
 GET / 200 in 38ms (compile: 8ms, proxy.ts: 7ms, render: 23ms)
 GET / 200 in 58ms (compile: 4ms, proxy.ts: 6ms, render: 49ms)
 GET / 200 in 36ms (compile: 7ms, proxy.ts: 7ms, render: 21ms)
 GET / 200 in 28ms (compile: 3ms, proxy.ts: 6ms, render: 19ms)
 GET / 200 in 26ms (compile: 3ms, proxy.ts: 4ms, render: 19ms)
 GET / 200 in 33ms (compile: 5ms, proxy.ts: 5ms, render: 24ms)
 GET / 200 in 42ms (compile: 3ms, proxy.ts: 5ms, render: 34ms)
 GET / 200 in 38ms (compile: 3ms, proxy.ts: 4ms, render: 31ms)
 GET / 200 in 45ms (compile: 3ms, proxy.ts: 3ms, render: 39ms)
 GET / 200 in 44ms (compile: 3ms, proxy.ts: 5ms, render: 35ms)
 GET / 200 in 39ms (compile: 1968µs, proxy.ts: 4ms, render: 34ms)
 GET / 200 in 42ms (compile: 2ms, proxy.ts: 3ms, render: 37ms)
 GET / 200 in 45ms (compile: 3ms, proxy.ts: 6ms, render: 37ms)
 GET / 200 in 45ms (compile: 2ms, proxy.ts: 6ms, render: 37ms)
 GET / 200 in 56ms (compile: 4ms, proxy.ts: 4ms, render: 48ms)
 GET / 200 in 50ms (compile: 3ms, proxy.ts: 4ms, render: 43ms)
 GET / 200 in 34ms (compile: 3ms, proxy.ts: 6ms, render: 25ms)
 GET / 200 in 47ms (compile: 4ms, proxy.ts: 4ms, render: 39ms)
 GET / 200 in 48ms (compile: 3ms, proxy.ts: 5ms, render: 40ms)
 GET / 200 in 34ms (compile: 4ms, proxy.ts: 5ms, render: 25ms)
 GET / 200 in 63ms (compile: 4ms, proxy.ts: 5ms, render: 54ms)
 GET / 200 in 59ms (compile: 4ms, proxy.ts: 5ms, render: 50ms)
 GET / 200 in 60ms (compile: 3ms, proxy.ts: 5ms, render: 52ms)
 GET / 200 in 59ms (compile: 3ms, proxy.ts: 7ms, render: 49ms)
 GET / 200 in 58ms (compile: 3ms, proxy.ts: 6ms, render: 48ms)
 GET / 200 in 54ms (compile: 4ms, proxy.ts: 4ms, render: 45ms)
 GET / 200 in 52ms (compile: 3ms, proxy.ts: 5ms, render: 45ms)
 GET / 200 in 36ms (compile: 3ms, proxy.ts: 6ms, render: 27ms)
 GET / 200 in 76ms (compile: 6ms, proxy.ts: 5ms, render: 64ms)
 GET / 200 in 84ms (compile: 4ms, proxy.ts: 5ms, render: 75ms)
 GET / 200 in 84ms (compile: 4ms, proxy.ts: 9ms, render: 70ms)
 GET / 200 in 72ms (compile: 11ms, proxy.ts: 7ms, render: 55ms)
 GET / 200 in 73ms (compile: 5ms, proxy.ts: 8ms, render: 60ms)
 GET / 200 in 68ms (compile: 4ms, proxy.ts: 8ms, render: 56ms)
 GET / 200 in 64ms (compile: 3ms, proxy.ts: 8ms, render: 53ms)
 GET / 200 in 61ms (compile: 4ms, proxy.ts: 7ms, render: 49ms)
 GET / 200 in 59ms (compile: 4ms, proxy.ts: 6ms, render: 49ms)
 GET / 200 in 55ms (compile: 6ms, proxy.ts: 5ms, render: 45ms)
 GET / 200 in 50ms (compile: 3ms, proxy.ts: 5ms, render: 42ms)
 GET / 200 in 48ms (compile: 3ms, proxy.ts: 5ms, render: 39ms)
 GET / 200 in 31ms (compile: 3ms, proxy.ts: 5ms, render: 24ms)
 GET / 200 in 49ms (compile: 5ms, proxy.ts: 6ms, render: 38ms)
 GET / 200 in 47ms (compile: 3ms, proxy.ts: 4ms, render: 40ms)
 GET / 200 in 57ms (compile: 3ms, proxy.ts: 6ms, render: 48ms)
 GET / 200 in 55ms (compile: 3ms, proxy.ts: 4ms, render: 48ms)
 GET / 200 in 31ms (compile: 3ms, proxy.ts: 4ms, render: 24ms)
 GET / 200 in 31ms (compile: 4ms, proxy.ts: 5ms, render: 21ms)
 GET / 200 in 28ms (compile: 3ms, proxy.ts: 4ms, render: 21ms)
 GET / 200 in 33ms (compile: 7ms, proxy.ts: 4ms, render: 22ms)
 GET / 200 in 28ms (compile: 3ms, proxy.ts: 4ms, render: 21ms)
 GET / 200 in 31ms (compile: 5ms, proxy.ts: 5ms, render: 21ms)
 GET / 200 in 30ms (compile: 3ms, proxy.ts: 6ms, render: 21ms)
 GET / 200 in 30ms (compile: 3ms, proxy.ts: 4ms, render: 22ms)
 GET / 200 in 48ms (compile: 3ms, proxy.ts: 5ms, render: 39ms)
 GET / 200 in 47ms (compile: 3ms, proxy.ts: 5ms, render: 40ms)
 GET / 200 in 31ms (compile: 3ms, proxy.ts: 6ms, render: 22ms)
 GET / 200 in 29ms (compile: 3ms, proxy.ts: 4ms, render: 23ms)
 GET / 200 in 31ms (compile: 5ms, proxy.ts: 5ms, render: 21ms)
 GET / 200 in 27ms (compile: 3ms, proxy.ts: 4ms, render: 20ms)
 GET / 200 in 38ms (compile: 5ms, proxy.ts: 4ms, render: 30ms)
 GET / 200 in 53ms (compile: 3ms, proxy.ts: 4ms, render: 46ms)
 GET / 200 in 57ms (compile: 5ms, proxy.ts: 10ms, render: 42ms)
 GET / 200 in 31ms (compile: 3ms, proxy.ts: 7ms, render: 21ms)
 GET / 200 in 30ms (compile: 4ms, proxy.ts: 4ms, render: 22ms)
 GET / 200 in 29ms (compile: 3ms, proxy.ts: 6ms, render: 20ms)
 GET / 200 in 29ms (compile: 3ms, proxy.ts: 4ms, render: 21ms)
 GET / 200 in 32ms (compile: 6ms, proxy.ts: 6ms, render: 21ms)
 GET / 200 in 28ms (compile: 3ms, proxy.ts: 4ms, render: 21ms)
 GET / 200 in 48ms (compile: 5ms, proxy.ts: 4ms, render: 39ms)
 GET / 200 in 31ms (compile: 3ms, proxy.ts: 5ms, render: 23ms)
 GET / 200 in 22ms (compile: 5ms, proxy.ts: 4ms, render: 12ms)
 GET /api/badges/verify 200 in 530ms (compile: 131ms, proxy.ts: 4ms, render: 395ms)
 GET /api/test-streaks 200 in 108ms (compile: 101ms, proxy.ts: 3ms, render: 4ms)
 GET /api/schema-check 200 in 5.8s (compile: 19ms, proxy.ts: 6ms, render: 5.8s)
 GET /api/verify-debt-trajectory 200 in 231ms (compile: 128ms, proxy.ts: 4ms, render: 99ms)
 GET /test-debt-trajectory 200 in 643ms (compile: 507ms, proxy.ts: 4ms, render: 132ms)
 GET /test-debt-trajectory 200 in 49ms (compile: 4ms, proxy.ts: 6ms, render: 39ms)
 GET /api/verify-dashboard-kpis 200 in 656ms (compile: 115ms, proxy.ts: 4ms, render: 537ms)
 GET /api/verify-dashboard-kpis 200 in 806ms (compile: 4ms, proxy.ts: 6ms, render: 796ms)
 GET /test-debt-trajectory 200 in 165ms (compile: 61ms, proxy.ts: 65ms, render: 39ms)
 GET /test-debt-trajectory 200 in 55ms (compile: 14ms, proxy.ts: 7ms, render: 34ms)
 GET /test-debt-trajectory 200 in 98ms (compile: 6ms, proxy.ts: 6ms, render: 86ms)
 GET /test-debt-trajectory 200 in 73ms (compile: 4ms, proxy.ts: 8ms, render: 61ms)
 GET /test-debt-trajectory 200 in 37ms (compile: 7ms, proxy.ts: 6ms, render: 25ms)
 GET /test-debt-trajectory 200 in 38ms (compile: 10ms, proxy.ts: 5ms, render: 24ms)
 GET /test-debt-trajectory 200 in 36ms (compile: 5ms, proxy.ts: 7ms, render: 25ms)
 GET /test-debt-trajectory 200 in 31ms (compile: 4ms, proxy.ts: 5ms, render: 22ms)
 GET /test-debt-trajectory 200 in 30ms (compile: 5ms, proxy.ts: 4ms, render: 21ms)
 GET /test-debt-trajectory 200 in 28ms (compile: 4ms, proxy.ts: 6ms, render: 18ms)
 GET /test-debt-trajectory 200 in 31ms (compile: 4ms, proxy.ts: 5ms, render: 23ms)
 GET /test-debt-trajectory 200 in 31ms (compile: 3ms, proxy.ts: 8ms, render: 19ms)
 GET /test-debt-trajectory 200 in 31ms (compile: 4ms, proxy.ts: 4ms, render: 23ms)
 GET /test-debt-trajectory 200 in 46ms (compile: 4ms, proxy.ts: 7ms, render: 35ms)
 GET /test-debt-trajectory 200 in 26ms (compile: 3ms, proxy.ts: 4ms, render: 19ms)
 GET /test-debt-trajectory 200 in 24ms (compile: 4ms, proxy.ts: 4ms, render: 16ms)
 GET /test-debt-trajectory 200 in 33ms (compile: 3ms, proxy.ts: 5ms, render: 24ms)
 GET /test-debt-trajectory 200 in 29ms (compile: 3ms, proxy.ts: 4ms, render: 22ms)
 GET /test-debt-trajectory 200 in 25ms (compile: 4ms, proxy.ts: 6ms, render: 15ms)
 GET /test-debt-trajectory 200 in 25ms (compile: 2ms, proxy.ts: 4ms, render: 18ms)
 GET /test-debt-trajectory 200 in 23ms (compile: 3ms, proxy.ts: 3ms, render: 17ms)
 GET /test-debt-trajectory 200 in 47ms (compile: 5ms, proxy.ts: 5ms, render: 37ms)
 GET /test-debt-trajectory 200 in 50ms (compile: 3ms, proxy.ts: 5ms, render: 42ms)
 GET /test-debt-trajectory 200 in 29ms (compile: 3ms, proxy.ts: 4ms, render: 21ms)
 GET /test-debt-trajectory 200 in 20ms (compile: 3ms, proxy.ts: 4ms, render: 13ms)
 GET /test-debt-trajectory 200 in 27ms (compile: 2ms, proxy.ts: 4ms, render: 21ms)
 GET /test-debt-trajectory 200 in 25ms (compile: 4ms, proxy.ts: 4ms, render: 17ms)
 GET /test-debt-trajectory 200 in 45ms (compile: 3ms, proxy.ts: 5ms, render: 38ms)
 GET /test-debt-trajectory 200 in 43ms (compile: 2ms, proxy.ts: 3ms, render: 37ms)
 GET /test-debt-trajectory 200 in 25ms (compile: 2ms, proxy.ts: 4ms, render: 18ms)
 GET /test-debt-trajectory 200 in 25ms (compile: 2ms, proxy.ts: 5ms, render: 17ms)
 GET /test-debt-trajectory 200 in 23ms (compile: 3ms, proxy.ts: 4ms, render: 16ms)
 GET /test-debt-trajectory 200 in 29ms (compile: 3ms, proxy.ts: 6ms, render: 20ms)
 GET /test-debt-trajectory 200 in 42ms (compile: 3ms, proxy.ts: 4ms, render: 35ms)
 GET /test-debt-trajectory 200 in 29ms (compile: 3ms, proxy.ts: 5ms, render: 22ms)
 GET /test-debt-trajectory 200 in 45ms (compile: 4ms, proxy.ts: 4ms, render: 36ms)
 GET /test-debt-trajectory 200 in 29ms (compile: 3ms, proxy.ts: 5ms, render: 20ms)
 GET /test-debt-trajectory 200 in 25ms (compile: 4ms, proxy.ts: 4ms, render: 17ms)
 GET /test-debt-trajectory 200 in 27ms (compile: 3ms, proxy.ts: 6ms, render: 18ms)
 GET /test-debt-trajectory 200 in 25ms (compile: 3ms, proxy.ts: 3ms, render: 19ms)
 GET /test-debt-trajectory 200 in 31ms (compile: 3ms, proxy.ts: 4ms, render: 23ms)
 GET /test-debt-trajectory 200 in 56ms (compile: 3ms, proxy.ts: 7ms, render: 46ms)
 GET /test-debt-trajectory 200 in 30ms (compile: 3ms, proxy.ts: 8ms, render: 19ms)
 GET /test-debt-trajectory 200 in 24ms (compile: 3ms, proxy.ts: 4ms, render: 17ms)
 GET /test-debt-trajectory 200 in 30ms (compile: 4ms, proxy.ts: 3ms, render: 23ms)
 GET /test-debt-trajectory 200 in 26ms (compile: 3ms, proxy.ts: 6ms, render: 17ms)
 GET /test-debt-trajectory 200 in 27ms (compile: 3ms, proxy.ts: 3ms, render: 20ms)
 GET /test-debt-trajectory 200 in 30ms (compile: 5ms, proxy.ts: 5ms, render: 21ms)
 GET /test-debt-trajectory 200 in 27ms (compile: 3ms, proxy.ts: 8ms, render: 17ms)
 GET /test-debt-trajectory 200 in 25ms (compile: 3ms, proxy.ts: 4ms, render: 18ms)
 GET /test-debt-trajectory 200 in 29ms (compile: 3ms, proxy.ts: 6ms, render: 20ms)
 GET /test-debt-trajectory 200 in 35ms (compile: 3ms, proxy.ts: 6ms, render: 26ms)
 GET /test-debt-trajectory 200 in 29ms (compile: 5ms, proxy.ts: 6ms, render: 18ms)
 GET /test-debt-trajectory 200 in 33ms (compile: 2ms, proxy.ts: 4ms, render: 27ms)
 GET /test-debt-trajectory 200 in 27ms (compile: 4ms, proxy.ts: 5ms, render: 18ms)
 GET /test-debt-trajectory 200 in 24ms (compile: 3ms, proxy.ts: 4ms, render: 18ms)
 GET /test-debt-trajectory 200 in 24ms (compile: 3ms, proxy.ts: 4ms, render: 17ms)
 GET /test-debt-trajectory 200 in 27ms (compile: 3ms, proxy.ts: 4ms, render: 20ms)
 GET /test-debt-trajectory 200 in 27ms (compile: 6ms, proxy.ts: 5ms, render: 16ms)
 GET /test-debt-trajectory 200 in 44ms (compile: 6ms, proxy.ts: 5ms, render: 33ms)
 GET /test-debt-trajectory 200 in 26ms (compile: 3ms, proxy.ts: 4ms, render: 19ms)
 GET /test-debt-trajectory 200 in 26ms (compile: 5ms, proxy.ts: 4ms, render: 17ms)
 GET /test-debt-trajectory 200 in 25ms (compile: 2ms, proxy.ts: 5ms, render: 18ms)
 GET /test-debt-trajectory 200 in 30ms (compile: 3ms, proxy.ts: 7ms, render: 20ms)
 GET /test-debt-trajectory 200 in 25ms (compile: 3ms, proxy.ts: 5ms, render: 17ms)
 GET /test-debt-trajectory 200 in 32ms (compile: 2ms, proxy.ts: 5ms, render: 25ms)
 GET /test-debt-trajectory 200 in 27ms (compile: 4ms, proxy.ts: 3ms, render: 19ms)
 GET /test-debt-trajectory 200 in 28ms (compile: 3ms, proxy.ts: 6ms, render: 19ms)
 GET /test-debt-trajectory 200 in 29ms (compile: 4ms, proxy.ts: 4ms, render: 21ms)
 GET /test-debt-trajectory 200 in 43ms (compile: 5ms, proxy.ts: 4ms, render: 33ms)
 GET /test-debt-trajectory 200 in 25ms (compile: 3ms, proxy.ts: 5ms, render: 18ms)
 GET /test-debt-trajectory 200 in 28ms (compile: 3ms, proxy.ts: 4ms, render: 21ms)
 GET /test-debt-trajectory 200 in 29ms (compile: 5ms, proxy.ts: 5ms, render: 19ms)
 GET /test-debt-trajectory 200 in 27ms (compile: 3ms, proxy.ts: 5ms, render: 19ms)
 GET /test-debt-trajectory 200 in 44ms (compile: 3ms, proxy.ts: 4ms, render: 37ms)
 GET /test-debt-trajectory 200 in 46ms (compile: 5ms, proxy.ts: 4ms, render: 38ms)
 GET /test-debt-trajectory 200 in 26ms (compile: 3ms, proxy.ts: 4ms, render: 19ms)
 GET /test-debt-trajectory 200 in 58ms (compile: 5ms, proxy.ts: 4ms, render: 49ms)
 GET /test-debt-trajectory 200 in 33ms (compile: 3ms, proxy.ts: 5ms, render: 25ms)
 GET /test-debt-trajectory 200 in 26ms (compile: 3ms, proxy.ts: 5ms, render: 19ms)
 GET /test-debt-trajectory 200 in 99ms (compile: 3ms, proxy.ts: 3ms, render: 92ms)
 GET /test-debt-trajectory 200 in 33ms (compile: 4ms, proxy.ts: 6ms, render: 23ms)
 GET /test-debt-trajectory 200 in 26ms (compile: 4ms, proxy.ts: 4ms, render: 18ms)
 GET /test-debt-trajectory 200 in 24ms (compile: 4ms, proxy.ts: 4ms, render: 16ms)
 GET /test-debt-trajectory 200 in 41ms (compile: 3ms, proxy.ts: 6ms, render: 32ms)
 GET /test-debt-trajectory 200 in 22ms (compile: 2ms, proxy.ts: 4ms, render: 16ms)
 GET /test-debt-trajectory 200 in 30ms (compile: 3ms, proxy.ts: 4ms, render: 23ms)
 GET /test-debt-trajectory 200 in 24ms (compile: 3ms, proxy.ts: 5ms, render: 15ms)
 GET /test-debt-trajectory 200 in 26ms (compile: 2ms, proxy.ts: 5ms, render: 19ms)
 GET /test-debt-trajectory 200 in 26ms (compile: 3ms, proxy.ts: 4ms, render: 19ms)
 GET /test-debt-trajectory 200 in 44ms (compile: 4ms, proxy.ts: 4ms, render: 36ms)
 GET /test-debt-trajectory 200 in 29ms (compile: 3ms, proxy.ts: 5ms, render: 21ms)
 GET /test-debt-trajectory 200 in 26ms (compile: 3ms, proxy.ts: 4ms, render: 19ms)
 GET /test-debt-trajectory 200 in 45ms (compile: 5ms, proxy.ts: 4ms, render: 37ms)
 GET /test-debt-trajectory 200 in 27ms (compile: 3ms, proxy.ts: 5ms, render: 19ms)
 GET /test-debt-trajectory 200 in 27ms (compile: 3ms, proxy.ts: 5ms, render: 19ms)
 GET /test-debt-trajectory 200 in 28ms (compile: 5ms, proxy.ts: 4ms, render: 18ms)
 GET /test-debt-trajectory 200 in 33ms (compile: 3ms, proxy.ts: 5ms, render: 25ms)
 GET /test-debt-trajectory 200 in 29ms (compile: 4ms, proxy.ts: 4ms, render: 20ms)
 GET /test-debt-trajectory 200 in 50ms (compile: 3ms, proxy.ts: 5ms, render: 42ms)
 GET /test-debt-trajectory 200 in 29ms (compile: 3ms, proxy.ts: 4ms, render: 23ms)
 GET /test-debt-trajectory 200 in 25ms (compile: 3ms, proxy.ts: 4ms, render: 18ms)
 GET /test-debt-trajectory 200 in 26ms (compile: 3ms, proxy.ts: 5ms, render: 19ms)
 GET /test-debt-trajectory 200 in 27ms (compile: 4ms, proxy.ts: 5ms, render: 18ms)
 GET /test-debt-trajectory 200 in 43ms (compile: 3ms, proxy.ts: 4ms, render: 35ms)
 GET /test-debt-trajectory 200 in 42ms (compile: 2ms, proxy.ts: 4ms, render: 36ms)
 GET /test-debt-trajectory 200 in 27ms (compile: 4ms, proxy.ts: 4ms, render: 19ms)
 GET /test-debt-trajectory 200 in 25ms (compile: 2ms, proxy.ts: 4ms, render: 18ms)
 GET /test-debt-trajectory 200 in 21ms (compile: 3ms, proxy.ts: 4ms, render: 14ms)
 GET /test-debt-trajectory 200 in 27ms (compile: 2ms, proxy.ts: 4ms, render: 21ms)
 GET /test-debt-trajectory 200 in 30ms (compile: 4ms, proxy.ts: 6ms, render: 19ms)
 GET /test-debt-trajectory 200 in 28ms (compile: 3ms, proxy.ts: 5ms, render: 20ms)
 GET /test-debt-trajectory 200 in 29ms (compile: 3ms, proxy.ts: 4ms, render: 22ms)
 GET /test-debt-trajectory 200 in 25ms (compile: 3ms, proxy.ts: 6ms, render: 16ms)
 GET /test-debt-trajectory 200 in 37ms (compile: 2ms, proxy.ts: 5ms, render: 29ms)
 GET /test-debt-trajectory 200 in 24ms (compile: 2ms, proxy.ts: 5ms, render: 16ms)
 GET /test-debt-trajectory 200 in 26ms (compile: 3ms, proxy.ts: 3ms, render: 20ms)
 GET /test-debt-trajectory 200 in 26ms (compile: 3ms, proxy.ts: 4ms, render: 19ms)
 GET /test-debt-trajectory 200 in 25ms (compile: 4ms, proxy.ts: 4ms, render: 16ms)
 GET /test-debt-trajectory 200 in 27ms (compile: 3ms, proxy.ts: 6ms, render: 18ms)
 GET /test-debt-trajectory 200 in 27ms (compile: 3ms, proxy.ts: 5ms, render: 19ms)
 GET /test-debt-trajectory 200 in 29ms (compile: 5ms, proxy.ts: 5ms, render: 19ms)
 GET /test-debt-trajectory 200 in 26ms (compile: 3ms, proxy.ts: 6ms, render: 17ms)
 GET /test-debt-trajectory 200 in 26ms (compile: 3ms, proxy.ts: 3ms, render: 20ms)
 GET /test-debt-trajectory 200 in 28ms (compile: 3ms, proxy.ts: 4ms, render: 21ms)
 GET /test-debt-trajectory 200 in 26ms (compile: 4ms, proxy.ts: 5ms, render: 16ms)
 GET /test-debt-trajectory 200 in 25ms (compile: 2ms, proxy.ts: 4ms, render: 19ms)
 GET /test-debt-trajectory 200 in 26ms (compile: 3ms, proxy.ts: 4ms, render: 19ms)
 GET /test-debt-trajectory 200 in 29ms (compile: 7ms, proxy.ts: 4ms, render: 18ms)
 GET /test-debt-trajectory 200 in 26ms (compile: 4ms, proxy.ts: 4ms, render: 18ms)
 GET /test-debt-trajectory 200 in 32ms (compile: 4ms, proxy.ts: 4ms, render: 25ms)
 GET /test-debt-trajectory 200 in 24ms (compile: 3ms, proxy.ts: 3ms, render: 18ms)
 GET /test-debt-trajectory 200 in 25ms (compile: 3ms, proxy.ts: 4ms, render: 17ms)
 GET /test-debt-trajectory 200 in 26ms (compile: 4ms, proxy.ts: 4ms, render: 18ms)
 GET /test-debt-trajectory 200 in 25ms (compile: 3ms, proxy.ts: 6ms, render: 17ms)
 GET /test-debt-trajectory 200 in 40ms (compile: 3ms, proxy.ts: 4ms, render: 33ms)
 GET /test-debt-trajectory 200 in 28ms (compile: 3ms, proxy.ts: 5ms, render: 20ms)
 GET /test-debt-trajectory 200 in 29ms (compile: 5ms, proxy.ts: 5ms, render: 19ms)
 GET /test-debt-trajectory 200 in 27ms (compile: 3ms, proxy.ts: 5ms, render: 19ms)
 GET /test-debt-trajectory 200 in 25ms (compile: 3ms, proxy.ts: 5ms, render: 17ms)
 GET /test-debt-trajectory 200 in 29ms (compile: 3ms, proxy.ts: 7ms, render: 19ms)
 GET /test-debt-trajectory 200 in 24ms (compile: 3ms, proxy.ts: 5ms, render: 16ms)
 GET /test-debt-trajectory 200 in 25ms (compile: 3ms, proxy.ts: 4ms, render: 19ms)
 GET /test-debt-trajectory 200 in 31ms (compile: 3ms, proxy.ts: 6ms, render: 21ms)
 GET /test-debt-trajectory 200 in 27ms (compile: 3ms, proxy.ts: 6ms, render: 18ms)
 GET /test-debt-trajectory 200 in 29ms (compile: 4ms, proxy.ts: 4ms, render: 21ms)
 GET /test-debt-trajectory 200 in 39ms (compile: 4ms, proxy.ts: 6ms, render: 29ms)
 GET /test-debt-trajectory 200 in 29ms (compile: 5ms, proxy.ts: 5ms, render: 19ms)
 GET /test-debt-trajectory 200 in 26ms (compile: 3ms, proxy.ts: 6ms, render: 17ms)
 GET /test-debt-trajectory 200 in 25ms (compile: 3ms, proxy.ts: 3ms, render: 19ms)
 GET /test-debt-trajectory 200 in 27ms (compile: 3ms, proxy.ts: 4ms, render: 20ms)
 GET /test-debt-trajectory 200 in 29ms (compile: 4ms, proxy.ts: 5ms, render: 20ms)
 GET /test-debt-trajectory 200 in 40ms (compile: 3ms, proxy.ts: 4ms, render: 34ms)
 GET /test-debt-trajectory 200 in 30ms (compile: 3ms, proxy.ts: 3ms, render: 24ms)
 GET /test-debt-trajectory 200 in 27ms (compile: 3ms, proxy.ts: 6ms, render: 19ms)
 GET /test-debt-trajectory 200 in 35ms (compile: 3ms, proxy.ts: 4ms, render: 28ms)
 GET /test-debt-trajectory 200 in 30ms (compile: 3ms, proxy.ts: 6ms, render: 21ms)
 GET /test-debt-trajectory 200 in 36ms (compile: 3ms, proxy.ts: 6ms, render: 27ms)
 GET /test-debt-trajectory 200 in 49ms (compile: 4ms, proxy.ts: 8ms, render: 37ms)
 GET /test-debt-trajectory 200 in 55ms (compile: 4ms, proxy.ts: 7ms, render: 44ms)
 GET /test-debt-trajectory 200 in 41ms (compile: 6ms, proxy.ts: 7ms, render: 28ms)
 GET /test-debt-trajectory 200 in 28ms (compile: 3ms, proxy.ts: 4ms, render: 21ms)
 GET /test-debt-trajectory 200 in 60ms (compile: 4ms, proxy.ts: 5ms, render: 50ms)
 GET /test-debt-trajectory 200 in 29ms (compile: 5ms, proxy.ts: 4ms, render: 20ms)
 GET /test-debt-trajectory 200 in 34ms (compile: 4ms, proxy.ts: 6ms, render: 24ms)
 GET /test-debt-trajectory 200 in 31ms (compile: 6ms, proxy.ts: 6ms, render: 19ms)
 GET /test-debt-trajectory 200 in 30ms (compile: 3ms, proxy.ts: 6ms, render: 21ms)
 GET /test-debt-trajectory 200 in 51ms (compile: 5ms, proxy.ts: 5ms, render: 41ms)
 GET /test-debt-trajectory 200 in 25ms (compile: 3ms, proxy.ts: 5ms, render: 18ms)
 GET /test-debt-trajectory 200 in 25ms (compile: 2ms, proxy.ts: 4ms, render: 19ms)
 GET /test-debt-trajectory 200 in 29ms (compile: 5ms, proxy.ts: 5ms, render: 19ms)
 GET /test-debt-trajectory 200 in 46ms (compile: 3ms, proxy.ts: 5ms, render: 38ms)
 GET /test-debt-trajectory 200 in 30ms (compile: 6ms, proxy.ts: 5ms, render: 20ms)
 GET /test-debt-trajectory 200 in 33ms (compile: 5ms, proxy.ts: 6ms, render: 22ms)
 GET /test-debt-trajectory 200 in 35ms (compile: 3ms, proxy.ts: 4ms, render: 28ms)
 GET /test-debt-trajectory 200 in 36ms (compile: 4ms, proxy.ts: 9ms, render: 23ms)
 GET /test-debt-trajectory 200 in 29ms (compile: 2ms, proxy.ts: 7ms, render: 20ms)
 GET /test-debt-trajectory 200 in 24ms (compile: 4ms, proxy.ts: 4ms, render: 17ms)
 GET /test-debt-trajectory 200 in 36ms (compile: 4ms, proxy.ts: 7ms, render: 26ms)
 GET /test-debt-trajectory 200 in 23ms (compile: 3ms, proxy.ts: 4ms, render: 17ms)
 GET /test-debt-trajectory 200 in 26ms (compile: 3ms, proxy.ts: 6ms, render: 18ms)
 GET /test-debt-trajectory 200 in 29ms (compile: 3ms, proxy.ts: 4ms, render: 22ms)
 GET /test-debt-trajectory 200 in 46ms (compile: 4ms, proxy.ts: 7ms, render: 35ms)
 GET /test-debt-trajectory 200 in 28ms (compile: 2ms, proxy.ts: 5ms, render: 21ms)
 GET /test-debt-trajectory 200 in 27ms (compile: 3ms, proxy.ts: 4ms, render: 20ms)
 GET /test-debt-trajectory 200 in 28ms (compile: 4ms, proxy.ts: 5ms, render: 19ms)
 GET /test-debt-trajectory 200 in 33ms (compile: 3ms, proxy.ts: 6ms, render: 24ms)
 GET /test-debt-trajectory 200 in 30ms (compile: 3ms, proxy.ts: 5ms, render: 21ms)
 GET /test-debt-trajectory 200 in 24ms (compile: 4ms, proxy.ts: 4ms, render: 16ms)
 GET /test-debt-trajectory 200 in 22ms (compile: 3ms, proxy.ts: 4ms, render: 15ms)
 GET /test-debt-trajectory 200 in 24ms (compile: 2ms, proxy.ts: 4ms, render: 18ms)
 GET /test-debt-trajectory 200 in 24ms (compile: 3ms, proxy.ts: 3ms, render: 17ms)
 GET /test-debt-trajectory 200 in 29ms (compile: 3ms, proxy.ts: 6ms, render: 20ms)
 GET /test-debt-trajectory 200 in 27ms (compile: 3ms, proxy.ts: 4ms, render: 20ms)
 GET /test-debt-trajectory 200 in 34ms (compile: 3ms, proxy.ts: 4ms, render: 27ms)
 GET /test-debt-trajectory 200 in 24ms (compile: 3ms, proxy.ts: 4ms, render: 18ms)
 GET /test-debt-trajectory 200 in 30ms (compile: 3ms, proxy.ts: 4ms, render: 23ms)
 GET /test-debt-trajectory 200 in 31ms (compile: 3ms, proxy.ts: 7ms, render: 21ms)
 GET /test-debt-trajectory 200 in 28ms (compile: 4ms, proxy.ts: 5ms, render: 19ms)
 GET /test-debt-trajectory 200 in 26ms (compile: 3ms, proxy.ts: 6ms, render: 18ms)
 GET /test-debt-trajectory 200 in 23ms (compile: 3ms, proxy.ts: 4ms, render: 16ms)
 GET /test-debt-trajectory 200 in 28ms (compile: 3ms, proxy.ts: 5ms, render: 20ms)
 GET /test-debt-trajectory 200 in 28ms (compile: 4ms, proxy.ts: 6ms, render: 18ms)
 GET /test-debt-trajectory 200 in 30ms (compile: 3ms, proxy.ts: 5ms, render: 22ms)
 GET /test-debt-trajectory 200 in 31ms (compile: 4ms, proxy.ts: 6ms, render: 22ms)
 GET /test-debt-trajectory 200 in 29ms (compile: 3ms, proxy.ts: 5ms, render: 21ms)
 GET /test-debt-trajectory 200 in 29ms (compile: 5ms, proxy.ts: 4ms, render: 20ms)
 GET /test-debt-trajectory 200 in 28ms (compile: 4ms, proxy.ts: 6ms, render: 19ms)
 GET /test-debt-trajectory 200 in 24ms (compile: 3ms, proxy.ts: 4ms, render: 16ms)
 GET /test-debt-trajectory 200 in 29ms (compile: 3ms, proxy.ts: 7ms, render: 19ms)
 GET /test-debt-trajectory 200 in 34ms (compile: 3ms, proxy.ts: 4ms, render: 26ms)
 GET /test-debt-trajectory 200 in 28ms (compile: 3ms, proxy.ts: 5ms, render: 20ms)
 GET /test-debt-trajectory 200 in 29ms (compile: 3ms, proxy.ts: 4ms, render: 21ms)
 GET /test-debt-trajectory 200 in 46ms (compile: 5ms, proxy.ts: 5ms, render: 35ms)
 GET /test-debt-trajectory 200 in 29ms (compile: 3ms, proxy.ts: 4ms, render: 22ms)
 GET /test-debt-trajectory 200 in 32ms (compile: 6ms, proxy.ts: 5ms, render: 21ms)
 GET /test-debt-trajectory 200 in 29ms (compile: 4ms, proxy.ts: 7ms, render: 19ms)
 GET /test-debt-trajectory 200 in 30ms (compile: 3ms, proxy.ts: 5ms, render: 21ms)
 GET /test-debt-trajectory 200 in 32ms (compile: 5ms, proxy.ts: 7ms, render: 21ms)
 GET /test-debt-trajectory 200 in 27ms (compile: 4ms, proxy.ts: 5ms, render: 18ms)
 GET /test-debt-trajectory 200 in 26ms (compile: 2ms, proxy.ts: 7ms, render: 17ms)
 GET /test-debt-trajectory 200 in 43ms (compile: 3ms, proxy.ts: 6ms, render: 34ms)
 GET /test-debt-trajectory 200 in 23ms (compile: 1765µs, proxy.ts: 3ms, render: 19ms)
 GET /test-debt-trajectory 200 in 24ms (compile: 4ms, proxy.ts: 3ms, render: 17ms)
 GET /test-debt-trajectory 200 in 24ms (compile: 4ms, proxy.ts: 4ms, render: 16ms)
 GET /test-debt-trajectory 200 in 25ms (compile: 2ms, proxy.ts: 6ms, render: 17ms)
 GET /test-debt-trajectory 200 in 33ms (compile: 3ms, proxy.ts: 4ms, render: 26ms)
 GET /test-debt-trajectory 200 in 24ms (compile: 4ms, proxy.ts: 4ms, render: 17ms)
 GET /test-debt-trajectory 200 in 26ms (compile: 3ms, proxy.ts: 5ms, render: 17ms)
 GET /test-debt-trajectory 200 in 22ms (compile: 2ms, proxy.ts: 3ms, render: 16ms)
 GET /test-debt-trajectory 200 in 22ms (compile: 3ms, proxy.ts: 3ms, render: 16ms)
 GET /test-debt-trajectory 200 in 21ms (compile: 3ms, proxy.ts: 3ms, render: 16ms)
 GET /test-debt-trajectory 200 in 24ms (compile: 3ms, proxy.ts: 3ms, render: 18ms)
 GET /test-debt-trajectory 200 in 25ms (compile: 4ms, proxy.ts: 3ms, render: 17ms)
 GET /test-debt-trajectory 200 in 37ms (compile: 4ms, proxy.ts: 3ms, render: 30ms)
 GET /test-debt-trajectory 200 in 42ms (compile: 2ms, proxy.ts: 6ms, render: 34ms)
 GET /test-debt-trajectory 200 in 25ms (compile: 3ms, proxy.ts: 4ms, render: 18ms)
 GET /test-debt-trajectory 200 in 22ms (compile: 2ms, proxy.ts: 3ms, render: 16ms)
 GET /test-debt-trajectory 200 in 21ms (compile: 2ms, proxy.ts: 3ms, render: 16ms)
 GET /test-debt-trajectory 200 in 21ms (compile: 2ms, proxy.ts: 3ms, render: 16ms)
 GET /test-debt-trajectory 200 in 25ms (compile: 3ms, proxy.ts: 4ms, render: 18ms)
 GET /test-debt-trajectory 200 in 21ms (compile: 5ms, proxy.ts: 4ms, render: 13ms)
 GET /test-debt-trajectory 200 in 57ms (compile: 2ms, proxy.ts: 5ms, render: 50ms)
 GET /test-debt-trajectory 200 in 34ms (compile: 4ms, proxy.ts: 7ms, render: 22ms)
 GET /test-debt-trajectory 200 in 25ms (compile: 3ms, proxy.ts: 4ms, render: 18ms)
 GET /test-debt-trajectory 200 in 34ms (compile: 3ms, proxy.ts: 7ms, render: 24ms)
 GET /test-debt-trajectory 200 in 28ms (compile: 6ms, proxy.ts: 5ms, render: 17ms)
 GET /test-debt-trajectory 200 in 31ms (compile: 3ms, proxy.ts: 6ms, render: 22ms)
 GET /test-debt-trajectory 200 in 27ms (compile: 4ms, proxy.ts: 5ms, render: 18ms)
 GET /test-debt-trajectory 200 in 26ms (compile: 5ms, proxy.ts: 4ms, render: 17ms)
 GET /test-debt-trajectory 200 in 28ms (compile: 3ms, proxy.ts: 5ms, render: 20ms)
 GET /test-debt-trajectory 200 in 28ms (compile: 3ms, proxy.ts: 4ms, render: 20ms)
 GET /test-debt-trajectory 200 in 30ms (compile: 5ms, proxy.ts: 5ms, render: 20ms)
 GET /test-debt-trajectory 200 in 25ms (compile: 3ms, proxy.ts: 4ms, render: 18ms)
 GET /test-debt-trajectory 200 in 30ms (compile: 2ms, proxy.ts: 5ms, render: 22ms)
 GET /test-debt-trajectory 200 in 31ms (compile: 4ms, proxy.ts: 8ms, render: 19ms)
 GET /test-debt-trajectory 200 in 30ms (compile: 3ms, proxy.ts: 5ms, render: 22ms)
 GET /test-debt-trajectory 200 in 31ms (compile: 5ms, proxy.ts: 7ms, render: 19ms)
 GET /test-debt-trajectory 200 in 35ms (compile: 4ms, proxy.ts: 5ms, render: 27ms)
 GET /test-debt-trajectory 200 in 25ms (compile: 3ms, proxy.ts: 3ms, render: 18ms)
 GET /test-debt-trajectory 200 in 30ms (compile: 4ms, proxy.ts: 6ms, render: 20ms)
 GET /test-debt-trajectory 200 in 27ms (compile: 3ms, proxy.ts: 6ms, render: 17ms)
 GET /test-debt-trajectory 200 in 25ms (compile: 3ms, proxy.ts: 5ms, render: 18ms)
 GET /test-debt-trajectory 200 in 30ms (compile: 2ms, proxy.ts: 6ms, render: 21ms)
 GET /test-debt-trajectory 200 in 27ms (compile: 3ms, proxy.ts: 5ms, render: 19ms)
 GET /test-debt-trajectory 200 in 28ms (compile: 3ms, proxy.ts: 7ms, render: 18ms)
 GET /test-debt-trajectory 200 in 31ms (compile: 4ms, proxy.ts: 5ms, render: 22ms)
 GET /test-debt-trajectory 200 in 27ms (compile: 4ms, proxy.ts: 4ms, render: 18ms)
 GET /test-debt-trajectory 200 in 29ms (compile: 3ms, proxy.ts: 7ms, render: 19ms)
 GET /test-debt-trajectory 200 in 32ms (compile: 2ms, proxy.ts: 5ms, render: 24ms)
 GET /test-debt-trajectory 200 in 27ms (compile: 4ms, proxy.ts: 6ms, render: 17ms)
 GET /test-debt-trajectory 200 in 27ms (compile: 2ms, proxy.ts: 5ms, render: 20ms)
 GET /test-debt-trajectory 200 in 30ms (compile: 3ms, proxy.ts: 7ms, render: 20ms)
 GET /test-debt-trajectory 200 in 56ms (compile: 3ms, proxy.ts: 6ms, render: 47ms)
 GET /test-debt-trajectory 200 in 40ms (compile: 3ms, proxy.ts: 6ms, render: 32ms)
 GET /test-debt-trajectory 200 in 30ms (compile: 3ms, proxy.ts: 5ms, render: 22ms)
 GET /test-debt-trajectory 200 in 44ms (compile: 2ms, proxy.ts: 8ms, render: 33ms)
 GET /test-debt-trajectory 200 in 29ms (compile: 2ms, proxy.ts: 4ms, render: 23ms)
 GET /test-debt-trajectory 200 in 34ms (compile: 6ms, proxy.ts: 6ms, render: 22ms)
 GET /test-debt-trajectory 200 in 30ms (compile: 3ms, proxy.ts: 5ms, render: 22ms)
 GET /test-debt-trajectory 200 in 29ms (compile: 4ms, proxy.ts: 7ms, render: 18ms)
 GET /test-debt-trajectory 200 in 30ms (compile: 3ms, proxy.ts: 5ms, render: 23ms)
 GET /test-debt-trajectory 200 in 32ms (compile: 5ms, proxy.ts: 5ms, render: 22ms)
 GET /test-debt-trajectory 200 in 29ms (compile: 4ms, proxy.ts: 6ms, render: 19ms)
 GET /test-debt-trajectory 200 in 32ms (compile: 4ms, proxy.ts: 5ms, render: 23ms)
 GET /test-debt-trajectory 200 in 26ms (compile: 3ms, proxy.ts: 6ms, render: 17ms)
 GET /test-debt-trajectory 200 in 26ms (compile: 3ms, proxy.ts: 5ms, render: 17ms)
 GET /test-debt-trajectory 200 in 44ms (compile: 4ms, proxy.ts: 6ms, render: 34ms)
 GET /test-debt-trajectory 200 in 28ms (compile: 3ms, proxy.ts: 5ms, render: 20ms)
 GET /test-debt-trajectory 200 in 33ms (compile: 5ms, proxy.ts: 4ms, render: 23ms)
 GET /test-debt-trajectory 200 in 37ms (compile: 4ms, proxy.ts: 6ms, render: 26ms)
 GET /test-debt-trajectory 200 in 29ms (compile: 2ms, proxy.ts: 6ms, render: 20ms)
 GET /test-debt-trajectory 200 in 31ms (compile: 3ms, proxy.ts: 6ms, render: 22ms)
 GET /test-debt-trajectory 200 in 30ms (compile: 5ms, proxy.ts: 6ms, render: 18ms)
 GET /test-debt-trajectory 200 in 32ms (compile: 4ms, proxy.ts: 5ms, render: 23ms)
 GET /test-debt-trajectory 200 in 32ms (compile: 6ms, proxy.ts: 7ms, render: 20ms)
 GET /test-debt-trajectory 200 in 35ms (compile: 2ms, proxy.ts: 6ms, render: 26ms)
 GET /test-debt-trajectory 200 in 28ms (compile: 5ms, proxy.ts: 6ms, render: 16ms)
 GET /test-debt-trajectory 200 in 31ms (compile: 2ms, proxy.ts: 5ms, render: 23ms)
 GET /test-debt-trajectory 200 in 31ms (compile: 3ms, proxy.ts: 8ms, render: 19ms)
 GET /test-debt-trajectory 200 in 43ms (compile: 3ms, proxy.ts: 4ms, render: 37ms)
 GET /test-debt-trajectory 200 in 29ms (compile: 4ms, proxy.ts: 4ms, render: 20ms)
 GET /test-debt-trajectory 200 in 30ms (compile: 4ms, proxy.ts: 6ms, render: 19ms)
 GET /test-debt-trajectory 200 in 48ms (compile: 9ms, proxy.ts: 4ms, render: 34ms)
 GET /test-debt-trajectory 200 in 26ms (compile: 3ms, proxy.ts: 3ms, render: 20ms)
 GET /test-debt-trajectory 200 in 29ms (compile: 3ms, proxy.ts: 5ms, render: 21ms)
 GET /test-debt-trajectory 200 in 61ms (compile: 3ms, proxy.ts: 4ms, render: 53ms)
 GET /test-debt-trajectory 200 in 30ms (compile: 3ms, proxy.ts: 5ms, render: 23ms)
 GET /test-debt-trajectory 200 in 47ms (compile: 3ms, proxy.ts: 6ms, render: 38ms)
 GET /test-debt-trajectory 200 in 28ms (compile: 5ms, proxy.ts: 4ms, render: 19ms)
 GET /test-debt-trajectory 200 in 27ms (compile: 4ms, proxy.ts: 4ms, render: 19ms)
 GET /test-debt-trajectory 200 in 28ms (compile: 2ms, proxy.ts: 5ms, render: 20ms)
 GET /test-debt-trajectory 200 in 27ms (compile: 3ms, proxy.ts: 8ms, render: 15ms)
 GET /test-debt-trajectory 200 in 28ms (compile: 5ms, proxy.ts: 7ms, render: 16ms)
 GET /test-debt-trajectory 200 in 29ms (compile: 2ms, proxy.ts: 4ms, render: 23ms)
 GET /test-debt-trajectory 200 in 29ms (compile: 3ms, proxy.ts: 8ms, render: 18ms)
 GET /test-debt-trajectory 200 in 43ms (compile: 2ms, proxy.ts: 6ms, render: 35ms)
 GET /test-debt-trajectory 200 in 45ms (compile: 3ms, proxy.ts: 4ms, render: 37ms)
 GET /test-debt-trajectory 200 in 45ms (compile: 3ms, proxy.ts: 6ms, render: 37ms)
 GET /test-debt-trajectory 200 in 30ms (compile: 3ms, proxy.ts: 4ms, render: 23ms)
 GET /test-debt-trajectory 200 in 30ms (compile: 3ms, proxy.ts: 6ms, render: 20ms)
 GET /test-debt-trajectory 200 in 26ms (compile: 4ms, proxy.ts: 5ms, render: 17ms)
 GET /test-debt-trajectory 200 in 56ms (compile: 3ms, proxy.ts: 7ms, render: 45ms)
 GET /test-debt-trajectory 200 in 31ms (compile: 5ms, proxy.ts: 4ms, render: 21ms)
 GET /test-debt-trajectory 200 in 24ms (compile: 3ms, proxy.ts: 3ms, render: 17ms)
 GET /test-debt-trajectory 200 in 30ms (compile: 3ms, proxy.ts: 5ms, render: 22ms)
 GET /test-debt-trajectory 200 in 34ms (compile: 5ms, proxy.ts: 7ms, render: 22ms)
 GET /test-debt-trajectory 200 in 30ms (compile: 5ms, proxy.ts: 5ms, render: 20ms)
 GET /test-debt-trajectory 200 in 47ms (compile: 2ms, proxy.ts: 8ms, render: 37ms)
 GET /test-debt-trajectory 200 in 44ms (compile: 2ms, proxy.ts: 5ms, render: 37ms)
 GET /test-debt-trajectory 200 in 31ms (compile: 5ms, proxy.ts: 4ms, render: 22ms)
 GET /test-debt-trajectory 200 in 28ms (compile: 3ms, proxy.ts: 5ms, render: 19ms)
 GET /test-debt-trajectory 200 in 32ms (compile: 4ms, proxy.ts: 7ms, render: 21ms)
 GET /test-debt-trajectory 200 in 27ms (compile: 3ms, proxy.ts: 6ms, render: 18ms)
 GET /test-debt-trajectory 200 in 25ms (compile: 3ms, proxy.ts: 5ms, render: 18ms)
 GET /test-debt-trajectory 200 in 46ms (compile: 2ms, proxy.ts: 8ms, render: 36ms)
 GET /test-debt-trajectory 200 in 44ms (compile: 3ms, proxy.ts: 5ms, render: 36ms)
 GET /test-debt-trajectory 200 in 46ms (compile: 4ms, proxy.ts: 5ms, render: 36ms)
 GET /test-debt-trajectory 200 in 37ms (compile: 3ms, proxy.ts: 5ms, render: 28ms)
 GET /test-debt-trajectory 200 in 50ms (compile: 2ms, proxy.ts: 6ms, render: 41ms)
 GET /test-debt-trajectory 200 in 32ms (compile: 4ms, proxy.ts: 5ms, render: 23ms)
 GET /test-debt-trajectory 200 in 26ms (compile: 3ms, proxy.ts: 6ms, render: 17ms)
 GET /test-debt-trajectory 200 in 28ms (compile: 4ms, proxy.ts: 3ms, render: 21ms)
 GET /test-debt-trajectory 200 in 27ms (compile: 5ms, proxy.ts: 5ms, render: 17ms)
 GET /test-debt-trajectory 200 in 31ms (compile: 2ms, proxy.ts: 5ms, render: 23ms)
 GET /test-debt-trajectory 200 in 34ms (compile: 5ms, proxy.ts: 7ms, render: 22ms)
 GET /test-debt-trajectory 200 in 52ms (compile: 4ms, proxy.ts: 7ms, render: 41ms)
 GET /test-debt-trajectory 200 in 32ms (compile: 6ms, proxy.ts: 6ms, render: 21ms)
 GET /test-debt-trajectory 200 in 27ms (compile: 3ms, proxy.ts: 5ms, render: 20ms)
 GET /test-debt-trajectory 200 in 35ms (compile: 5ms, proxy.ts: 4ms, render: 25ms)
 GET /test-debt-trajectory 200 in 34ms (compile: 4ms, proxy.ts: 6ms, render: 24ms)
 GET /test-debt-trajectory 200 in 33ms (compile: 5ms, proxy.ts: 7ms, render: 21ms)
 GET /test-debt-trajectory 200 in 47ms (compile: 5ms, proxy.ts: 4ms, render: 37ms)
 GET /test-debt-trajectory 200 in 46ms (compile: 3ms, proxy.ts: 7ms, render: 36ms)
 GET /test-debt-trajectory 200 in 39ms (compile: 5ms, proxy.ts: 5ms, render: 30ms)
 GET /test-debt-trajectory 200 in 31ms (compile: 3ms, proxy.ts: 5ms, render: 23ms)
 GET /test-debt-trajectory 200 in 47ms (compile: 4ms, proxy.ts: 7ms, render: 36ms)
 GET /test-debt-trajectory 200 in 48ms (compile: 4ms, proxy.ts: 4ms, render: 40ms)
 GET /test-debt-trajectory 200 in 32ms (compile: 4ms, proxy.ts: 6ms, render: 22ms)
 GET /test-debt-trajectory 200 in 28ms (compile: 3ms, proxy.ts: 5ms, render: 20ms)
 GET /api/health 200 in 754ms (compile: 47ms, proxy.ts: 4ms, render: 703ms)
 GET /test-debt-trajectory 200 in 365ms (compile: 255ms, proxy.ts: 67ms, render: 42ms)
 GET /test-debt-trajectory 200 in 34ms (compile: 5ms, proxy.ts: 7ms, render: 21ms)
 GET /test-debt-trajectory 200 in 26ms (compile: 3ms, proxy.ts: 6ms, render: 17ms)
 GET /test-debt-trajectory 200 in 25ms (compile: 3ms, proxy.ts: 5ms, render: 16ms)
 GET /test-debt-trajectory 200 in 24ms (compile: 2ms, proxy.ts: 6ms, render: 16ms)
 GET /test-debt-trajectory 200 in 24ms (compile: 2ms, proxy.ts: 5ms, render: 17ms)
 GET /test-debt-trajectory 200 in 25ms (compile: 3ms, proxy.ts: 4ms, render: 18ms)
 GET /test-debt-trajectory 200 in 31ms (compile: 3ms, proxy.ts: 7ms, render: 21ms)
 GET /test-debt-trajectory 200 in 30ms (compile: 6ms, proxy.ts: 4ms, render: 19ms)
 GET /test-debt-trajectory 200 in 27ms (compile: 5ms, proxy.ts: 5ms, render: 17ms)
 GET /test-debt-trajectory 200 in 22ms (compile: 3ms, proxy.ts: 5ms, render: 15ms)
 GET /test-debt-trajectory 200 in 25ms (compile: 2ms, proxy.ts: 4ms, render: 18ms)
 GET /test-debt-trajectory 200 in 28ms (compile: 3ms, proxy.ts: 5ms, render: 20ms)
 GET /test-debt-trajectory 200 in 29ms (compile: 4ms, proxy.ts: 5ms, render: 19ms)
 GET /test-debt-trajectory 200 in 31ms (compile: 3ms, proxy.ts: 6ms, render: 22ms)
 GET /test-debt-trajectory 200 in 25ms (compile: 4ms, proxy.ts: 5ms, render: 17ms)
 GET /test-debt-trajectory 200 in 24ms (compile: 2ms, proxy.ts: 6ms, render: 16ms)
 GET /test-debt-trajectory 200 in 24ms (compile: 3ms, proxy.ts: 4ms, render: 17ms)
 GET /test-debt-trajectory 200 in 21ms (compile: 3ms, proxy.ts: 4ms, render: 15ms)
 GET /test-debt-trajectory 200 in 32ms (compile: 4ms, proxy.ts: 4ms, render: 24ms)
 GET /test-debt-trajectory 200 in 28ms (compile: 3ms, proxy.ts: 4ms, render: 21ms)
 GET /test-debt-trajectory 200 in 29ms (compile: 4ms, proxy.ts: 5ms, render: 20ms)
 GET /test-debt-trajectory 200 in 29ms (compile: 3ms, proxy.ts: 4ms, render: 22ms)
 GET /test-debt-trajectory 200 in 27ms (compile: 4ms, proxy.ts: 6ms, render: 17ms)
 GET /test-debt-trajectory 200 in 31ms (compile: 4ms, proxy.ts: 6ms, render: 21ms)
 GET /test-debt-trajectory 200 in 28ms (compile: 6ms, proxy.ts: 5ms, render: 18ms)
 GET /test-debt-trajectory 200 in 31ms (compile: 4ms, proxy.ts: 6ms, render: 21ms)
 GET /test-debt-trajectory 200 in 34ms (compile: 3ms, proxy.ts: 5ms, render: 26ms)
 GET /test-debt-trajectory 200 in 32ms (compile: 4ms, proxy.ts: 7ms, render: 21ms)
 GET /test-debt-trajectory 200 in 30ms (compile: 6ms, proxy.ts: 7ms, render: 17ms)
 GET /test-debt-trajectory 200 in 33ms (compile: 3ms, proxy.ts: 8ms, render: 22ms)
 GET /test-debt-trajectory 200 in 30ms (compile: 5ms, proxy.ts: 6ms, render: 19ms)
 GET /test-debt-trajectory 200 in 37ms (compile: 4ms, proxy.ts: 9ms, render: 24ms)
 GET /test-debt-trajectory 200 in 33ms (compile: 5ms, proxy.ts: 5ms, render: 22ms)
 GET /test-debt-trajectory 200 in 54ms (compile: 3ms, proxy.ts: 5ms, render: 46ms)
 GET /test-debt-trajectory 200 in 29ms (compile: 4ms, proxy.ts: 4ms, render: 20ms)
 GET /test-debt-trajectory 200 in 30ms (compile: 4ms, proxy.ts: 4ms, render: 23ms)
 GET /test-debt-trajectory 200 in 30ms (compile: 5ms, proxy.ts: 7ms, render: 18ms)
 GET /test-debt-trajectory 200 in 31ms (compile: 3ms, proxy.ts: 4ms, render: 24ms)
 GET /test-debt-trajectory 200 in 30ms (compile: 5ms, proxy.ts: 9ms, render: 17ms)
 GET /test-debt-trajectory 200 in 26ms (compile: 2ms, proxy.ts: 4ms, render: 19ms)
 GET /test-debt-trajectory 200 in 28ms (compile: 4ms, proxy.ts: 4ms, render: 20ms)
 GET /test-debt-trajectory 200 in 36ms (compile: 4ms, proxy.ts: 5ms, render: 26ms)
 GET /test-debt-trajectory 200 in 41ms (compile: 8ms, proxy.ts: 10ms, render: 23ms)
 GET /test-debt-trajectory 200 in 31ms (compile: 3ms, proxy.ts: 6ms, render: 22ms)
 GET /test-debt-trajectory 200 in 27ms (compile: 4ms, proxy.ts: 6ms, render: 17ms)
 GET /test-debt-trajectory 200 in 27ms (compile: 3ms, proxy.ts: 5ms, render: 19ms)
 GET /test-debt-trajectory 200 in 26ms (compile: 2ms, proxy.ts: 5ms, render: 19ms)
 GET /test-debt-trajectory 200 in 29ms (compile: 5ms, proxy.ts: 5ms, render: 19ms)
 GET /test-debt-trajectory 200 in 27ms (compile: 3ms, proxy.ts: 6ms, render: 18ms)
 GET /test-debt-trajectory 200 in 36ms (compile: 3ms, proxy.ts: 4ms, render: 30ms)
 GET /test-debt-trajectory 200 in 24ms (compile: 3ms, proxy.ts: 5ms, render: 17ms)
 GET /test-debt-trajectory 200 in 22ms (compile: 3ms, proxy.ts: 4ms, render: 16ms)
 GET /test-debt-trajectory 200 in 25ms (compile: 5ms, proxy.ts: 4ms, render: 16ms)
 GET /test-debt-trajectory 200 in 28ms (compile: 3ms, proxy.ts: 5ms, render: 20ms)
 GET /test-debt-trajectory 200 in 33ms (compile: 4ms, proxy.ts: 6ms, render: 23ms)
 GET /test-debt-trajectory 200 in 30ms (compile: 4ms, proxy.ts: 7ms, render: 20ms)
 GET /test-debt-trajectory 200 in 28ms (compile: 3ms, proxy.ts: 4ms, render: 20ms)
 GET /test-debt-trajectory 200 in 25ms (compile: 4ms, proxy.ts: 4ms, render: 17ms)
 GET /test-debt-trajectory 200 in 26ms (compile: 2ms, proxy.ts: 6ms, render: 18ms)
 GET /test-debt-trajectory 200 in 27ms (compile: 3ms, proxy.ts: 4ms, render: 20ms)
 GET /test-debt-trajectory 200 in 32ms (compile: 5ms, proxy.ts: 4ms, render: 23ms)
 GET /test-debt-trajectory 200 in 21ms (compile: 3ms, proxy.ts: 4ms, render: 15ms)
 GET /test-debt-trajectory 200 in 27ms (compile: 2ms, proxy.ts: 4ms, render: 21ms)
 GET /test-debt-trajectory 200 in 30ms (compile: 5ms, proxy.ts: 6ms, render: 20ms)
 GET /test-debt-trajectory 200 in 26ms (compile: 2ms, proxy.ts: 6ms, render: 18ms)
 GET /test-debt-trajectory 200 in 35ms (compile: 3ms, proxy.ts: 4ms, render: 29ms)
 GET /test-debt-trajectory 200 in 25ms (compile: 3ms, proxy.ts: 4ms, render: 18ms)
 GET /test-debt-trajectory 200 in 23ms (compile: 3ms, proxy.ts: 4ms, render: 16ms)
 GET /test-debt-trajectory 200 in 34ms (compile: 3ms, proxy.ts: 4ms, render: 27ms)
 GET /test-debt-trajectory 200 in 28ms (compile: 4ms, proxy.ts: 4ms, render: 20ms)
 GET /test-debt-trajectory 200 in 31ms (compile: 3ms, proxy.ts: 8ms, render: 21ms)
 GET /test-debt-trajectory 200 in 26ms (compile: 3ms, proxy.ts: 4ms, render: 19ms)
 GET /test-debt-trajectory 200 in 32ms (compile: 5ms, proxy.ts: 4ms, render: 23ms)
 GET /test-debt-trajectory 200 in 24ms (compile: 3ms, proxy.ts: 4ms, render: 17ms)
 GET /test-debt-trajectory 200 in 31ms (compile: 3ms, proxy.ts: 5ms, render: 23ms)
 GET /test-debt-trajectory 200 in 32ms (compile: 5ms, proxy.ts: 7ms, render: 20ms)
 GET /test-debt-trajectory 200 in 33ms (compile: 3ms, proxy.ts: 9ms, render: 21ms)
 GET /test-debt-trajectory 200 in 25ms (compile: 3ms, proxy.ts: 5ms, render: 17ms)
 GET /test-debt-trajectory 200 in 24ms (compile: 3ms, proxy.ts: 5ms, render: 16ms)
 GET /test-debt-trajectory 200 in 29ms (compile: 3ms, proxy.ts: 7ms, render: 19ms)
 GET /test-debt-trajectory 200 in 25ms (compile: 3ms, proxy.ts: 4ms, render: 19ms)
 GET /test-debt-trajectory 200 in 37ms (compile: 4ms, proxy.ts: 6ms, render: 27ms)
 GET /test-debt-trajectory 200 in 30ms (compile: 3ms, proxy.ts: 4ms, render: 23ms)
 GET /test-debt-trajectory 200 in 26ms (compile: 3ms, proxy.ts: 5ms, render: 17ms)
 GET /test-debt-trajectory 200 in 30ms (compile: 3ms, proxy.ts: 6ms, render: 22ms)
 GET /test-debt-trajectory 200 in 27ms (compile: 2ms, proxy.ts: 8ms, render: 17ms)
 GET /test-debt-trajectory 200 in 26ms (compile: 3ms, proxy.ts: 5ms, render: 18ms)
 GET /test-debt-trajectory 200 in 30ms (compile: 4ms, proxy.ts: 5ms, render: 21ms)
 GET /test-debt-trajectory 200 in 25ms (compile: 3ms, proxy.ts: 6ms, render: 17ms)
 GET /test-debt-trajectory 200 in 27ms (compile: 3ms, proxy.ts: 4ms, render: 19ms)
 GET /test-debt-trajectory 200 in 26ms (compile: 3ms, proxy.ts: 4ms, render: 18ms)
 GET /test-debt-trajectory 200 in 28ms (compile: 4ms, proxy.ts: 6ms, render: 19ms)
 GET /test-debt-trajectory 200 in 26ms (compile: 3ms, proxy.ts: 6ms, render: 17ms)
 GET /test-debt-trajectory 200 in 24ms (compile: 3ms, proxy.ts: 4ms, render: 17ms)
 GET /test-debt-trajectory 200 in 29ms (compile: 3ms, proxy.ts: 7ms, render: 19ms)
 GET /test-debt-trajectory 200 in 31ms (compile: 4ms, proxy.ts: 5ms, render: 22ms)
 GET /test-debt-trajectory 200 in 30ms (compile: 5ms, proxy.ts: 5ms, render: 20ms)
 GET /test-debt-trajectory 200 in 35ms (compile: 3ms, proxy.ts: 5ms, render: 28ms)
 GET /test-debt-trajectory 200 in 28ms (compile: 3ms, proxy.ts: 5ms, render: 20ms)
 GET /test-debt-trajectory 200 in 30ms (compile: 3ms, proxy.ts: 5ms, render: 22ms)
 GET /test-debt-trajectory 200 in 30ms (compile: 5ms, proxy.ts: 6ms, render: 19ms)
 GET /test-debt-trajectory 200 in 24ms (compile: 2ms, proxy.ts: 5ms, render: 17ms)
 GET /test-debt-trajectory 200 in 26ms (compile: 4ms, proxy.ts: 5ms, render: 18ms)
 GET /test-debt-trajectory 200 in 29ms (compile: 2ms, proxy.ts: 6ms, render: 20ms)
 GET /test-debt-trajectory 200 in 22ms (compile: 3ms, proxy.ts: 3ms, render: 16ms)
 GET /test-debt-trajectory 200 in 31ms (compile: 4ms, proxy.ts: 5ms, render: 22ms)
 GET /test-debt-trajectory 200 in 27ms (compile: 3ms, proxy.ts: 6ms, render: 17ms)
 GET /test-debt-trajectory 200 in 23ms (compile: 2ms, proxy.ts: 4ms, render: 17ms)
 GET /test-debt-trajectory 200 in 28ms (compile: 4ms, proxy.ts: 5ms, render: 19ms)
 GET /test-debt-trajectory 200 in 29ms (compile: 3ms, proxy.ts: 5ms, render: 21ms)
 GET /test-debt-trajectory 200 in 29ms (compile: 4ms, proxy.ts: 6ms, render: 19ms)
 GET /test-debt-trajectory 200 in 27ms (compile: 2ms, proxy.ts: 6ms, render: 19ms)
 GET /test-debt-trajectory 200 in 28ms (compile: 3ms, proxy.ts: 5ms, render: 20ms)
 GET /test-debt-trajectory 200 in 35ms (compile: 4ms, proxy.ts: 5ms, render: 26ms)
 GET /test-debt-trajectory 200 in 23ms (compile: 2ms, proxy.ts: 4ms, render: 16ms)
 GET /test-debt-trajectory 200 in 28ms (compile: 4ms, proxy.ts: 4ms, render: 20ms)
 GET /test-debt-trajectory 200 in 24ms (compile: 2ms, proxy.ts: 5ms, render: 16ms)
 GET /test-debt-trajectory 200 in 24ms (compile: 2ms, proxy.ts: 5ms, render: 17ms)
 GET /test-debt-trajectory 200 in 25ms (compile: 3ms, proxy.ts: 6ms, render: 16ms)
 GET /test-debt-trajectory 200 in 27ms (compile: 3ms, proxy.ts: 6ms, render: 18ms)
 GET /test-debt-trajectory 200 in 29ms (compile: 4ms, proxy.ts: 4ms, render: 21ms)
 GET /test-debt-trajectory 200 in 30ms (compile: 4ms, proxy.ts: 6ms, render: 19ms)
 GET /test-debt-trajectory 200 in 28ms (compile: 3ms, proxy.ts: 4ms, render: 21ms)
 GET /test-debt-trajectory 200 in 28ms (compile: 4ms, proxy.ts: 5ms, render: 19ms)
 GET /test-debt-trajectory 200 in 25ms (compile: 4ms, proxy.ts: 6ms, render: 15ms)
 GET /test-debt-trajectory 200 in 24ms (compile: 3ms, proxy.ts: 4ms, render: 18ms)
 GET /test-debt-trajectory 200 in 26ms (compile: 3ms, proxy.ts: 5ms, render: 18ms)
 GET /test-debt-trajectory 200 in 24ms (compile: 2ms, proxy.ts: 7ms, render: 15ms)
 GET /test-debt-trajectory 200 in 22ms (compile: 3ms, proxy.ts: 4ms, render: 15ms)
 GET /test-debt-trajectory 200 in 37ms (compile: 2ms, proxy.ts: 4ms, render: 30ms)
 GET /test-debt-trajectory 200 in 28ms (compile: 3ms, proxy.ts: 5ms, render: 20ms)
 GET /test-debt-trajectory 200 in 27ms (compile: 4ms, proxy.ts: 4ms, render: 19ms)
 GET /test-debt-trajectory 200 in 29ms (compile: 3ms, proxy.ts: 5ms, render: 20ms)
 GET /test-debt-trajectory 200 in 28ms (compile: 3ms, proxy.ts: 5ms, render: 20ms)
 GET /test-debt-trajectory 200 in 27ms (compile: 5ms, proxy.ts: 6ms, render: 16ms)
 GET /test-debt-trajectory 200 in 26ms (compile: 2ms, proxy.ts: 6ms, render: 18ms)
 GET /test-debt-trajectory 200 in 24ms (compile: 3ms, proxy.ts: 4ms, render: 17ms)
 GET /test-debt-trajectory 200 in 22ms (compile: 3ms, proxy.ts: 4ms, render: 16ms)
 GET /test-debt-trajectory 200 in 27ms (compile: 3ms, proxy.ts: 5ms, render: 19ms)
 GET /test-debt-trajectory 200 in 28ms (compile: 3ms, proxy.ts: 5ms, render: 20ms)
 GET /test-debt-trajectory 200 in 28ms (compile: 3ms, proxy.ts: 4ms, render: 21ms)
 GET /test-debt-trajectory 200 in 30ms (compile: 6ms, proxy.ts: 5ms, render: 19ms)
 GET /test-debt-trajectory 200 in 24ms (compile: 3ms, proxy.ts: 4ms, render: 17ms)
 GET /test-debt-trajectory 200 in 26ms (compile: 3ms, proxy.ts: 5ms, render: 18ms)
 GET /test-debt-trajectory 200 in 23ms (compile: 2ms, proxy.ts: 5ms, render: 16ms)
 GET /test-debt-trajectory 200 in 36ms (compile: 2ms, proxy.ts: 4ms, render: 29ms)
 GET /test-debt-trajectory 200 in 26ms (compile: 4ms, proxy.ts: 6ms, render: 16ms)
 GET /test-debt-trajectory 200 in 21ms (compile: 2ms, proxy.ts: 4ms, render: 15ms)
 GET /test-debt-trajectory 200 in 26ms (compile: 2ms, proxy.ts: 3ms, render: 21ms)
 GET /test-debt-trajectory 200 in 27ms (compile: 5ms, proxy.ts: 6ms, render: 16ms)
 GET /test-debt-trajectory 200 in 27ms (compile: 2ms, proxy.ts: 5ms, render: 20ms)
 GET /test-debt-trajectory 200 in 29ms (compile: 4ms, proxy.ts: 4ms, render: 21ms)
 GET /test-debt-trajectory 200 in 27ms (compile: 3ms, proxy.ts: 5ms, render: 19ms)
 GET /test-debt-trajectory 200 in 25ms (compile: 3ms, proxy.ts: 3ms, render: 19ms)
 GET /test-debt-trajectory 200 in 26ms (compile: 4ms, proxy.ts: 5ms, render: 17ms)
 GET /test-debt-trajectory 200 in 30ms (compile: 3ms, proxy.ts: 6ms, render: 21ms)
 GET /test-debt-trajectory 200 in 31ms (compile: 3ms, proxy.ts: 6ms, render: 21ms)
 GET /test-debt-trajectory 200 in 28ms (compile: 2ms, proxy.ts: 6ms, render: 20ms)
✓ Compiled in 1ms
 GET /test-debt-trajectory 200 in 78ms (compile: 3ms, proxy.ts: 4ms, render: 70ms)
 GET /test-debt-trajectory 200 in 174ms (compile: 95ms, proxy.ts: 51ms, render: 28ms)
 GET /test-debt-trajectory 200 in 37ms (compile: 5ms, proxy.ts: 12ms, render: 21ms)
 GET /test-debt-trajectory 200 in 28ms (compile: 3ms, proxy.ts: 7ms, render: 18ms)
 GET /test-debt-trajectory 200 in 29ms (compile: 4ms, proxy.ts: 4ms, render: 20ms)
 GET /test-debt-trajectory 200 in 24ms (compile: 3ms, proxy.ts: 6ms, render: 15ms)
 GET /test-debt-trajectory 200 in 23ms (compile: 2ms, proxy.ts: 4ms, render: 17ms)
 GET /test-debt-trajectory 200 in 25ms (compile: 2ms, proxy.ts: 4ms, render: 18ms)
 GET /test-debt-trajectory 200 in 32ms (compile: 3ms, proxy.ts: 7ms, render: 22ms)
 GET /test-debt-trajectory 200 in 28ms (compile: 3ms, proxy.ts: 5ms, render: 19ms)
 GET /test-debt-trajectory 200 in 27ms (compile: 5ms, proxy.ts: 5ms, render: 17ms)
 GET /test-debt-trajectory 200 in 28ms (compile: 2ms, proxy.ts: 6ms, render: 20ms)
 GET /test-debt-trajectory 200 in 25ms (compile: 3ms, proxy.ts: 6ms, render: 16ms)
 GET /test-debt-trajectory 200 in 26ms (compile: 3ms, proxy.ts: 7ms, render: 17ms)
 GET /test-debt-trajectory 200 in 27ms (compile: 2ms, proxy.ts: 5ms, render: 20ms)
 GET /test-debt-trajectory 200 in 29ms (compile: 3ms, proxy.ts: 5ms, render: 21ms)
 GET /test-debt-trajectory 200 in 36ms (compile: 3ms, proxy.ts: 6ms, render: 27ms)
 GET /test-debt-trajectory 200 in 32ms (compile: 4ms, proxy.ts: 12ms, render: 16ms)
 GET /test-debt-trajectory 200 in 29ms (compile: 2ms, proxy.ts: 6ms, render: 21ms)
 GET /test-debt-trajectory 200 in 29ms (compile: 4ms, proxy.ts: 4ms, render: 21ms)
 GET /test-debt-trajectory 200 in 32ms (compile: 3ms, proxy.ts: 7ms, render: 22ms)
 GET /test-debt-trajectory 200 in 32ms (compile: 4ms, proxy.ts: 5ms, render: 22ms)
 GET /test-debt-trajectory 200 in 26ms (compile: 4ms, proxy.ts: 5ms, render: 17ms)
 GET /test-debt-trajectory 200 in 23ms (compile: 2ms, proxy.ts: 5ms, render: 16ms)
 GET /test-debt-trajectory 200 in 23ms (compile: 3ms, proxy.ts: 5ms, render: 16ms)
 GET /test-debt-trajectory 200 in 27ms (compile: 3ms, proxy.ts: 7ms, render: 17ms)
 GET /test-debt-trajectory 200 in 24ms (compile: 2ms, proxy.ts: 4ms, render: 18ms)
 GET /test-debt-trajectory 200 in 27ms (compile: 3ms, proxy.ts: 5ms, render: 19ms)
 GET /test-debt-trajectory 200 in 29ms (compile: 3ms, proxy.ts: 8ms, render: 18ms)
 GET /test-debt-trajectory 200 in 26ms (compile: 4ms, proxy.ts: 4ms, render: 18ms)
 GET /test-debt-trajectory 200 in 31ms (compile: 3ms, proxy.ts: 5ms, render: 22ms)
 GET /test-debt-trajectory 200 in 27ms (compile: 4ms, proxy.ts: 7ms, render: 16ms)
 GET /test-debt-trajectory 200 in 35ms (compile: 3ms, proxy.ts: 4ms, render: 28ms)
 GET /test-debt-trajectory 200 in 37ms (compile: 2ms, proxy.ts: 14ms, render: 20ms)
 GET /test-debt-trajectory 200 in 29ms (compile: 3ms, proxy.ts: 6ms, render: 20ms)
 GET /test-debt-trajectory 200 in 24ms (compile: 3ms, proxy.ts: 4ms, render: 17ms)
 GET /test-debt-trajectory 200 in 28ms (compile: 4ms, proxy.ts: 5ms, render: 19ms)
 GET /test-debt-trajectory 200 in 26ms (compile: 3ms, proxy.ts: 6ms, render: 17ms)
 GET /test-debt-trajectory 200 in 30ms (compile: 2ms, proxy.ts: 5ms, render: 22ms)
 GET /test-debt-trajectory 200 in 26ms (compile: 4ms, proxy.ts: 5ms, render: 16ms)
 GET /test-debt-trajectory 200 in 26ms (compile: 3ms, proxy.ts: 4ms, render: 19ms)
 GET /test-debt-trajectory 200 in 27ms (compile: 3ms, proxy.ts: 4ms, render: 20ms)
 GET /test-debt-trajectory 200 in 29ms (compile: 4ms, proxy.ts: 4ms, render: 20ms)
 GET /test-debt-trajectory 200 in 29ms (compile: 3ms, proxy.ts: 4ms, render: 22ms)
 GET /test-debt-trajectory 200 in 29ms (compile: 5ms, proxy.ts: 4ms, render: 20ms)
 GET /test-debt-trajectory 200 in 26ms (compile: 3ms, proxy.ts: 5ms, render: 17ms)
 GET /test-debt-trajectory 200 in 25ms (compile: 2ms, proxy.ts: 4ms, render: 19ms)
 GET /test-debt-trajectory 200 in 27ms (compile: 4ms, proxy.ts: 6ms, render: 17ms)
 GET /test-debt-trajectory 200 in 32ms (compile: 2ms, proxy.ts: 5ms, render: 25ms)
 GET /test-debt-trajectory 200 in 26ms (compile: 3ms, proxy.ts: 4ms, render: 20ms)
 GET /test-debt-trajectory 200 in 26ms (compile: 3ms, proxy.ts: 6ms, render: 17ms)
 GET /test-debt-trajectory 200 in 24ms (compile: 2ms, proxy.ts: 5ms, render: 17ms)
 GET /test-debt-trajectory 200 in 29ms (compile: 3ms, proxy.ts: 7ms, render: 19ms)
 GET /test-debt-trajectory 200 in 23ms (compile: 3ms, proxy.ts: 4ms, render: 16ms)
 GET /test-debt-trajectory 200 in 32ms (compile: 3ms, proxy.ts: 4ms, render: 25ms)
 GET /test-debt-trajectory 200 in 28ms (compile: 3ms, proxy.ts: 6ms, render: 19ms)
 GET /test-debt-trajectory 200 in 26ms (compile: 3ms, proxy.ts: 4ms, render: 19ms)
 GET /test-debt-trajectory 200 in 28ms (compile: 3ms, proxy.ts: 7ms, render: 18ms)
 GET /test-debt-trajectory 200 in 45ms (compile: 3ms, proxy.ts: 5ms, render: 37ms)
 GET /test-debt-trajectory 200 in 26ms (compile: 3ms, proxy.ts: 5ms, render: 19ms)
 GET /test-debt-trajectory 200 in 27ms (compile: 4ms, proxy.ts: 5ms, render: 19ms)
 GET /test-debt-trajectory 200 in 26ms (compile: 4ms, proxy.ts: 5ms, render: 17ms)
 GET /test-debt-trajectory 200 in 40ms (compile: 4ms, proxy.ts: 15ms, render: 20ms)
 GET /test-debt-trajectory 200 in 31ms (compile: 2ms, proxy.ts: 7ms, render: 22ms)
 GET /test-debt-trajectory 200 in 37ms (compile: 4ms, proxy.ts: 6ms, render: 28ms)
 GET /test-debt-trajectory 200 in 23ms (compile: 3ms, proxy.ts: 4ms, render: 17ms)
 GET /test-debt-trajectory 200 in 28ms (compile: 3ms, proxy.ts: 3ms, render: 22ms)
 GET /test-debt-trajectory 200 in 25ms (compile: 6ms, proxy.ts: 4ms, render: 14ms)
 GET /test-debt-trajectory 200 in 26ms (compile: 3ms, proxy.ts: 6ms, render: 18ms)
 GET /test-debt-trajectory 200 in 29ms (compile: 2ms, proxy.ts: 4ms, render: 22ms)
 GET /test-debt-trajectory 200 in 28ms (compile: 5ms, proxy.ts: 5ms, render: 19ms)
 GET /test-debt-trajectory 200 in 24ms (compile: 3ms, proxy.ts: 4ms, render: 17ms)
 GET /test-debt-trajectory 200 in 47ms (compile: 3ms, proxy.ts: 4ms, render: 40ms)
 GET /test-debt-trajectory 200 in 46ms (compile: 3ms, proxy.ts: 6ms, render: 36ms)
 GET /test-debt-trajectory 200 in 27ms (compile: 2ms, proxy.ts: 5ms, render: 20ms)
 GET /test-debt-trajectory 200 in 46ms (compile: 5ms, proxy.ts: 4ms, render: 37ms)
 GET /test-debt-trajectory 200 in 43ms (compile: 3ms, proxy.ts: 6ms, render: 35ms)
 GET /test-debt-trajectory 200 in 25ms (compile: 2ms, proxy.ts: 4ms, render: 19ms)
 GET /test-debt-trajectory 200 in 46ms (compile: 6ms, proxy.ts: 4ms, render: 36ms)
 GET /test-debt-trajectory 200 in 37ms (compile: 2ms, proxy.ts: 3ms, render: 32ms)
 GET /test-debt-trajectory 200 in 50ms (compile: 2ms, proxy.ts: 3ms, render: 45ms)
 GET /test-debt-trajectory 200 in 45ms (compile: 2ms, proxy.ts: 4ms, render: 38ms)
 GET /test-debt-trajectory 200 in 46ms (compile: 3ms, proxy.ts: 3ms, render: 40ms)
 GET /test-debt-trajectory 200 in 31ms (compile: 5ms, proxy.ts: 4ms, render: 21ms)
 GET /test-debt-trajectory 200 in 28ms (compile: 3ms, proxy.ts: 4ms, render: 21ms)
 GET /test-debt-trajectory 200 in 29ms (compile: 4ms, proxy.ts: 4ms, render: 21ms)
 GET /test-debt-trajectory 200 in 30ms (compile: 3ms, proxy.ts: 6ms, render: 21ms)
 GET /test-debt-trajectory 200 in 42ms (compile: 3ms, proxy.ts: 4ms, render: 35ms)
 GET /test-debt-trajectory 200 in 42ms (compile: 2ms, proxy.ts: 4ms, render: 36ms)
 GET /test-debt-trajectory 200 in 43ms (compile: 2ms, proxy.ts: 5ms, render: 36ms)
 GET /test-debt-trajectory 200 in 46ms (compile: 2ms, proxy.ts: 5ms, render: 40ms)
 GET /test-debt-trajectory 200 in 49ms (compile: 2ms, proxy.ts: 4ms, render: 43ms)
 GET /test-debt-trajectory 200 in 42ms (compile: 2ms, proxy.ts: 4ms, render: 36ms)
 GET /test-debt-trajectory 200 in 39ms (compile: 1977µs, proxy.ts: 3ms, render: 34ms)
 GET /test-debt-trajectory 200 in 37ms (compile: 3ms, proxy.ts: 3ms, render: 31ms)
 GET /test-debt-trajectory 200 in 26ms (compile: 4ms, proxy.ts: 4ms, render: 18ms)
 GET /test-debt-trajectory 200 in 34ms (compile: 3ms, proxy.ts: 5ms, render: 27ms)
 GET /test-debt-trajectory 200 in 25ms (compile: 4ms, proxy.ts: 3ms, render: 18ms)
 GET /test-debt-trajectory 200 in 26ms (compile: 3ms, proxy.ts: 5ms, render: 19ms)
 GET /test-debt-trajectory 200 in 30ms (compile: 3ms, proxy.ts: 4ms, render: 22ms)
 GET /test-debt-trajectory 200 in 28ms (compile: 6ms, proxy.ts: 4ms, render: 18ms)
 GET /test-debt-trajectory 200 in 29ms (compile: 3ms, proxy.ts: 5ms, render: 21ms)
 GET /test-debt-trajectory 200 in 32ms (compile: 3ms, proxy.ts: 6ms, render: 22ms)
 GET /test-debt-trajectory 200 in 28ms (compile: 3ms, proxy.ts: 5ms, render: 19ms)
 GET /test-debt-trajectory 200 in 28ms (compile: 2ms, proxy.ts: 7ms, render: 19ms)
 GET /test-debt-trajectory 200 in 43ms (compile: 3ms, proxy.ts: 3ms, render: 37ms)
 GET /test-debt-trajectory 200 in 45ms (compile: 2ms, proxy.ts: 3ms, render: 40ms)
 GET /test-debt-trajectory 200 in 29ms (compile: 3ms, proxy.ts: 6ms, render: 20ms)
 GET /test-debt-trajectory 200 in 30ms (compile: 3ms, proxy.ts: 4ms, render: 24ms)
 GET /test-debt-trajectory 200 in 30ms (compile: 4ms, proxy.ts: 5ms, render: 20ms)
 GET /test-debt-trajectory 200 in 26ms (compile: 3ms, proxy.ts: 4ms, render: 20ms)
 GET /test-debt-trajectory 200 in 23ms (compile: 4ms, proxy.ts: 4ms, render: 16ms)
 GET /test-debt-trajectory 200 in 34ms (compile: 4ms, proxy.ts: 4ms, render: 26ms)
 GET /test-debt-trajectory 200 in 38ms (compile: 3ms, proxy.ts: 4ms, render: 31ms)
 GET /test-debt-trajectory 200 in 26ms (compile: 3ms, proxy.ts: 4ms, render: 18ms)
 GET /test-debt-trajectory 200 in 39ms (compile: 3ms, proxy.ts: 4ms, render: 33ms)
 GET /test-debt-trajectory 200 in 39ms (compile: 2ms, proxy.ts: 4ms, render: 33ms)
 GET /test-debt-trajectory 200 in 43ms (compile: 3ms, proxy.ts: 3ms, render: 38ms)
 GET /test-debt-trajectory 200 in 46ms (compile: 4ms, proxy.ts: 3ms, render: 38ms)
 GET /test-debt-trajectory 200 in 30ms (compile: 2ms, proxy.ts: 4ms, render: 23ms)
 GET /test-debt-trajectory 200 in 45ms (compile: 4ms, proxy.ts: 5ms, render: 37ms)
 GET /test-debt-trajectory 200 in 26ms (compile: 3ms, proxy.ts: 5ms, render: 18ms)
 GET /test-debt-trajectory 200 in 25ms (compile: 3ms, proxy.ts: 3ms, render: 19ms)
 GET /test-debt-trajectory 200 in 33ms (compile: 4ms, proxy.ts: 5ms, render: 23ms)
 GET /test-debt-trajectory 200 in 28ms (compile: 3ms, proxy.ts: 5ms, render: 20ms)
 GET /test-debt-trajectory 200 in 40ms (compile: 5ms, proxy.ts: 4ms, render: 31ms)
 GET /test-debt-trajectory 200 in 91ms (compile: 16ms, proxy.ts: 7ms, render: 68ms)
 GET /test-debt-trajectory 200 in 46ms (compile: 5ms, proxy.ts: 9ms, render: 32ms)
 GET /test-debt-trajectory 200 in 48ms (compile: 4ms, proxy.ts: 8ms, render: 36ms)
 GET /test-debt-trajectory 200 in 35ms (compile: 4ms, proxy.ts: 7ms, render: 23ms)
 GET /test-debt-trajectory 200 in 169ms (compile: 6ms, proxy.ts: 5ms, render: 158ms)
 GET /test-debt-trajectory 200 in 188ms (compile: 9ms, proxy.ts: 6ms, render: 173ms)
 GET /test-debt-trajectory 200 in 91ms (compile: 9ms, proxy.ts: 12ms, render: 70ms)
 GET / 200 in 253ms (compile: 33ms, proxy.ts: 8ms, render: 212ms)
 GET /test-debt-trajectory 200 in 81ms (compile: 9ms, proxy.ts: 9ms, render: 63ms)
 GET /test-debt-trajectory 200 in 84ms (compile: 6ms, proxy.ts: 13ms, render: 65ms)
 GET /test-debt-trajectory 200 in 81ms (compile: 7ms, proxy.ts: 11ms, render: 63ms)
 GET /test-debt-trajectory 200 in 78ms (compile: 6ms, proxy.ts: 9ms, render: 63ms)
 GET /test-debt-trajectory 200 in 70ms (compile: 9ms, proxy.ts: 9ms, render: 52ms)
 GET /test-debt-trajectory 200 in 37ms (compile: 3ms, proxy.ts: 9ms, render: 25ms)
 GET /test-debt-trajectory 200 in 79ms (compile: 7ms, proxy.ts: 5ms, render: 67ms)
 GET /test-debt-trajectory 200 in 44ms (compile: 5ms, proxy.ts: 7ms, render: 31ms)
 GET /test-debt-trajectory 200 in 63ms (compile: 4ms, proxy.ts: 7ms, render: 52ms)
 GET /test-debt-trajectory 200 in 62ms (compile: 3ms, proxy.ts: 6ms, render: 52ms)
 GET /test-debt-trajectory 200 in 41ms (compile: 4ms, proxy.ts: 9ms, render: 28ms)
 GET /test-debt-trajectory 200 in 35ms (compile: 5ms, proxy.ts: 8ms, render: 23ms)
 GET /test-debt-trajectory 200 in 31ms (compile: 5ms, proxy.ts: 4ms, render: 21ms)
 GET /test-debt-trajectory 200 in 26ms (compile: 3ms, proxy.ts: 5ms, render: 18ms)
 GET /test-debt-trajectory 200 in 31ms (compile: 5ms, proxy.ts: 5ms, render: 21ms)
 GET /test-debt-trajectory 200 in 30ms (compile: 4ms, proxy.ts: 6ms, render: 20ms)
 GET /test-debt-trajectory 200 in 34ms (compile: 4ms, proxy.ts: 6ms, render: 23ms)
 GET /test-debt-trajectory 200 in 31ms (compile: 4ms, proxy.ts: 5ms, render: 22ms)
 GET /test-debt-trajectory 200 in 36ms (compile: 3ms, proxy.ts: 7ms, render: 25ms)
 GET /test-debt-trajectory 200 in 35ms (compile: 6ms, proxy.ts: 6ms, render: 24ms)
 GET /test-debt-trajectory 200 in 33ms (compile: 4ms, proxy.ts: 4ms, render: 25ms)
 GET /test-debt-trajectory 200 in 40ms (compile: 4ms, proxy.ts: 5ms, render: 31ms)
 GET /test-debt-trajectory 200 in 58ms (compile: 4ms, proxy.ts: 4ms, render: 50ms)
 GET /test-debt-trajectory 200 in 71ms (compile: 4ms, proxy.ts: 7ms, render: 61ms)
 GET /test-debt-trajectory 200 in 49ms (compile: 6ms, proxy.ts: 12ms, render: 32ms)
 GET /test-debt-trajectory 200 in 37ms (compile: 6ms, proxy.ts: 6ms, render: 25ms)
 GET /test-debt-trajectory 200 in 35ms (compile: 4ms, proxy.ts: 7ms, render: 24ms)
 GET /test-debt-trajectory 200 in 37ms (compile: 5ms, proxy.ts: 6ms, render: 27ms)
 GET /test-debt-trajectory 200 in 38ms (compile: 5ms, proxy.ts: 7ms, render: 26ms)
 GET /test-debt-trajectory 200 in 32ms (compile: 4ms, proxy.ts: 8ms, render: 20ms)
 GET /test-debt-trajectory 200 in 34ms (compile: 5ms, proxy.ts: 5ms, render: 24ms)
 GET /test-debt-trajectory 200 in 37ms (compile: 4ms, proxy.ts: 5ms, render: 28ms)
 GET /test-debt-trajectory 200 in 38ms (compile: 4ms, proxy.ts: 8ms, render: 26ms)
 GET /test-debt-trajectory 200 in 38ms (compile: 6ms, proxy.ts: 7ms, render: 26ms)
 GET /test-debt-trajectory 200 in 43ms (compile: 6ms, proxy.ts: 5ms, render: 32ms)
 GET /test-debt-trajectory 200 in 37ms (compile: 6ms, proxy.ts: 5ms, render: 26ms)
 GET /test-debt-trajectory 200 in 33ms (compile: 7ms, proxy.ts: 5ms, render: 21ms)
 GET /test-debt-trajectory 200 in 42ms (compile: 3ms, proxy.ts: 6ms, render: 33ms)
 GET /test-debt-trajectory 200 in 33ms (compile: 4ms, proxy.ts: 9ms, render: 19ms)
 GET /test-debt-trajectory 200 in 111ms (compile: 5ms, proxy.ts: 6ms, render: 100ms)
 GET /test-debt-trajectory 200 in 107ms (compile: 3ms, proxy.ts: 5ms, render: 98ms)
 GET /test-debt-trajectory 200 in 32ms (compile: 3ms, proxy.ts: 8ms, render: 21ms)
 GET /test-debt-trajectory 200 in 30ms (compile: 5ms, proxy.ts: 4ms, render: 20ms)
 GET /test-debt-trajectory 200 in 34ms (compile: 3ms, proxy.ts: 5ms, render: 26ms)
 GET /test-debt-trajectory 200 in 30ms (compile: 4ms, proxy.ts: 7ms, render: 20ms)
 GET /test-debt-trajectory 200 in 32ms (compile: 3ms, proxy.ts: 5ms, render: 24ms)
 GET /test-debt-trajectory 200 in 30ms (compile: 3ms, proxy.ts: 7ms, render: 20ms)
 GET /test-debt-trajectory 200 in 31ms (compile: 4ms, proxy.ts: 4ms, render: 23ms)
 GET /test-debt-trajectory 200 in 31ms (compile: 4ms, proxy.ts: 6ms, render: 21ms)
 GET /test-debt-trajectory 200 in 33ms (compile: 3ms, proxy.ts: 4ms, render: 25ms)
 GET /test-debt-trajectory 200 in 24ms (compile: 3ms, proxy.ts: 6ms, render: 15ms)
 GET /test-debt-trajectory 200 in 39ms (compile: 3ms, proxy.ts: 4ms, render: 33ms)
 GET /test-debt-trajectory 200 in 36ms (compile: 6ms, proxy.ts: 4ms, render: 26ms)
 GET /test-debt-trajectory 200 in 36ms (compile: 5ms, proxy.ts: 4ms, render: 27ms)
 GET /test-debt-trajectory 200 in 36ms (compile: 4ms, proxy.ts: 6ms, render: 26ms)
 GET /test-debt-trajectory 200 in 32ms (compile: 4ms, proxy.ts: 7ms, render: 21ms)
 GET /test-debt-trajectory 200 in 31ms (compile: 6ms, proxy.ts: 4ms, render: 22ms)
 GET /test-debt-trajectory 200 in 32ms (compile: 2ms, proxy.ts: 4ms, render: 25ms)
 GET /test-debt-trajectory 200 in 28ms (compile: 3ms, proxy.ts: 6ms, render: 18ms)
 GET /test-debt-trajectory 200 in 24ms (compile: 2ms, proxy.ts: 4ms, render: 18ms)
 GET /test-debt-trajectory 200 in 28ms (compile: 4ms, proxy.ts: 6ms, render: 18ms)
 GET /test-debt-trajectory 200 in 52ms (compile: 3ms, proxy.ts: 5ms, render: 43ms)
 GET /test-debt-trajectory 200 in 28ms (compile: 3ms, proxy.ts: 5ms, render: 20ms)
 GET /test-debt-trajectory 200 in 25ms (compile: 3ms, proxy.ts: 4ms, render: 18ms)
 GET /test-debt-trajectory 200 in 29ms (compile: 3ms, proxy.ts: 8ms, render: 18ms)
 GET /test-debt-trajectory 200 in 24ms (compile: 2ms, proxy.ts: 5ms, render: 17ms)
 GET /test-debt-trajectory 200 in 40ms (compile: 5ms, proxy.ts: 5ms, render: 30ms)
 GET /api/badges/verify 200 in 806ms (compile: 58ms, proxy.ts: 5ms, render: 743ms)
 GET /test-debt-trajectory 200 in 66ms (compile: 5ms, proxy.ts: 4ms, render: 57ms)
 GET /test-debt-trajectory 200 in 39ms (compile: 4ms, proxy.ts: 7ms, render: 28ms)
 GET /test-debt-trajectory 200 in 37ms (compile: 5ms, proxy.ts: 8ms, render: 25ms)
 GET /test-badge-grid 200 in 384ms (compile: 322ms, proxy.ts: 5ms, render: 57ms)
[?25h
